사원번호,이름,성별,나이,생년월일,주민등록번호,병역,입사일,근속기간,학력,출신대학,학점,채용경로,계약형태,이전직장명,이전최종직급,이전담당업무,회사명,사업장위치,부서,팀,부서레벨,직급,직책,직급레벨,퇴직구분,퇴직일자,이메일,전화번호,주소,연봉,잔업시간,미사용휴가일수,급여은행,계좌번호,4대보험가입여부,성과점수,인사고과_2020,인사고과_2021,인사고과_2022,인사고과_2023,인사고과_2024,자격증,TOEIC점수,자격증수당여부,포상이력,징계이력,징계사유
EMP0001,지준서,남,30,1997-09-19,970919-1367382,군필,2024-05-02,2,대졸,연세대학교,3.7,추천,정규직,,,,두리안정보기술,서울 강남,마케팅부,브랜드팀,1,사원,팀원,1,,,jijunseo16@nate.com,010-1647-2192,서울시 마포구 합정동,32000000,10,14,우리은행,1002-324-124157,가입,62,,,,,C,,713,비해당,,,
EMP0002,심건우,남,31,1996-12-04,961204-1373441,군필,2023-04-07,3,고졸,,,인턴전환,계약직,,,,두리안정보기술,서울 강남,인사부,채용팀,3,대리,팀원,1,,,shimgunwoo82@hanmail.net,010-6530-5216,경기도 성남시 분당구 판교동,45000000,14,6,기업은행,030-10-433218,가입,72,,,,B,C,,711,비해당,공로상,,
EMP0003,남지유,여,46,1981-09-16,810916-2661762,해당없음,2009-03-24,17,대졸,건국대학교,3.6,공채,정규직,,,,두리안정보기술,서울 여의도,기획부,전략기획팀,1,부장,팀원,2,,,namjiyu_209@naver.com,010-9625-5135,서울시 노원구 상계동,80000000,12,13,하나은행,200-686568-0403,가입,90,A,A,A,B,A,,772,비해당,,정직,업무태만
EMP0004,배하린,여,33,1994-12-08,941208-2148823,해당없음,2020-10-08,5,전문대졸,영진전문대학교,3.3,추천,정규직,,,,두리안정보기술,서울 여의도,개발부,백엔드팀,1,대리,팀원,1,자발적퇴직,2025-09-16,baeharin.4@naver.com,010-7525-2260,서울시 강동구 천호동,46200000,20,1,우리은행,1006-097-306318,가입,76,B,C,D,C,B,리눅스마스터,,해당,,,
EMP0005,주민재,남,37,1990-07-25,900725-1186023,군필,2015-09-11,10,대졸,부산대학교,3.2,공채,정규직,,,,두리안정보기술,서울 강남,인사부,채용팀,3,과장,팀원,1,,,juminjae95@gmail.com,010-6050-8286,서울시 노원구 상계동,59000000,20,4,카카오뱅크,333-63-3362450,가입,80,B,B,B,B,B,빅데이터분석기사,816,해당,,,
EMP0006,조수아,여,26,2001-09-17,010917-4275329,해당없음,2024-08-18,1,대졸,고려대학교,3.4,공채,계약직,,,,두리안정보기술,서울 강남,개발부,백엔드팀,1,사원,팀원,1,,,josua_901@nate.com,010-9123-4203,서울시 강서구 마곡동,39600000,9,9,카카오뱅크,333-16-4559337,가입,73,,,,,C,빅데이터분석기사,637,해당,,,
EMP0007,장재원,남,30,1997-06-15,970615-1559753,군필,2024-10-13,1,대학원졸,중앙대학교,3.2,경력,정규직,네이버,과장,프로젝트관리,두리안정보기술,서울 강남,마케팅부,디지털마케팅팀,1,사원,팀원,1,,,jangjaewon_611@daum.net,010-3525-7932,서울시 은평구 불광동,35000000,18,13,하나은행,162-234827-3426,가입,62,,,,,C,,987,비해당,,,
EMP0008,유재현,남,40,1987-12-14,871214-1821068,군필,2017-09-17,8,고졸,,,공채,정규직,,,,두리안정보기술,경기 판교,개발부,AI팀,1,과장,팀원,1,,,yoojaehyun54@gmail.com,010-5840-7815,서울시 강남구 논현동,61600000,25,12,기업은행,010-96-001338,가입,79,B,B,C,B,C,정보처리기사,613,해당,,,
EMP0009,방준서,남,31,1996-04-17,960417-1295440,미필,2021-08-26,4,대졸,고려대학교,3,추천,계약직,,,,두리안정보기술,서울 강남,영업부,해외영업팀,1,대리,팀원,1,,,bangjunseo_706@naver.com,010-5560-2025,경기도 고양시 일산동구 장항동,45000000,16,6,신한은행,180-991-614044,가입,68,,C,C,C,C,빅데이터분석기사,,해당,,,
EMP0010,성현우,남,32,1995-05-22,950522-1702727,군필,2022-08-04,3,고졸,,,추천,계약직,,,,두리안정보기술,서울 강남,기획부,사업기획팀,1,대리,팀원,1,,,sunghyunwoo81@daum.net,010-3298-4065,서울시 용산구 이태원동,45000000,16,15,토스뱅크,100-5421-9677,가입,73,,,B,C,D,SQLD,855,해당,MVP,,
EMP0011,민서현,여,27,2000-07-18,000718-4896922,해당없음,2023-03-07,3,전문대졸,경북전문대학교,3.2,추천,계약직,,,,두리안정보기술,서울 강남,마케팅부,브랜드팀,1,대리,팀원,1,자발적퇴직,2024-10-17,minseohyun48@daum.net,010-6711-2425,서울시 강서구 마곡동,46000000,18,13,농협은행,356-1748-5143-68,가입,74,,,,C,C,SQLD,778,해당,,,
EMP0012,함민재,남,29,1998-03-20,980320-1361805,군필,2022-11-14,3,대졸,광운대학교,3.3,인턴전환,정규직,,,,두리안정보기술,서울 강남,인사부,채용팀,3,사원,팀원,1,,,hamminjae.3@nate.com,010-5402-7786,서울시 은평구 불광동,32000000,16,7,농협은행,356-7924-0356-55,미가입,70,,,B,C,C,정보처리기사,,해당,,,
EMP0013,정하린,여,35,1992-06-15,920615-2899281,해당없음,2018-05-23,7,고졸,,,공채,정규직,,,,두리안정보기술,경기 판교,영업부,국내영업팀,1,대리,팀원,1,,,jungharin3@kakao.com,010-4314-3161,경기도 용인시 기흥구 영덕동,45000000,10,14,토스뱅크,100-8005-3757,가입,71,C,C,C,B,C,컴퓨터활용능력1급,795,해당,MVP,,
EMP0014,한나은,여,29,1998-11-21,981121-2485416,해당없음,2024-02-12,2,전문대졸,명지전문대학,3.1,경력,정규직,SK하이닉스,차장,프론트엔드개발,두리안정보기술,서울 여의도,개발부,인프라팀,1,사원,팀원,1,자발적퇴직,2025-02-11,hannaeun.9@gmail.com,010-3688-8210,서울시 노원구 상계동,35200000,7,4,우리은행,1006-486-473328,가입,72,,,,,B,SQLD,545,해당,,,
EMP0015,나준서,남,36,1991-04-03,910403-1409898,군필,2018-08-28,7,대졸,세종대학교,3.9,인턴전환,정규직,,,,두리안정보기술,서울 여의도,인사부,채용팀,3,대리,팀원,1,,,najunseo.2@gmail.com,010-6916-6185,서울시 서초구 방배동,39000000,22,15,농협은행,302-5797-0081-98,가입,75,C,B,B,B,B,,765,비해당,,,
EMP0016,주수진,여,35,1992-08-25,920825-2662445,해당없음,2018-03-25,8,대졸,서울대학교,3.9,공채,정규직,,,,두리안정보기술,서울 강남,개발부,백엔드팀,1,대리,팀원,1,,,jusujin90@kakao.com,010-2900-8428,인천시 부평구 부평동,42900000,16,9,카카오뱅크,333-42-7361634,가입,70,D,C,B,C,B,SQLD,761,해당,,,
EMP0017,전현우,남,24,2003-03-16,030316-3857888,미필,2025-12-01,0,전문대졸,경북전문대학교,3.6,인턴전환,정규직,,,,두리안정보기술,경기 판교,기획부,사업기획팀,1,사원,팀원,1,,,jeonhyunwoo41@daum.net,010-7274-3458,서울시 마포구 상암동,35000000,8,0,기업은행,030-08-386379,가입,76,,,,,,AWS Solutions Architect,630,해당,,,
EMP0018,차준혁,남,29,1998-06-09,980609-1910143,면제,2025-07-24,0,대졸,한국외국어대학교,2.8,공채,정규직,,,,두리안정보기술,서울 여의도,기획부,사업기획팀,1,사원,팀원,1,,,chajunhyuk.4@daum.net,010-1157-6488,서울시 강남구 역삼동,31000000,16,7,카카오뱅크,333-38-0379793,가입,77,,,,,,,,비해당,,,
EMP0019,공수빈,여,27,2000-08-02,000802-4442099,해당없음,2023-04-14,3,대졸,서울대학교,3.6,추천,정규직,,,,두리안정보기술,경기 판교,영업부,국내영업팀,1,사원,팀원,1,,,kongsubin_307@gmail.com,010-3693-8365,서울시 강서구 마곡동,32000000,12,7,신한은행,180-057-416568,가입,68,,,,C,C,컴퓨터활용능력1급,,해당,,,
EMP0020,백채원,여,36,1991-05-15,910515-2584487,해당없음,2014-04-15,12,고졸,,,공채,정규직,,,,두리안정보기술,서울 강남,개발부,백엔드팀,1,과장,팀원,1,,,baekchaewon_112@kakao.com,010-7098-2376,경기도 고양시 일산동구 장항동,57200000,30,4,기업은행,020-02-654235,가입,86,A,A,B,C,B,빅데이터분석기사,,해당,,,
EMP0021,정서윤,여,27,2000-06-04,000604-4163941,해당없음,2023-03-03,3,대졸,중앙대학교,3.7,추천,정규직,,,,두리안정보기술,서울 여의도,마케팅부,디지털마케팅팀,1,사원,팀원,1,,,jungseoyoon54@kakao.com,010-6883-8859,경기도 수원시 영통구 매탄동,30000000,9,4,국민은행,651026-20-180450,가입,72,,,,C,C,,651,비해당,,,
EMP0022,문아름,여,36,1991-01-11,910111-2721301,해당없음,2017-05-06,9,대졸,경희대학교,3.3,추천,정규직,,,,두리안정보기술,서울 강남,인사부,채용팀,3,과장,팀원,1,,,moonareum.3@naver.com,010-9064-9882,서울시 강동구 천호동,57000000,30,11,하나은행,111-683087-1056,가입,85,B,B,B,B,B,빅데이터분석기사,929,해당,,,
EMP0023,노도윤,남,24,2003-01-17,030117-3930307,미필,2025-10-08,0,대졸,경북대학교,3,경력,계약직,네이버,사원,백엔드개발,두리안정보기술,서울 여의도,개발부,AI팀,1,사원,팀원,1,,,nohdoyoon38@daum.net,010-5825-3086,서울시 마포구 상암동,40700000,15,5,우리은행,1006-068-342299,가입,70,,,,,,,665,비해당,공로상,,
EMP0024,원동현,남,36,1991-06-26,910626-1274418,면제,2023-03-20,3,전문대졸,영진전문대학교,3.6,인턴전환,계약직,,,,두리안정보기술,서울 여의도,인사부,채용팀,3,대리,팀원,1,,,wondonghyun_484@kakao.com,010-2207-1547,서울시 강동구 천호동,47000000,17,11,우리은행,1006-488-848167,가입,80,,,,B,B,컴퓨터활용능력1급,,해당,,감봉,업무태만
EMP0025,홍현준,남,25,2002-03-24,020324-3104000,군필,2025-03-13,1,대학원졸,중앙대학교,3.6,추천,계약직,,,,두리안정보기술,서울 여의도,기획부,전략기획팀,1,사원,팀원,1,,,honghyunjun_kr@gmail.com,010-8758-2892,서울시 강동구 천호동,31000000,6,15,카카오뱅크,333-80-5189190,가입,69,,,,,,,549,비해당,MVP,,
EMP0026,심지영,여,40,1987-07-06,870706-2820442,해당없음,2015-11-18,10,대졸,성균관대학교,3.2,인턴전환,계약직,,,,두리안정보기술,경기 판교,마케팅부,브랜드팀,1,차장,팀원,2,,,shimjiyoung.9@hanmail.net,010-3415-2970,서울시 강서구 마곡동,65000000,24,15,농협은행,351-1321-7740-16,가입,81,B,B,B,B,B,,930,비해당,,,
EMP0027,한건우,남,26,2001-11-14,011114-3923914,미필,2025-07-03,0,고졸,,,공채,정규직,,,,두리안정보기술,서울 강남,인사부,교육팀,3,사원,팀원,1,정년퇴직,2025-08-20,hangunwoo.8@hanmail.net,010-8750-1613,서울시 마포구 상암동,33000000,18,11,토스뱅크,100-1827-6056,가입,77,,,,,,,,비해당,우수사원상,,
EMP0028,배지아,여,45,1982-06-23,820623-2321659,해당없음,2010-01-13,16,고졸,,,공채,계약직,,,,두리안정보기술,서울 여의도,개발부,인프라팀,1,차장,팀원,2,,,baejia.5@kakao.com,010-3222-9589,경기도 고양시 일산동구 장항동,69300000,22,11,농협은행,301-1019-9991-74,가입,90,A,A,A,A,S,정보보안기사,713,해당,,,
EMP0029,오도현,남,24,2003-01-12,030112-3995296,군필,2026-01-15,0,대졸,인하대학교,3.5,추천,정규직,,,,두리안정보기술,서울 강남,영업부,해외영업팀,1,사원,팀원,1,,,ohdohyun.7@gmail.com,010-1145-8767,서울시 서초구 방배동,33000000,18,7,기업은행,010-16-155940,가입,67,,,,,,,,비해당,,,
EMP0030,구민준,남,28,1999-12-21,991221-1373832,군필,2022-05-23,3,대졸,충남대학교,2.8,인턴전환,정규직,,,,두리안정보기술,서울 여의도,마케팅부,브랜드팀,1,사원,팀원,1,,,koominjun_924@nate.com,010-1417-9148,서울시 강동구 천호동,34000000,8,7,카카오뱅크,333-43-9602257,가입,64,,,D,C,C,SQLD,672,해당,,,
EMP0031,백소연,여,27,2000-04-11,000411-4489737,해당없음,2023-12-19,2,대졸,전북대학교,3.3,인턴전환,정규직,,,,두리안정보기술,서울 여의도,기획부,사업기획팀,1,대리,팀원,1,,,baeksoyeon91@naver.com,010-9199-2963,서울시 은평구 불광동,41000000,19,14,우리은행,1006-570-247985,가입,77,,,,C,C,SQLD,614,해당,,,
EMP0032,백서현,여,26,2001-10-15,011015-4104895,해당없음,2025-06-14,0,대졸,아주대학교,3.4,인턴전환,정규직,,,,두리안정보기술,서울 여의도,영업부,국내영업팀,1,사원,팀원,1,,,baekseohyun_429@naver.com,010-6641-6113,서울시 서초구 방배동,32000000,13,11,국민은행,109957-44-947153,가입,66,,,,,,빅데이터분석기사,,해당,,,
EMP0033,손도현,남,40,1987-01-10,870110-1722774,군필,2014-02-27,12,대졸,국민대학교,3,경력,정규직,SK하이닉스,대리,재무회계,두리안정보기술,서울 강남,마케팅부,브랜드팀,1,차장,팀원,2,,,sondohyun63@gmail.com,010-9966-5140,경기도 성남시 분당구 판교동,64000000,25,0,국민은행,191250-76-882614,미가입,79,D,B,C,B,B,,827,비해당,,,
EMP0034,신민준,남,33,1994-09-09,940909-1102871,군필,2018-02-22,8,대학원졸,가천대학교,3.3,공채,정규직,,,,두리안정보기술,서울 강남,기획부,전략기획팀,1,대리,팀원,1,,,shinminjun.2@gmail.com,010-2659-5192,경기도 용인시 기흥구 영덕동,47000000,20,3,신한은행,110-830-050697,가입,70,C,C,C,C,D,ADsP,,해당,,,
EMP0035,남정우,남,34,1993-03-28,930328-1780364,미필,2023-02-27,3,대졸,숭실대학교,3.6,추천,정규직,,,,두리안정보기술,서울 여의도,영업부,해외영업팀,1,대리,팀원,1,자발적퇴직,2024-03-07,namjungwoo.8@nate.com,010-8178-3969,인천시 부평구 부평동,38000000,11,1,우리은행,1002-533-383578,미가입,72,,,,B,B,ADsP,697,해당,,,
EMP0036,함민지,여,36,1991-02-14,910214-2157216,해당없음,2014-08-16,11,대졸,한양대학교,3.6,공채,정규직,,,,두리안정보기술,경기 판교,개발부,백엔드팀,1,차장,팀원,2,,,hamminji_dev@naver.com,010-6421-5557,서울시 강남구 삼성동,73700000,25,15,하나은행,181-818056-8930,가입,80,B,C,B,B,B,,929,비해당,,,
EMP0037,차성민,남,30,1997-10-15,971015-1687360,군필,2023-08-15,2,대졸,이화여자대학교,2.7,공채,계약직,,,,두리안정보기술,서울 여의도,마케팅부,브랜드팀,1,대리,팀원,1,,,chasungmin_dev@nate.com,010-5783-9973,경기도 성남시 분당구 정자동,39000000,21,14,국민은행,444064-19-924545,가입,79,,,,C,B,,527,비해당,,,
EMP0038,원지민,여,26,2001-12-24,011224-4104548,해당없음,2024-03-27,2,대졸,홍익대학교,3.9,공채,정규직,,,,두리안정보기술,서울 여의도,개발부,AI팀,1,사원,팀원,1,,,wonjimin_899@gmail.com,010-7347-6273,경기도 성남시 분당구 정자동,39600000,13,15,토스뱅크,100-2140-1782,가입,73,,,,,B,,801,비해당,,,
EMP0039,백세연,여,44,1983-05-15,830515-2438041,해당없음,2007-07-11,18,대학원졸,강원대학교,3.8,인턴전환,정규직,,,,두리안정보기술,경기 판교,인사부,교육팀,3,부장,팀원,2,,,baekseyeon@kakao.com,010-1209-9564,서울시 서초구 서초동,79000000,17,15,기업은행,030-78-161849,가입,90,B,A,A,A,A,,,비해당,,,
EMP0040,손준서,남,24,2003-03-10,030310-3970300,군필,2025-05-25,0,대졸,숙명여자대학교,3.6,경력,정규직,포스코,대리,재무회계,두리안정보기술,서울 여의도,인사부,채용팀,3,사원,팀원,1,정년퇴직,2025-09-14,sonjunseo93@naver.com,010-3847-9418,서울시 서초구 서초동,34000000,15,6,하나은행,200-425743-6684,가입,71,,,,,,,880,비해당,,,
EMP0041,박미래,여,35,1992-10-28,921028-2795556,해당없음,2021-03-06,5,대졸,가천대학교,2.6,경력,정규직,KT,사원,마케팅기획,두리안정보기술,서울 강남,개발부,AI팀,1,대리,팀원,1,,,parkmirae28@nate.com,010-6668-8301,서울시 송파구 잠실동,46200000,15,9,토스뱅크,100-4760-4618,가입,79,,B,B,B,B,,774,비해당,,,
EMP0042,박재민,남,28,1999-12-10,991210-1315565,군필,2022-05-18,4,고졸,,,추천,계약직,,,,두리안정보기술,서울 강남,기획부,사업기획팀,1,대리,팀원,1,,,parkjaemin4@gmail.com,010-3916-5127,경기도 수원시 영통구 매탄동,38000000,20,4,하나은행,181-419583-5244,가입,70,,,C,C,C,,,비해당,,,
EMP0043,주우진,남,33,1994-07-14,940714-1883028,군필,2020-08-21,5,전문대졸,영진전문대학교,3.5,공채,계약직,,,,두리안정보기술,서울 강남,개발부,인프라팀,1,대리,팀원,1,,,juwoojin.9@naver.com,010-3019-1684,서울시 강남구 역삼동,47300000,22,4,국민은행,533458-18-136247,가입,77,B,B,B,B,C,빅데이터분석기사,,해당,공로상,,
EMP0044,성지현,여,28,1999-12-12,991212-2173199,해당없음,2025-12-24,0,대졸,서강대학교,2.8,인턴전환,정규직,,,,두리안정보기술,경기 판교,마케팅부,디지털마케팅팀,1,사원,팀원,1,,,sungjihyun.3@hanmail.net,010-6971-6182,서울시 영등포구 여의도동,33000000,10,14,국민은행,945967-56-694695,가입,75,,,,,,,843,비해당,,,
EMP0045,김재민,남,30,1997-07-09,970709-1132709,군필,2020-12-21,5,고졸,,,추천,계약직,,,,두리안정보기술,경기 판교,인사부,교육팀,3,대리,팀원,1,,,kimjaemin@kakao.com,010-4658-5767,서울시 서초구 방배동,43000000,22,1,신한은행,110-836-707477,가입,74,B,B,C,B,B,,,비해당,,,
EMP0046,하예은,여,30,1997-11-08,971108-2764343,해당없음,2024-09-01,1,전문대졸,인하공업전문대학,3.6,경력,정규직,네이버,사원,영업관리,두리안정보기술,경기 판교,기획부,전략기획팀,1,사원,팀원,1,,,hayeeun.2@daum.net,010-7165-4651,경기도 성남시 분당구 정자동,32000000,18,5,토스뱅크,100-9909-3153,가입,68,,,,,C,정보처리기사,832,해당,,,
EMP0047,문민지,여,38,1989-03-15,890315-2288783,해당없음,2016-01-17,10,전문대졸,경북전문대학교,2.7,경력,계약직,LG전자,대리,재무회계,두리안정보기술,서울 여의도,인사부,채용팀,3,과장,팀원,1,,,moonminji20@hanmail.net,010-8723-8891,서울시 마포구 상암동,50000000,27,0,기업은행,020-93-103413,가입,83,B,B,B,B,A,AWS Solutions Architect,762,해당,공로상,,
EMP0048,백재현,남,26,2001-05-06,010506-3552457,미필,2024-11-17,1,대졸,이화여자대학교,2.7,경력,계약직,포스코,차장,데이터분석,두리안정보기술,경기 판교,마케팅부,디지털마케팅팀,1,사원,팀원,1,,,baekjaehyun.6@nate.com,010-2600-7971,서울시 서초구 방배동,35000000,10,13,신한은행,110-912-435882,가입,61,,,,,D,,500,비해당,,,
EMP0049,심소희,여,28,1999-05-07,990507-2705711,해당없음,2022-09-14,3,대졸,세종대학교,3.5,경력,정규직,네이버,사원,데이터분석,두리안정보기술,서울 여의도,개발부,백엔드팀,1,사원,팀원,1,,,shimsohee85@naver.com,010-9328-7562,서울시 용산구 이태원동,33000000,17,4,카카오뱅크,333-99-8436541,가입,72,,,B,C,D,ADsP,786,해당,,,
EMP0050,한성민,남,36,1991-10-14,911014-1342924,군필,2015-03-16,11,대졸,성균관대학교,3.6,공채,정규직,,,,두리안정보기술,경기 판교,개발부,AI팀,1,차장,팀원,2,,,hansungmin_kr@kakao.com,010-6785-7474,서울시 은평구 불광동,67100000,25,11,농협은행,351-9235-5953-95,가입,78,B,C,B,C,B,,517,비해당,,,
EMP0051,곽민준,남,42,1985-12-27,851227-1894268,군필,2010-09-10,15,대졸,충남대학교,3.4,추천,정규직,,,,두리안정보기술,서울 강남,영업부,해외영업팀,1,부장,팀원,2,,,kwakminjun_kr@gmail.com,010-7269-4610,서울시 송파구 잠실동,86000000,19,14,신한은행,100-368-035264,가입,92,S,A,A,B,A,,,비해당,,,
EMP0052,백민지,여,39,1988-05-08,880508-2106945,해당없음,2020-12-27,5,전문대졸,명지전문대학,3.2,경력,정규직,KT,과장,데이터분석,두리안정보기술,경기 판교,개발부,인프라팀,1,과장,팀원,1,,,baekminji.3@daum.net,010-7518-4638,경기도 고양시 일산동구 장항동,57200000,25,10,하나은행,200-543642-8155,가입,79,B,C,D,C,C,SQLD,540,해당,,,
EMP0053,최준서,남,34,1993-06-13,930613-1572623,군필,2019-01-17,7,대졸,전북대학교,3,추천,정규직,,,,두리안정보기술,서울 여의도,인사부,교육팀,3,대리,팀원,1,권고사직,2024-04-19,choijunseo40@kakao.com,010-4212-3389,서울시 서초구 방배동,48000000,19,7,기업은행,010-64-752553,가입,72,C,B,C,B,B,빅데이터분석기사,,해당,,,
EMP0054,김윤서,여,34,1993-09-24,930924-2780663,해당없음,2022-11-17,3,대학원졸,중앙대학교,3.1,공채,정규직,,,,두리안정보기술,경기 판교,마케팅부,브랜드팀,1,대리,팀원,1,,,kimyunseo67@hanmail.net,010-5694-8598,경기도 용인시 기흥구 영덕동,43000000,22,11,국민은행,957024-78-683186,가입,77,,,B,C,C,,710,비해당,공로상,,
EMP0055,한수현,남,36,1991-02-03,910203-1516332,군필,2019-07-28,6,대졸,한국외국어대학교,3.6,인턴전환,정규직,,,,두리안정보기술,서울 강남,영업부,국내영업팀,1,대리,팀원,1,,,hansoohyun71@gmail.com,010-5300-3544,서울시 강남구 논현동,40000000,11,15,토스뱅크,100-3542-4029,가입,70,C,C,D,C,C,,,비해당,,,
EMP0056,전소희,여,31,1996-03-17,960317-2665883,해당없음,2020-11-05,5,대졸,덕성여자대학교,3.8,인턴전환,정규직,,,,두리안정보기술,서울 여의도,개발부,백엔드팀,1,대리,팀원,1,,,jeonsohee@gmail.com,010-1001-9574,서울시 서초구 방배동,44000000,22,14,농협은행,302-2342-1683-10,미가입,70,C,C,C,C,C,,827,비해당,,,
EMP0057,류채영,여,31,1996-08-10,960810-2398505,해당없음,2019-08-25,6,전문대졸,경북전문대학교,2.8,인턴전환,정규직,,,,두리안정보기술,서울 여의도,마케팅부,브랜드팀,1,과장,팀원,1,,,ryuchaeyoung.8@kakao.com,010-5458-9060,서울시 마포구 합정동,48000000,24,2,카카오뱅크,333-79-3902439,가입,77,C,B,B,B,D,,,비해당,,,
EMP0058,이지아,여,24,2003-05-05,030505-4227885,해당없음,2026-02-10,0,대졸,서울대학교,2.8,추천,정규직,,,,두리안정보기술,서울 강남,개발부,프론트팀,1,사원,팀원,1,,,leejia.2@nate.com,010-4415-8746,서울시 은평구 불광동,40700000,11,7,토스뱅크,100-9577-1713,가입,74,,,,,,ADsP,958,해당,,,
EMP0059,홍지유,여,36,1991-11-10,911110-2748696,해당없음,2015-05-16,11,전문대졸,경북전문대학교,2.9,공채,정규직,,,,두리안정보기술,경기 판교,영업부,국내영업팀,1,차장,팀원,2,,,hongjiyu46@naver.com,010-8992-4812,서울시 용산구 이태원동,63000000,25,1,국민은행,271175-23-132090,가입,78,B,B,B,C,B,,545,비해당,,,
EMP0060,유다은,여,30,1997-05-02,970502-2350385,해당없음,2024-12-05,1,대졸,아주대학교,3.4,경력,정규직,네이버,차장,마케팅기획,두리안정보기술,경기 판교,마케팅부,브랜드팀,1,사원,팀원,1,,,yoodaeun.3@daum.net,010-6285-7714,경기도 용인시 기흥구 영덕동,37000000,16,12,우리은행,1006-433-041899,가입,62,,,,,D,,,비해당,,,
EMP0061,윤지민,여,41,1986-03-06,860306-2932831,해당없음,2020-01-27,6,대학원졸,고려대학교,3.5,추천,정규직,,,,두리안정보기술,서울 여의도,인사부,채용팀,3,과장,팀원,1,,,yoonjimin.4@gmail.com,010-2658-4784,경기도 수원시 영통구 매탄동,48000000,27,1,농협은행,302-5750-7346-27,가입,78,C,B,B,B,B,정보처리기사,880,해당,,,
EMP0062,서다은,여,41,1986-03-18,860318-2551504,해당없음,2019-10-21,6,대졸,광운대학교,3.5,인턴전환,정규직,,,,두리안정보기술,경기 판교,기획부,사업기획팀,1,과장,팀원,1,,,seodaeun56@kakao.com,010-1003-1567,서울시 강동구 천호동,59000000,27,6,카카오뱅크,333-26-0710884,가입,77,B,B,B,B,B,정보보안기사,666,해당,,,
EMP0063,곽지후,남,27,2000-06-01,000601-3724145,미필,2023-04-07,3,대졸,연세대학교,2.7,인턴전환,정규직,,,,두리안정보기술,서울 강남,기획부,전략기획팀,1,대리,팀원,1,,,kwakjihoo54@gmail.com,010-4714-1187,경기도 용인시 기흥구 영덕동,42000000,10,2,하나은행,162-873346-1651,가입,80,,,,C,A,ADsP,,해당,,,
EMP0064,최수빈,여,31,1996-03-11,960311-2686464,해당없음,2019-09-19,6,대졸,세종대학교,3.6,추천,정규직,,,,두리안정보기술,서울 여의도,인사부,채용팀,3,과장,팀원,1,,,choisubin_dev@kakao.com,010-6298-2467,서울시 서초구 서초동,56000000,25,6,신한은행,110-707-751361,가입,80,A,A,B,B,B,빅데이터분석기사,896,해당,,,
EMP0065,허하늘,여,30,1997-11-01,971101-2123853,해당없음,2021-06-20,4,대졸,명지대학교,3.4,추천,정규직,,,,두리안정보기술,서울 여의도,인사부,교육팀,3,대리,팀원,1,,,heohaneul.8@nate.com,010-3315-1301,서울시 은평구 불광동,42000000,13,6,하나은행,200-416263-4588,가입,74,,C,C,C,B,컴퓨터활용능력1급,855,해당,,,
EMP0066,안준우,남,28,1999-05-02,990502-1755602,면제,2025-12-20,0,대졸,숙명여자대학교,3.8,인턴전환,정규직,,,,두리안정보기술,서울 여의도,개발부,백엔드팀,1,사원,팀원,1,정년퇴직,2026-02-18,ahnjunwoo.1@daum.net,010-4695-3485,서울시 용산구 이태원동,40700000,8,8,신한은행,100-523-654519,가입,76,,,,,,컴퓨터활용능력1급,701,해당,,정직,복무규정위반
EMP0067,지수아,여,30,1997-11-22,971122-2265725,해당없음,2022-11-20,3,전문대졸,영진전문대학교,3.9,인턴전환,정규직,,,,두리안정보기술,경기 판교,마케팅부,디지털마케팅팀,1,사원,팀원,1,,,jisua13@kakao.com,010-5970-8258,경기도 용인시 기흥구 영덕동,33000000,6,3,우리은행,1002-830-076092,가입,77,,,B,B,B,,965,비해당,,,
EMP0068,임다은,여,26,2001-10-20,011020-4878427,해당없음,2025-01-25,1,고졸,,,공채,정규직,,,,두리안정보기술,서울 강남,기획부,전략기획팀,1,사원,팀원,1,,,limdaeun98@naver.com,010-8005-7633,서울시 강남구 삼성동,34000000,17,2,토스뱅크,100-5705-8843,가입,66,,,,,,정보처리기사,507,해당,,,
EMP0069,방지수,여,36,1991-09-17,910917-2823468,해당없음,2018-10-20,7,대졸,덕성여자대학교,3.8,공채,정규직,,,,두리안정보기술,서울 강남,개발부,백엔드팀,1,대리,팀원,1,,,bangjisu_612@kakao.com,010-7775-6299,서울시 강서구 마곡동,52800000,17,2,카카오뱅크,333-35-0590716,가입,82,C,B,C,C,B,,585,비해당,,,
EMP0070,오민호,남,39,1988-06-23,880623-1756883,군필,2011-02-09,15,대졸,고려대학교,3.5,추천,정규직,,,,두리안정보기술,서울 여의도,인사부,채용팀,3,차장,팀원,2,정년퇴직,2023-08-01,ohminho11@kakao.com,010-9904-1094,인천시 부평구 부평동,70000000,16,6,우리은행,1006-536-387081,가입,80,B,A,A,A,C,정보처리기사,658,해당,,,
EMP0071,황예린,여,46,1981-08-03,810803-2740774,해당없음,2009-08-14,16,전문대졸,경북전문대학교,3.4,인턴전환,정규직,,,,두리안정보기술,서울 여의도,기획부,전략기획팀,1,차장,팀원,2,,,hwangyerin51@gmail.com,010-8001-2063,서울시 강동구 천호동,69000000,22,11,하나은행,162-507839-5868,가입,89,A,A,A,A,A,SQLD,713,해당,,,
EMP0072,장채원,여,45,1982-09-07,820907-2344026,해당없음,2006-09-14,19,대학원졸,국민대학교,3.2,공채,정규직,,,,두리안정보기술,경기 판교,기획부,전략기획팀,1,부장,팀원,2,,,jangchaewon36@gmail.com,010-6468-6728,경기도 수원시 영통구 매탄동,81000000,15,3,농협은행,301-5550-9980-32,가입,82,B,B,C,B,A,,,비해당,,,
EMP0073,김도현,남,45,1982-05-17,820517-1430828,미필,2007-02-10,19,대학원졸,한국외국어대학교,3.7,공채,정규직,,,,두리안정보기술,경기 판교,개발부,백엔드팀,1,부장,팀원,2,,,kimdohyun_dev@kakao.com,010-9753-3719,경기도 고양시 일산동구 장항동,93500000,15,10,토스뱅크,100-4376-6439,가입,91,A,A,A,S,B,,,비해당,팀워크상,,
EMP0074,오세연,여,28,1999-05-14,990514-2906859,해당없음,2024-12-02,1,대졸,덕성여자대학교,2.8,인턴전환,정규직,,,,두리안정보기술,서울 강남,마케팅부,디지털마케팅팀,1,사원,팀원,1,,,ohseyeon.7@gmail.com,010-1067-6095,서울시 강남구 삼성동,31000000,18,4,신한은행,180-488-324599,가입,76,,,,,B,ADsP,,해당,,,
EMP0075,고민호,남,25,2002-05-01,020501-3236392,군필,2025-11-24,0,대졸,한양대학교,3.3,인턴전환,정규직,,,,두리안정보기술,서울 강남,인사부,교육팀,3,사원,팀원,1,,,kominho_155@nate.com,010-8304-6826,서울시 강동구 천호동,34000000,12,3,농협은행,302-4704-9232-64,가입,61,,,,,,컴퓨터활용능력1급,587,해당,팀워크상,,
EMP0076,서보미,여,31,1996-12-15,961215-2395968,해당없음,2022-03-03,4,대졸,단국대학교,3.2,추천,정규직,,,,두리안정보기술,서울 강남,마케팅부,브랜드팀,1,사원,팀원,1,,,seobomi.6@nate.com,010-2162-5949,경기도 수원시 영통구 매탄동,31000000,14,4,우리은행,1002-180-438261,가입,78,,,B,C,B,정보처리기사,557,해당,,,
EMP0077,배하영,여,30,1997-03-16,970316-2172988,해당없음,2020-04-18,6,대학원졸,한국외국어대학교,3.7,추천,정규직,,,,두리안정보기술,서울 여의도,개발부,AI팀,1,대리,팀원,1,,,baehayoung_760@hanmail.net,010-1003-3403,서울시 서초구 방배동,48400000,20,10,기업은행,030-41-928327,가입,80,A,B,B,B,B,,549,비해당,,,
EMP0078,성다현,여,36,1991-04-22,910422-2755584,해당없음,2019-08-07,6,대졸,충남대학교,4,인턴전환,정규직,,,,두리안정보기술,서울 여의도,영업부,해외영업팀,1,대리,팀원,1,,,sungdahyun94@naver.com,010-4083-7301,서울시 노원구 상계동,43000000,21,12,카카오뱅크,333-30-5335214,가입,80,B,A,B,A,B,컴퓨터활용능력1급,,해당,,,
EMP0079,임다현,여,38,1989-11-01,891101-2846722,해당없음,2014-01-03,12,대졸,경북대학교,2.7,공채,정규직,,,,두리안정보기술,서울 강남,마케팅부,브랜드팀,1,차장,팀원,2,,,limdahyun.2@kakao.com,010-2311-3327,경기도 성남시 분당구 정자동,62000000,21,11,토스뱅크,100-7291-6138,가입,86,B,B,B,B,B,빅데이터분석기사,,해당,,,
EMP0080,남수연,여,25,2002-12-22,021222-4128624,해당없음,2025-08-21,0,전문대졸,경북전문대학교,3.3,인턴전환,정규직,,,,두리안정보기술,경기 판교,기획부,사업기획팀,1,사원,팀원,1,정년퇴직,2026-05-07,namsuyeon.3@daum.net,010-5509-5209,서울시 강남구 역삼동,31000000,12,4,기업은행,020-48-350305,가입,62,,,,,,ADsP,793,해당,팀워크상,,
EMP0081,구현우,남,38,1989-03-09,890309-1888977,미필,2012-06-26,13,대졸,중앙대학교,3,공채,정규직,,,,두리안정보기술,경기 판교,인사부,교육팀,3,차장,팀원,2,권고사직,2016-12-09,koohyunwoo61@daum.net,010-8353-7258,서울시 용산구 이태원동,72000000,21,12,카카오뱅크,333-43-8587893,가입,88,A,S,B,A,S,SQLD,737,해당,,,
EMP0082,조민석,남,41,1986-05-11,860511-1302458,군필,2010-10-21,15,대졸,중앙대학교,3.2,추천,정규직,,,,두리안정보기술,서울 여의도,영업부,국내영업팀,1,차장,팀원,2,,,jominseok8@gmail.com,010-3128-7159,경기도 용인시 기흥구 영덕동,64000000,15,2,하나은행,162-348608-5461,가입,87,A,A,B,B,B,SQLD,,해당,,,
EMP0083,윤현우,남,31,1996-11-15,961115-1136554,군필,2020-11-03,5,대졸,성균관대학교,3.7,인턴전환,정규직,,,,두리안정보기술,서울 강남,마케팅부,브랜드팀,1,대리,팀원,1,,,yoonhyunwoo3@nate.com,010-7397-5365,서울시 서초구 방배동,42000000,11,14,국민은행,199969-20-155579,가입,76,B,C,B,B,D,빅데이터분석기사,829,해당,MVP,,
EMP0084,배아름,여,31,1996-12-25,961225-2141241,해당없음,2023-07-13,2,대학원졸,고려대학교,2.7,추천,계약직,,,,두리안정보기술,경기 판교,기획부,전략기획팀,1,사원,팀원,1,,,baeareum90@gmail.com,010-8175-4104,서울시 서초구 방배동,31000000,15,9,기업은행,020-41-395376,가입,66,,,,C,B,ADsP,,해당,,,
EMP0085,서서준,남,50,1977-02-26,770226-1354471,군필,2008-08-13,17,대졸,연세대학교,3,공채,정규직,,,,두리안정보기술,서울 강남,마케팅부,브랜드팀,1,부장,팀원,2,,,seoseojun.3@gmail.com,010-2742-2870,경기도 성남시 분당구 판교동,84000000,12,1,하나은행,111-734360-3833,가입,84,B,B,B,B,B,AWS Solutions Architect,509,해당,,,
EMP0086,정도현,남,32,1995-06-04,950604-1107574,군필,2018-11-13,7,전문대졸,영진전문대학교,3.4,공채,정규직,,,,두리안정보기술,서울 강남,기획부,전략기획팀,1,대리,팀원,1,,,jungdohyun_926@naver.com,010-5439-9570,서울시 강서구 마곡동,48000000,11,13,우리은행,1002-364-256106,가입,77,B,B,B,B,C,,,비해당,,감봉,지각반복
EMP0087,황윤서,여,36,1991-10-03,911003-2363592,해당없음,2014-12-16,11,대학원졸,인하대학교,2.8,경력,정규직,LG전자,과장,영업관리,두리안정보기술,서울 여의도,영업부,해외영업팀,1,차장,팀원,2,,,hwangyunseo_206@gmail.com,010-8947-9436,서울시 서초구 서초동,70000000,24,14,토스뱅크,100-5383-3793,가입,90,A,S,A,A,B,AWS Solutions Architect,,해당,팀워크상,,
EMP0088,황재원,남,45,1982-12-22,821222-1993021,군필,2011-07-07,14,대졸,성균관대학교,3.6,경력,계약직,SK하이닉스,사원,프로젝트관리,두리안정보기술,서울 강남,인사부,채용팀,3,차장,팀원,2,,,hwangjaewon.3@naver.com,010-4763-2416,서울시 영등포구 여의도동,65000000,22,5,토스뱅크,100-4619-4980,가입,84,A,B,B,B,A,컴퓨터활용능력1급,565,해당,우수사원상,,
EMP0089,신하영,여,38,1989-07-24,890724-2410158,해당없음,2018-01-24,8,고졸,,,경력,정규직,삼성전자,차장,백엔드개발,두리안정보기술,서울 여의도,인사부,교육팀,3,과장,팀원,1,,,shinhayoung.8@nate.com,010-1399-8452,서울시 강서구 마곡동,51000000,28,0,국민은행,386639-87-346092,가입,75,B,C,B,B,B,정보처리기사,,해당,,,
EMP0090,천성호,남,29,1998-01-28,980128-1839113,군필,2023-12-21,2,고졸,,,추천,정규직,,,,두리안정보기술,경기 판교,마케팅부,브랜드팀,1,사원,팀원,1,,,chunsungho.8@nate.com,010-4437-4693,서울시 용산구 이태원동,31000000,13,4,하나은행,111-267615-3868,가입,66,,,,C,C,빅데이터분석기사,816,해당,팀워크상,,
EMP0091,송예은,여,47,1980-06-12,800612-2407410,해당없음,2007-01-03,19,전문대졸,영진전문대학교,3.2,인턴전환,계약직,,,,두리안정보기술,서울 강남,마케팅부,디지털마케팅팀,1,부장,팀원,2,,,songyeeun@naver.com,010-2031-1361,서울시 송파구 잠실동,89000000,20,15,신한은행,100-771-359200,가입,84,B,A,A,B,B,,947,비해당,,,
EMP0092,백하영,여,32,1995-12-17,951217-2933048,해당없음,2020-10-22,5,대졸,서강대학교,2.8,인턴전환,정규직,,,,두리안정보기술,경기 판교,마케팅부,브랜드팀,1,대리,팀원,1,,,baekhayoung_dev@naver.com,010-4361-1568,서울시 용산구 이태원동,46000000,12,3,토스뱅크,100-7368-0621,가입,75,C,B,B,C,C,,589,비해당,,,
EMP0093,임하늘,여,39,1988-02-01,880201-2142027,해당없음,2019-09-10,6,대졸,경북대학교,4,공채,정규직,,,,두리안정보기술,서울 여의도,마케팅부,디지털마케팅팀,1,과장,팀원,1,,,limhaneul89@daum.net,010-2515-6347,서울시 강남구 삼성동,54000000,28,3,기업은행,030-72-423884,가입,82,B,B,B,A,A,,,비해당,,,
EMP0094,우준서,남,28,1999-09-28,990928-1944809,군필,2025-01-03,1,대졸,한양대학교,3.9,공채,계약직,,,,두리안정보기술,서울 강남,개발부,인프라팀,1,사원,팀원,1,,,woojunseo_kr@kakao.com,010-9606-6495,서울시 강남구 논현동,40700000,16,4,카카오뱅크,333-36-1837472,가입,73,,,,,,,,비해당,,,
EMP0095,강서연,여,31,1996-08-23,960823-2821255,해당없음,2020-03-18,6,고졸,,,인턴전환,정규직,,,,두리안정보기술,서울 여의도,인사부,채용팀,3,대리,팀원,1,,,kangseoyeon.8@kakao.com,010-5225-8799,서울시 서초구 서초동,47000000,10,8,국민은행,223969-74-895919,가입,71,B,D,C,D,B,ADsP,840,해당,,,
EMP0096,하아름,여,28,1999-03-11,990311-2384645,해당없음,2025-10-02,0,대졸,한양대학교,3.1,인턴전환,정규직,,,,두리안정보기술,서울 여의도,인사부,교육팀,3,사원,팀원,1,,,haareum_dev@kakao.com,010-7750-6575,서울시 마포구 상암동,37000000,6,11,기업은행,030-96-965328,가입,77,,,,,,,946,비해당,,,
EMP0097,신준서,남,34,1993-09-20,930920-1894122,군필,2016-04-26,10,대학원졸,부산대학교,3.9,경력,계약직,네이버,대리,프로젝트관리,두리안정보기술,서울 여의도,기획부,전략기획팀,1,과장,팀원,1,,,shinjunseo_kr@gmail.com,010-2085-5942,서울시 강남구 역삼동,59000000,18,3,기업은행,020-10-122691,가입,77,B,B,B,C,B,SQLD,890,해당,,,
EMP0098,윤재현,남,27,2000-01-03,000103-3229620,군필,2025-11-12,0,대졸,덕성여자대학교,3.3,경력,계약직,카카오,대리,백엔드개발,두리안정보기술,서울 여의도,영업부,해외영업팀,1,사원,팀원,1,자발적퇴직,2026-04-16,yoonjaehyun64@gmail.com,010-6375-9088,서울시 서초구 서초동,32000000,6,4,신한은행,140-271-696421,가입,76,,,,,,빅데이터분석기사,763,해당,,,
EMP0099,류하은,여,40,1987-07-10,870710-2228725,해당없음,2010-04-18,16,대학원졸,충남대학교,2.8,인턴전환,정규직,,,,두리안정보기술,서울 여의도,인사부,채용팀,3,차장,팀원,2,,,ryuhaeun_work@kakao.com,010-7626-8938,경기도 성남시 분당구 정자동,66000000,21,15,토스뱅크,100-8048-7850,가입,89,S,A,A,S,B,AWS Solutions Architect,601,해당,,,
EMP0100,임하은,여,25,2002-04-21,020421-4673172,해당없음,2025-08-16,0,대학원졸,덕성여자대학교,3.2,공채,정규직,,,,두리안정보기술,경기 판교,개발부,백엔드팀,1,사원,팀원,1,권고사직,2025-08-30,limhaeun50@kakao.com,010-1589-1538,서울시 마포구 상암동,35200000,17,13,기업은행,020-69-784801,가입,61,,,,,,ADsP,633,해당,,,
EMP0101,천지유,여,37,1990-07-16,900716-2902364,해당없음,2019-05-23,6,고졸,,,추천,정규직,,,,두리안정보기술,서울 강남,개발부,인프라팀,1,과장,팀원,1,,,chunjiyu_465@naver.com,010-4844-6113,경기도 고양시 일산동구 장항동,66000000,24,13,우리은행,1006-341-605917,가입,75,B,B,C,B,C,정보처리기사,687,해당,,,
EMP0102,원시우,남,28,1999-09-11,990911-1311559,군필,2022-03-01,4,대졸,가천대학교,2.9,추천,계약직,,,,두리안정보기술,서울 여의도,마케팅부,브랜드팀,1,대리,팀원,1,,,wonsiwoo_371@hanmail.net,010-2506-2552,경기도 고양시 일산동구 장항동,38000000,20,6,기업은행,030-84-514627,가입,70,,,C,B,C,,,비해당,,,
EMP0103,송하은,여,39,1988-06-26,880626-2994199,해당없음,2017-07-07,8,대졸,홍익대학교,3.1,추천,계약직,,,,두리안정보기술,경기 판교,영업부,해외영업팀,1,과장,팀원,1,,,songhaeun_305@naver.com,010-5919-8133,서울시 영등포구 여의도동,49000000,27,1,토스뱅크,100-3037-0228,가입,85,A,A,B,B,A,,,비해당,,,
EMP0104,정예린,여,31,1996-05-22,960522-2412453,해당없음,2021-11-06,4,대졸,서강대학교,2.5,경력,정규직,카카오,차장,프로젝트관리,두리안정보기술,경기 판교,인사부,교육팀,3,대리,팀원,1,,,jungyerin.2@nate.com,010-9196-2976,경기도 성남시 분당구 정자동,47000000,16,2,카카오뱅크,333-77-8105567,가입,79,,B,B,B,B,,869,비해당,,경고,복무규정위반
EMP0105,노하린,여,36,1991-10-24,911024-2735242,해당없음,2023-06-11,2,대졸,성균관대학교,2.8,경력,정규직,쿠팡,과장,백엔드개발,두리안정보기술,경기 판교,인사부,교육팀,3,대리,팀원,1,,,nohharin33@hanmail.net,010-4872-8248,서울시 은평구 불광동,44000000,21,7,토스뱅크,100-2814-8803,가입,69,,,,C,B,,866,비해당,,,
EMP0106,배현준,남,28,1999-03-15,990315-1760766,군필,2022-05-07,4,대졸,숙명여자대학교,3.7,공채,계약직,,,,두리안정보기술,서울 강남,영업부,해외영업팀,1,대리,팀원,1,,,baehyunjun52@naver.com,010-5089-9460,경기도 용인시 기흥구 영덕동,48000000,22,0,카카오뱅크,333-41-7073712,가입,72,,,B,B,B,정보보안기사,514,해당,,,
EMP0107,구준혁,남,34,1993-05-06,930506-1278386,미필,2020-12-05,5,전문대졸,경북전문대학교,3.1,공채,정규직,,,,두리안정보기술,서울 여의도,기획부,사업기획팀,1,대리,팀원,1,,,koojunhyuk_606@daum.net,010-5717-9096,서울시 은평구 불광동,48000000,10,14,하나은행,111-037635-0871,가입,81,B,B,B,B,B,빅데이터분석기사,,해당,,,
EMP0108,허건우,남,39,1988-04-14,880414-1803375,군필,2012-12-22,13,대졸,연세대학교,3.4,경력,정규직,롯데그룹,사원,백엔드개발,두리안정보기술,경기 판교,마케팅부,디지털마케팅팀,1,차장,팀원,2,,,heogunwoo39@hanmail.net,010-3938-5264,서울시 마포구 상암동,62000000,15,12,토스뱅크,100-3679-7961,가입,82,B,B,B,B,B,,976,비해당,,,
EMP0109,고하은,여,25,2002-07-05,020705-4767578,해당없음,2025-12-17,0,대졸,서울대학교,3.8,추천,계약직,,,,두리안정보기술,경기 판교,개발부,AI팀,1,사원,팀원,1,,,kohaeun_dev@naver.com,010-8653-8150,서울시 서초구 서초동,37400000,5,4,기업은행,010-48-281489,가입,66,,,,,,,,비해당,,,
EMP0110,박은별,여,35,1992-02-28,920228-2791577,해당없음,2020-08-16,5,대학원졸,연세대학교,3.8,경력,계약직,카카오,대리,백엔드개발,두리안정보기술,경기 판교,개발부,AI팀,1,대리,팀원,1,,,parkeunbyul_144@gmail.com,010-5635-6294,서울시 강남구 삼성동,44000000,17,0,우리은행,1005-344-252564,가입,76,B,B,B,C,B,SQLD,,해당,,,
EMP0111,차재현,남,28,1999-04-25,990425-1690408,군필,2022-05-06,4,대학원졸,경북대학교,3.7,추천,계약직,,,,두리안정보기술,서울 여의도,개발부,백엔드팀,1,대리,팀원,1,,,chajaehyun79@gmail.com,010-9410-6599,서울시 강서구 마곡동,48400000,11,11,우리은행,1002-875-293470,가입,81,,,B,B,B,정보보안기사,750,해당,,,
EMP0112,진준서,남,39,1988-02-10,880210-1983855,군필,2015-11-17,10,대졸,동국대학교,3.5,경력,계약직,쿠팡,과장,백엔드개발,두리안정보기술,서울 강남,마케팅부,디지털마케팅팀,1,과장,팀원,1,,,jinjunseo85@hanmail.net,010-5342-6592,서울시 마포구 상암동,55000000,18,13,신한은행,180-791-203105,가입,75,C,B,B,C,B,,,비해당,MVP,,
EMP0113,오주원,남,56,1971-07-18,710718-1353524,군필,2002-11-04,23,대졸,경희대학교,3.5,경력,계약직,KT,차장,마케팅기획,두리안정보기술,경기 판교,개발부,백엔드팀,1,부장,팀원,2,,,ohjuwon99@gmail.com,010-3721-3497,서울시 강서구 마곡동,110000000,11,9,기업은행,010-25-288095,가입,89,A,S,A,A,A,,513,비해당,,,
EMP0114,심서윤,여,40,1987-10-27,871027-2779792,해당없음,2019-04-10,7,전문대졸,영진전문대학교,4,추천,계약직,,,,두리안정보기술,서울 여의도,개발부,AI팀,1,과장,팀원,1,,,shimseoyoon80@naver.com,010-5718-4149,경기도 성남시 분당구 판교동,59400000,25,15,농협은행,302-0639-6178-90,가입,75,B,B,B,B,B,,716,비해당,,,
EMP0115,유소희,여,34,1993-10-28,931028-2418402,해당없음,2016-11-11,9,대학원졸,세종대학교,3.7,추천,정규직,,,,두리안정보기술,서울 여의도,마케팅부,디지털마케팅팀,1,과장,팀원,1,,,yoosohee_467@hanmail.net,010-1523-2043,서울시 용산구 이태원동,59000000,21,1,기업은행,020-01-543039,미가입,82,B,B,B,B,A,AWS Solutions Architect,,해당,MVP,,
EMP0116,윤유진,여,25,2002-05-11,020511-4264660,해당없음,2025-04-16,1,대학원졸,전북대학교,3.6,공채,정규직,,,,두리안정보기술,서울 여의도,개발부,AI팀,1,사원,팀원,1,,,yoonyujin_kr@naver.com,010-3014-4307,서울시 강서구 마곡동,38500000,16,15,토스뱅크,100-8479-0019,가입,74,,,,,,,585,비해당,,,
EMP0117,함서연,여,34,1993-03-03,930303-2555157,해당없음,2021-05-17,5,대졸,국민대학교,2.7,경력,정규직,쿠팡,대리,데이터분석,두리안정보기술,서울 강남,영업부,해외영업팀,1,대리,팀원,1,,,hamseoyeon.7@daum.net,010-6139-6638,서울시 강남구 역삼동,42000000,16,4,카카오뱅크,333-16-3363015,미가입,69,,D,C,C,C,,535,비해당,팀워크상,,
EMP0118,곽유진,여,30,1997-09-20,970920-2861800,해당없음,2023-11-07,2,대졸,가천대학교,2.6,인턴전환,계약직,,,,두리안정보기술,서울 여의도,영업부,해외영업팀,1,사원,팀원,1,,,kwakyujin48@kakao.com,010-5881-1085,서울시 강서구 마곡동,37000000,13,1,카카오뱅크,333-24-4427877,미가입,63,,,,D,D,정보처리기사,,해당,,,
EMP0119,황하영,여,41,1986-10-08,861008-2916656,해당없음,2015-09-28,10,대졸,광운대학교,3.6,경력,계약직,SK하이닉스,사원,인사관리,두리안정보기술,경기 판교,영업부,해외영업팀,1,과장,팀원,1,,,hwanghayoung98@naver.com,010-3364-9286,서울시 서초구 방배동,53000000,22,15,하나은행,200-595377-1460,가입,83,B,B,B,B,B,ADsP,846,해당,,,
EMP0120,천하은,여,25,2002-01-24,020124-4291970,해당없음,2025-08-16,0,전문대졸,인하공업전문대학,2.7,추천,계약직,,,,두리안정보기술,서울 강남,기획부,사업기획팀,1,사원,팀원,1,,,chunhaeun.8@daum.net,010-8411-6534,서울시 은평구 불광동,32000000,5,11,농협은행,302-6399-8050-74,가입,63,,,,,,,979,비해당,,,
EMP0121,방세연,여,26,2001-08-22,010822-4189288,해당없음,2024-11-15,1,대졸,고려대학교,3.1,추천,정규직,,,,두리안정보기술,경기 판교,인사부,교육팀,3,사원,팀원,1,,,bangseyeon73@gmail.com,010-9713-3944,서울시 강남구 역삼동,37000000,14,1,기업은행,010-17-182278,가입,77,,,,,B,,,비해당,,,
EMP0122,신지원,여,50,1977-09-20,770920-2508881,해당없음,2004-02-26,22,대졸,전남대학교,2.8,추천,정규직,,,,두리안정보기술,서울 여의도,마케팅부,디지털마케팅팀,1,부장,팀원,2,계약만료,2013-09-20,shinjiwon_364@naver.com,010-4874-9076,경기도 성남시 분당구 정자동,85000000,17,13,농협은행,351-6696-0301-36,가입,84,B,B,B,A,B,,666,비해당,,,
EMP0123,윤나은,여,29,1998-02-16,980216-2682119,해당없음,2023-09-14,2,대졸,부산대학교,3.3,인턴전환,계약직,,,,두리안정보기술,서울 여의도,마케팅부,디지털마케팅팀,1,사원,팀원,1,,,yoonnaeun10@daum.net,010-5110-7228,서울시 노원구 상계동,30000000,5,14,신한은행,140-536-058022,가입,60,,,,C,C,,586,비해당,,,
EMP0124,우도현,남,27,2000-10-03,001003-3533232,미필,2023-12-18,2,대졸,덕성여자대학교,3.6,경력,계약직,SK하이닉스,과장,인사관리,두리안정보기술,서울 강남,개발부,인프라팀,1,대리,팀원,1,,,woodohyun78@nate.com,010-3022-6783,서울시 은평구 불광동,46200000,22,2,농협은행,302-3434-9358-00,가입,80,,,,A,B,,,비해당,MVP,경고,업무태만
EMP0125,손윤서,여,47,1980-04-15,800415-2696746,해당없음,2005-08-12,20,고졸,,,인턴전환,계약직,,,,두리안정보기술,서울 여의도,인사부,채용팀,3,부장,팀원,2,,,sonyunseo85@naver.com,010-5253-4734,경기도 성남시 분당구 정자동,100000000,10,6,기업은행,010-48-963834,가입,96,S,S,S,S,S,리눅스마스터,920,해당,,,
EMP0126,서서윤,여,51,1976-08-01,760801-2362127,해당없음,2007-11-18,18,대졸,전남대학교,3.5,공채,정규직,,,,두리안정보기술,서울 강남,개발부,AI팀,1,부장,팀원,2,,,seoseoyoon13@gmail.com,010-6477-5102,서울시 송파구 잠실동,96800000,14,9,기업은행,020-57-871331,가입,87,A,B,C,C,A,정보처리기사,,해당,,,
EMP0127,심민재,남,27,2000-04-03,000403-3991215,군필,2023-09-26,2,고졸,,,추천,계약직,,,,두리안정보기술,서울 여의도,기획부,사업기획팀,1,대리,팀원,1,,,shimminjae68@kakao.com,010-2659-6564,경기도 용인시 기흥구 영덕동,47000000,16,13,국민은행,634967-17-877320,가입,71,,,,C,C,,552,비해당,,,
EMP0128,남준서,남,36,1991-01-20,910120-1486746,군필,2022-02-04,4,대학원졸,경북대학교,3,인턴전환,정규직,,,,두리안정보기술,서울 여의도,기획부,전략기획팀,1,대리,팀원,1,,,namjunseo_619@naver.com,010-4297-2120,서울시 용산구 이태원동,39000000,18,1,우리은행,1006-713-873466,가입,72,,,B,C,C,,574,비해당,팀워크상,,
EMP0129,지태호,남,48,1979-06-20,790620-1404691,군필,2006-10-19,19,대학원졸,명지대학교,3.2,공채,계약직,,,,두리안정보기술,서울 강남,마케팅부,브랜드팀,1,부장,팀원,2,,,jitaeho_130@naver.com,010-5292-3855,서울시 용산구 이태원동,84000000,15,11,하나은행,200-997379-8931,가입,92,A,A,S,A,A,정보처리기사,537,해당,,,
EMP0130,오도현,남,26,2001-11-05,011105-3995940,군필,2024-02-01,2,대졸,전남대학교,2.9,추천,정규직,,,,두리안정보기술,서울 강남,개발부,AI팀,1,사원,팀원,1,,,ohdohyun.9@kakao.com,010-4428-2333,경기도 성남시 분당구 판교동,39600000,17,10,카카오뱅크,333-20-7447754,가입,64,,,,,D,,,비해당,,정직,업무태만
EMP0131,한도현,남,35,1992-08-06,920806-1468653,면제,2021-08-17,4,대졸,아주대학교,2.9,추천,정규직,,,,두리안정보기술,경기 판교,영업부,해외영업팀,1,대리,팀원,1,,,handohyun64@kakao.com,010-7700-7021,경기도 성남시 분당구 판교동,43000000,19,14,국민은행,035945-18-917431,가입,69,,C,C,C,D,,543,비해당,우수사원상,,
EMP0132,송예진,여,26,2001-11-03,011103-4996531,해당없음,2024-04-09,2,고졸,,,공채,정규직,,,,두리안정보기술,서울 강남,개발부,AI팀,1,사원,팀원,1,,,songyejin61@nate.com,010-9399-3445,서울시 은평구 불광동,38500000,5,9,하나은행,181-461740-9504,가입,69,,,,,B,,,비해당,,,
EMP0133,권건우,남,34,1993-09-25,930925-1663718,군필,2016-10-26,9,대학원졸,서강대학교,3.7,추천,정규직,,,,두리안정보기술,경기 판교,마케팅부,브랜드팀,1,과장,팀원,1,,,kwongunwoo_kr@hanmail.net,010-7404-7247,서울시 마포구 합정동,55000000,23,0,토스뱅크,100-3254-8579,가입,83,B,B,C,B,B,,714,비해당,,,
EMP0134,정보미,여,30,1997-10-15,971015-2507888,해당없음,2020-02-11,6,대학원졸,한국외국어대학교,2.5,경력,정규직,롯데그룹,사원,데이터분석,두리안정보기술,서울 강남,영업부,국내영업팀,1,대리,팀원,1,,,jungbomi.5@naver.com,010-9232-8519,서울시 송파구 문정동,48000000,12,9,하나은행,181-038426-4462,가입,74,C,B,D,C,B,빅데이터분석기사,556,해당,MVP,,
EMP0135,김준서,남,32,1995-04-17,950417-1832453,미필,2018-07-20,7,고졸,,,공채,정규직,,,,두리안정보기술,서울 강남,기획부,사업기획팀,1,과장,팀원,1,,,kimjunseo_dev@nate.com,010-2093-4559,경기도 성남시 분당구 판교동,53000000,24,1,토스뱅크,100-4914-6500,가입,85,A,B,B,B,B,,,비해당,,,
EMP0136,현지현,여,29,1998-06-14,980614-2247068,해당없음,2026-02-17,0,대졸,성균관대학교,2.5,추천,계약직,,,,두리안정보기술,서울 여의도,인사부,교육팀,3,사원,팀원,1,,,hyunjihyun_958@daum.net,010-3034-9759,서울시 은평구 불광동,37000000,18,5,토스뱅크,100-9117-3896,가입,68,,,,,,,736,비해당,공로상,,
EMP0137,정민준,남,40,1987-03-07,870307-1935635,군필,2014-08-12,11,고졸,,,공채,정규직,,,,두리안정보기술,서울 강남,개발부,프론트팀,1,차장,팀원,2,,,jungminjun_210@hanmail.net,010-4393-9875,서울시 은평구 불광동,78100000,17,13,국민은행,259976-61-218329,가입,78,C,B,C,C,B,정보처리기사,598,해당,,,
EMP0138,윤소희,여,25,2002-01-13,020113-4830139,해당없음,2025-06-06,0,대졸,서강대학교,3.5,공채,계약직,,,,두리안정보기술,경기 판교,개발부,인프라팀,1,사원,팀원,1,,,yoonsohee23@daum.net,010-1289-8354,서울시 은평구 불광동,38500000,15,10,기업은행,020-09-839301,가입,64,,,,,,,628,비해당,,,
EMP0139,하성준,남,41,1986-02-10,860210-1354016,군필,2009-01-20,17,대졸,연세대학교,2.9,추천,정규직,,,,두리안정보기술,서울 여의도,마케팅부,디지털마케팅팀,1,부장,팀원,2,,,hasungjun.7@daum.net,010-4007-8247,경기도 용인시 기흥구 영덕동,82000000,20,7,국민은행,425325-16-158965,가입,82,A,B,B,B,B,,,비해당,,정직,복무규정위반
EMP0140,정정수,남,27,2000-04-05,000405-3870627,군필,2025-11-05,0,전문대졸,경북전문대학교,3.6,추천,계약직,,,,두리안정보기술,경기 판교,인사부,채용팀,3,사원,팀원,1,,,jungjungsu@hanmail.net,010-9801-3503,경기도 수원시 영통구 매탄동,31000000,17,15,하나은행,111-001620-0122,가입,64,,,,,,정보보안기사,585,해당,,,
EMP0141,안성민,남,35,1992-09-20,920920-1465511,군필,2017-05-13,9,대졸,동국대학교,2.5,경력,계약직,네이버,차장,재무회계,두리안정보기술,경기 판교,개발부,AI팀,1,과장,팀원,1,,,ahnsungmin_159@kakao.com,010-1565-6921,경기도 용인시 기흥구 영덕동,60500000,28,11,카카오뱅크,333-95-5254184,가입,85,B,C,C,B,B,AWS Solutions Architect,723,해당,,,
EMP0142,원준서,남,36,1991-05-08,910508-1767083,면제,2020-11-05,5,대졸,서울대학교,3.1,추천,정규직,,,,두리안정보기술,서울 강남,기획부,전략기획팀,1,대리,팀원,1,,,wonjunseo10@gmail.com,010-2587-2144,서울시 영등포구 여의도동,47000000,12,6,하나은행,162-309158-7347,가입,76,B,B,B,B,B,빅데이터분석기사,,해당,,,
EMP0143,진다현,여,47,1980-03-23,800323-2321321,해당없음,2009-03-12,17,대졸,충남대학교,2.8,경력,정규직,카카오,차장,프로젝트관리,두리안정보기술,서울 강남,인사부,교육팀,3,부장,팀원,2,권고사직,2014-06-30,jindahyun_work@daum.net,010-6620-6164,서울시 송파구 잠실동,79000000,18,8,신한은행,180-561-242739,가입,91,A,A,S,A,A,SQLD,636,해당,,정직,지각반복
EMP0144,지소연,여,36,1991-06-26,910626-2441337,해당없음,2023-06-28,2,대학원졸,충남대학교,2.5,경력,계약직,포스코,과장,영업관리,두리안정보기술,경기 판교,개발부,인프라팀,1,대리,팀원,1,,,jisoyeon54@nate.com,010-2645-7305,서울시 강동구 천호동,42900000,13,12,기업은행,030-03-105183,가입,83,,,,B,C,,684,비해당,,,
EMP0145,천준서,남,40,1987-01-05,870105-1229077,군필,2014-12-17,11,대졸,충남대학교,3.8,경력,정규직,포스코,대리,영업관리,두리안정보기술,경기 판교,개발부,AI팀,1,과장,팀원,1,,,chunjunseo_work@kakao.com,010-7252-8159,서울시 송파구 잠실동,60500000,26,15,하나은행,181-402834-8998,가입,84,B,B,B,B,C,,631,비해당,,,
EMP0146,안지호,남,28,1999-12-19,991219-1813011,군필,2023-02-11,3,전문대졸,인하공업전문대학,3.4,추천,계약직,,,,두리안정보기술,서울 여의도,개발부,AI팀,1,대리,팀원,1,자발적퇴직,2025-10-07,ahnjiho_kr@hanmail.net,010-3022-5480,경기도 고양시 일산동구 장항동,45100000,12,4,카카오뱅크,333-49-4244743,가입,77,,,,B,B,ADsP,917,해당,,,
EMP0147,나예린,여,35,1992-06-05,920605-2888808,해당없음,2015-07-02,10,대졸,서울대학교,3.6,추천,정규직,,,,두리안정보기술,서울 여의도,인사부,채용팀,3,과장,팀원,1,,,nayerin_dev@naver.com,010-4436-4573,서울시 마포구 합정동,59000000,29,14,우리은행,1006-452-583872,가입,78,C,C,C,B,C,리눅스마스터,,해당,,,
EMP0148,양동현,남,26,2001-03-02,010302-3763049,군필,2024-07-22,1,대졸,성균관대학교,4,공채,계약직,,,,두리안정보기술,서울 여의도,영업부,해외영업팀,1,사원,팀원,1,,,yangdonghyun_184@gmail.com,010-8856-5484,서울시 서초구 서초동,31000000,10,3,우리은행,1006-641-889602,가입,60,,,,,D,SQLD,,해당,,,
EMP0149,손태호,남,42,1985-02-11,850211-1141044,군필,2012-10-05,13,전문대졸,영진전문대학교,3.1,공채,정규직,,,,두리안정보기술,서울 강남,기획부,전략기획팀,1,차장,팀원,2,,,sontaeho12@hanmail.net,010-5891-6956,경기도 수원시 영통구 매탄동,61000000,24,5,토스뱅크,100-0390-0524,가입,81,A,B,B,B,A,,806,비해당,,감봉,복무규정위반
EMP0150,허민준,남,31,1996-05-22,960522-1177971,군필,2023-09-26,2,대졸,단국대학교,3.3,인턴전환,정규직,,,,두리안정보기술,서울 여의도,마케팅부,디지털마케팅팀,1,대리,팀원,1,,,heominjun_567@hanmail.net,010-4338-2156,경기도 용인시 기흥구 영덕동,46000000,14,5,하나은행,111-958051-5928,가입,80,,,,B,B,,683,비해당,,,
EMP0151,나다은,여,46,1981-03-11,810311-2863706,해당없음,2009-07-27,16,대학원졸,한양대학교,3.3,공채,정규직,,,,두리안정보기술,경기 판교,마케팅부,디지털마케팅팀,1,부장,팀원,2,,,nadaeun.5@gmail.com,010-1785-3797,서울시 용산구 이태원동,88000000,19,11,카카오뱅크,333-56-5553360,가입,83,B,A,B,B,B,리눅스마스터,553,해당,,,
EMP0152,오민지,여,51,1976-03-09,760309-2766511,해당없음,2005-08-19,20,대졸,중앙대학교,2.6,인턴전환,정규직,,,,두리안정보기술,서울 여의도,기획부,전략기획팀,1,부장,팀원,2,,,ohminji12@naver.com,010-1940-2385,서울시 강동구 천호동,75000000,16,10,기업은행,020-73-829973,가입,88,A,B,A,S,A,빅데이터분석기사,867,해당,,,
EMP0153,김미래,여,44,1983-09-22,830922-2218733,해당없음,2014-08-16,11,대졸,광운대학교,3.9,경력,정규직,쿠팡,과장,영업관리,두리안정보기술,서울 여의도,기획부,전략기획팀,1,차장,팀원,2,,,kimmirae_406@gmail.com,010-7449-4562,서울시 강동구 천호동,70000000,25,3,국민은행,810769-37-746686,가입,81,A,B,B,B,C,,,비해당,,,
EMP0154,남우혁,남,31,1996-08-11,960811-1788159,군필,2019-01-20,7,대졸,경북대학교,3,추천,계약직,,,,두리안정보기술,서울 여의도,영업부,국내영업팀,1,과장,팀원,1,,,namwoohyuk96@naver.com,010-5667-1659,서울시 서초구 방배동,52000000,20,11,신한은행,100-088-550220,가입,76,B,B,B,B,B,정보보안기사,593,해당,,,
EMP0155,백혜린,여,26,2001-05-04,010504-4186627,해당없음,2025-08-22,0,전문대졸,명지전문대학,3,경력,계약직,쿠팡,차장,데이터분석,두리안정보기술,서울 여의도,마케팅부,브랜드팀,1,사원,팀원,1,,,baekhyerin43@naver.com,010-8764-2688,경기도 성남시 분당구 정자동,36000000,8,5,신한은행,100-679-050590,가입,64,,,,,,,,비해당,,,
EMP0156,서성준,남,46,1981-03-13,810313-1142875,군필,2014-04-04,12,전문대졸,경북전문대학교,3.4,공채,정규직,,,,두리안정보기술,서울 강남,영업부,국내영업팀,1,차장,팀원,2,자발적퇴직,2019-07-09,seosungjun45@naver.com,010-5133-9049,서울시 노원구 상계동,60000000,15,10,농협은행,302-0152-0291-41,가입,88,A,S,A,S,B,정보보안기사,,해당,,,
EMP0157,전채원,여,24,2003-06-24,030624-4464211,해당없음,2026-03-11,0,대졸,한양대학교,3.4,경력,정규직,KT,사원,백엔드개발,두리안정보기술,경기 판교,기획부,사업기획팀,1,사원,팀원,1,자발적퇴직,2026-05-22,jeonchaewon9@naver.com,010-5491-3112,서울시 강동구 천호동,35000000,12,13,하나은행,181-922723-7436,가입,63,,,,,,,598,비해당,,,
EMP0158,주예준,남,44,1983-09-28,830928-1659484,군필,2006-08-22,19,대졸,명지대학교,3.1,추천,정규직,,,,두리안정보기술,서울 강남,인사부,교육팀,3,부장,팀원,2,,,juyejun_236@hanmail.net,010-2903-1022,경기도 용인시 기흥구 영덕동,77000000,16,4,우리은행,1006-733-493452,가입,82,B,B,B,B,A,리눅스마스터,637,해당,,,
EMP0159,나세연,여,32,1995-05-24,950524-2331356,해당없음,2023-12-18,2,전문대졸,인하공업전문대학,3.7,공채,정규직,,,,두리안정보기술,서울 여의도,마케팅부,브랜드팀,1,대리,팀원,1,,,naseyeon_556@kakao.com,010-2535-9125,서울시 마포구 상암동,40000000,14,12,농협은행,302-1553-9835-69,가입,74,,,,B,B,컴퓨터활용능력1급,,해당,,,
EMP0160,오윤서,여,31,1996-01-10,960110-2249564,해당없음,2025-11-10,0,전문대졸,명지전문대학,2.7,공채,정규직,,,,두리안정보기술,서울 여의도,인사부,교육팀,3,사원,팀원,1,,,ohyunseo_853@kakao.com,010-8279-3672,서울시 강동구 천호동,32000000,17,3,토스뱅크,100-3120-7592,가입,60,,,,,,정보처리기사,,해당,,경고,지각반복
EMP0161,심지아,여,27,2000-11-18,001118-4474664,해당없음,2023-12-09,2,고졸,,,공채,정규직,,,,두리안정보기술,서울 여의도,개발부,백엔드팀,1,대리,팀원,1,,,shimjia_186@kakao.com,010-9691-6486,인천시 부평구 부평동,42900000,19,3,카카오뱅크,333-82-6485537,가입,78,,,,B,B,SQLD,556,해당,,,
EMP0162,엄승환,남,28,1999-02-09,990209-1469737,면제,2022-05-12,4,대졸,단국대학교,3.7,공채,정규직,,,,두리안정보기술,서울 여의도,영업부,해외영업팀,1,사원,팀원,1,,,umseunghwan27@kakao.com,010-9144-9826,경기도 수원시 영통구 매탄동,37000000,12,15,우리은행,1006-620-971510,가입,73,,,B,C,B,,665,비해당,,,
EMP0163,성보미,여,30,1997-07-17,970717-2158579,해당없음,2025-10-23,0,전문대졸,경북전문대학교,3,공채,정규직,,,,두리안정보기술,서울 강남,개발부,프론트팀,1,사원,팀원,1,,,sungbomi94@nate.com,010-2208-8812,인천시 부평구 부평동,36300000,6,12,우리은행,1002-988-175833,가입,64,,,,,,,,비해당,,,
EMP0164,이준서,남,29,1998-01-19,980119-1843810,군필,2023-04-03,3,대학원졸,동국대학교,3.2,인턴전환,정규직,,,,두리안정보기술,서울 여의도,인사부,채용팀,3,대리,팀원,1,,,leejunseo26@hanmail.net,010-1917-4586,서울시 은평구 불광동,44000000,16,8,국민은행,347807-74-069826,가입,73,,,,C,B,ADsP,924,해당,,,
EMP0165,공승준,남,37,1990-11-21,901121-1928611,군필,2013-08-11,12,대학원졸,연세대학교,2.8,추천,계약직,,,,두리안정보기술,경기 판교,마케팅부,디지털마케팅팀,1,차장,팀원,2,,,kongseungjun55@hanmail.net,010-4192-6152,서울시 은평구 불광동,66000000,15,10,기업은행,020-63-116566,가입,78,B,C,D,B,B,정보처리기사,543,해당,,,
EMP0166,장지민,여,33,1994-09-26,940926-2648706,해당없음,2018-09-04,7,고졸,,,공채,정규직,,,,두리안정보기술,경기 판교,개발부,인프라팀,1,대리,팀원,1,,,jangjimin_468@naver.com,010-2228-3496,경기도 고양시 일산동구 장항동,44000000,17,10,우리은행,1006-516-973864,가입,72,B,B,B,B,B,,756,비해당,,,
EMP0167,조서연,여,28,1999-02-15,990215-2187546,해당없음,2022-02-16,4,전문대졸,경북전문대학교,3,인턴전환,계약직,,,,두리안정보기술,서울 여의도,인사부,교육팀,3,사원,팀원,1,정년퇴직,2024-07-28,joseoyeon88@naver.com,010-2725-5762,서울시 은평구 불광동,35000000,13,8,토스뱅크,100-8177-4743,가입,74,,,C,D,B,AWS Solutions Architect,762,해당,,,
EMP0168,주성호,남,27,2000-02-12,000212-3730275,군필,2023-08-22,2,대졸,서강대학교,3.9,공채,계약직,,,,두리안정보기술,서울 강남,마케팅부,브랜드팀,1,사원,팀원,1,,,jusungho37@daum.net,010-5129-3885,서울시 강남구 논현동,37000000,5,13,하나은행,181-751881-9618,가입,71,,,,C,C,AWS Solutions Architect,,해당,공로상,,
EMP0169,정선우,남,28,1999-07-17,990717-1706590,군필,2022-12-15,3,전문대졸,인하공업전문대학,3,추천,정규직,,,,두리안정보기술,경기 판교,영업부,국내영업팀,1,대리,팀원,1,,,jungsunwoo20@nate.com,010-7658-5305,경기도 성남시 분당구 정자동,41000000,15,0,기업은행,020-01-065133,가입,78,,,B,C,C,,957,비해당,,,
EMP0170,유지후,남,43,1984-12-07,841207-1218887,군필,2015-01-07,11,전문대졸,영진전문대학교,2.8,인턴전환,정규직,,,,두리안정보기술,서울 여의도,기획부,전략기획팀,1,차장,팀원,2,,,yoojihoo79@daum.net,010-8167-5640,인천시 부평구 부평동,66000000,22,11,국민은행,069482-80-985009,가입,84,B,A,C,B,A,정보보안기사,777,해당,,,
EMP0171,강하준,남,24,2003-08-24,030824-3397380,군필,2025-07-04,0,대학원졸,명지대학교,3.5,공채,정규직,,,,두리안정보기술,경기 판교,개발부,인프라팀,1,사원,팀원,1,,,kanghajun54@gmail.com,010-1430-3512,서울시 노원구 상계동,41800000,15,9,토스뱅크,100-1886-7865,가입,68,,,,,,,,비해당,,감봉,지각반복
EMP0172,고지유,여,37,1990-04-20,900420-2313660,해당없음,2019-09-13,6,대졸,동국대학교,4,추천,정규직,,,,두리안정보기술,서울 여의도,마케팅부,디지털마케팅팀,1,과장,팀원,1,,,kojiyu2@hanmail.net,010-7265-1414,서울시 서초구 방배동,58000000,19,13,기업은행,010-87-262473,가입,74,B,C,B,C,D,,,비해당,,,
EMP0173,나민지,여,27,2000-09-27,000927-4180019,해당없음,2025-05-07,1,대졸,숙명여자대학교,3.9,공채,정규직,,,,두리안정보기술,경기 판교,마케팅부,브랜드팀,1,사원,팀원,1,,,naminji@gmail.com,010-3927-1515,서울시 서초구 서초동,33000000,15,12,신한은행,100-576-372859,가입,73,,,,,,,551,비해당,,경고,복무규정위반
EMP0174,문채영,여,45,1982-12-09,821209-2302432,해당없음,2016-03-17,10,대졸,인하대학교,2.8,경력,정규직,SK하이닉스,사원,인사관리,두리안정보기술,서울 여의도,인사부,채용팀,3,차장,팀원,2,,,moonchaeyoung31@kakao.com,010-8309-7942,인천시 부평구 부평동,61000000,17,8,우리은행,1005-274-189259,가입,81,B,B,A,B,B,,914,비해당,,,
EMP0175,홍유진,여,30,1997-06-12,970612-2587982,해당없음,2023-04-19,3,대졸,강원대학교,3.4,인턴전환,정규직,,,,두리안정보기술,서울 강남,마케팅부,디지털마케팅팀,1,사원,팀원,1,,,hongyujin50@hanmail.net,010-5555-2225,경기도 고양시 일산동구 장항동,31000000,8,2,기업은행,010-78-108013,가입,77,,,,B,C,정보보안기사,663,해당,,,
EMP0176,엄미래,여,32,1995-08-16,950816-2388016,해당없음,2022-04-02,4,전문대졸,인하공업전문대학,3.4,경력,정규직,SK하이닉스,사원,마케팅기획,두리안정보기술,서울 여의도,영업부,해외영업팀,1,대리,팀원,1,,,ummirae73@daum.net,010-8447-9082,경기도 용인시 기흥구 영덕동,38000000,22,12,국민은행,833455-16-373879,가입,79,,,B,B,C,정보처리기사,548,해당,,,
EMP0177,양우혁,남,24,2003-01-05,030105-3255190,미필,2026-01-27,0,고졸,,,경력,계약직,포스코,사원,백엔드개발,두리안정보기술,서울 여의도,영업부,해외영업팀,1,사원,팀원,1,,,yangwoohyuk83@daum.net,010-6274-8908,서울시 송파구 잠실동,31000000,15,3,농협은행,301-9369-3391-26,가입,74,,,,,,,,비해당,,,
EMP0178,안정우,남,42,1985-04-22,850422-1272172,군필,2008-09-27,17,대졸,서울대학교,3.2,경력,정규직,네이버,대리,인사관리,두리안정보기술,서울 여의도,개발부,백엔드팀,1,부장,팀원,2,,,ahnjungwoo40@naver.com,010-5370-1468,경기도 성남시 분당구 판교동,89100000,13,14,농협은행,301-5797-0474-73,가입,84,C,A,B,B,B,,899,비해당,,,
EMP0179,문예원,여,25,2002-03-13,020313-4703172,해당없음,2025-07-07,0,대졸,연세대학교,2.6,인턴전환,정규직,,,,두리안정보기술,서울 강남,마케팅부,브랜드팀,1,사원,팀원,1,,,moonyewon36@naver.com,010-5395-9112,서울시 마포구 합정동,38000000,8,3,카카오뱅크,333-76-8460930,가입,62,,,,,,,,비해당,,,
EMP0180,신지훈,남,40,1987-02-06,870206-1595523,군필,2012-12-01,13,대졸,덕성여자대학교,2.8,경력,정규직,네이버,차장,데이터분석,두리안정보기술,서울 강남,기획부,사업기획팀,1,차장,팀원,2,,,shinjihoon30@daum.net,010-6499-8415,경기도 성남시 분당구 판교동,68000000,15,9,국민은행,201931-98-983188,가입,78,B,B,C,B,B,,,비해당,,,
EMP0181,성예원,여,43,1984-01-27,840127-2213174,해당없음,2012-06-15,13,대졸,전북대학교,2.7,추천,정규직,,,,두리안정보기술,경기 판교,영업부,해외영업팀,1,차장,팀원,2,,,sungyewon_work@kakao.com,010-7836-5526,서울시 강동구 천호동,65000000,25,14,국민은행,222626-54-910179,가입,88,S,A,A,B,A,리눅스마스터,,해당,,,
EMP0182,박성준,남,36,1991-07-26,910726-1923408,면제,2014-10-04,11,대졸,충남대학교,3.2,경력,정규직,KT,대리,마케팅기획,두리안정보기술,서울 여의도,기획부,사업기획팀,1,과장,팀원,1,,,parksungjun_dev@naver.com,010-1526-8752,서울시 노원구 상계동,55000000,19,8,토스뱅크,100-5688-6757,가입,85,B,B,B,C,B,정보보안기사,,해당,팀워크상,,
EMP0183,엄성민,남,33,1994-10-10,941010-1591130,군필,2023-05-10,3,대학원졸,숭실대학교,3.5,경력,정규직,포스코,대리,마케팅기획,두리안정보기술,서울 여의도,기획부,사업기획팀,1,대리,팀원,1,,,umsungmin81@gmail.com,010-3303-5954,서울시 송파구 잠실동,40000000,16,13,농협은행,351-2865-3081-67,가입,82,,,,B,B,,,비해당,,,
EMP0184,장유진,여,40,1987-07-05,870705-2243028,해당없음,2018-01-25,8,고졸,,,공채,정규직,,,,두리안정보기술,서울 여의도,개발부,인프라팀,1,과장,팀원,1,계약만료,2020-04-07,jangyujin.8@nate.com,010-4288-2879,서울시 강남구 논현동,59400000,28,4,기업은행,010-67-736026,가입,84,B,B,B,B,B,,604,비해당,,,
EMP0185,임재현,남,25,2002-08-01,020801-3603805,미필,2025-04-04,1,대졸,서울대학교,3.1,인턴전환,정규직,,,,두리안정보기술,서울 여의도,마케팅부,브랜드팀,1,사원,팀원,1,,,limjaehyun48@kakao.com,010-7830-7960,서울시 서초구 방배동,38000000,9,15,농협은행,302-4746-8239-77,가입,63,,,,,,,761,비해당,,,
EMP0186,류민호,남,30,1997-01-21,970121-1171523,군필,2025-10-10,0,대졸,충남대학교,2.9,추천,계약직,,,,두리안정보기술,서울 여의도,개발부,AI팀,1,사원,팀원,1,,,ryuminho.6@hanmail.net,010-6703-7615,서울시 강남구 논현동,40700000,11,5,하나은행,181-384441-7946,가입,75,,,,,,,901,비해당,,,
EMP0187,이준우,남,25,2002-08-11,020811-3614958,군필,2025-08-22,0,대학원졸,경북대학교,3.6,추천,계약직,,,,두리안정보기술,서울 여의도,인사부,채용팀,3,사원,팀원,1,,,leejunwoo_859@gmail.com,010-1397-2576,서울시 마포구 합정동,33000000,15,7,농협은행,302-2847-1727-00,가입,69,,,,,,ADsP,826,해당,,,
EMP0188,장민준,남,33,1994-02-11,940211-1968376,미필,2019-09-28,6,전문대졸,영진전문대학교,3.3,추천,정규직,,,,두리안정보기술,서울 여의도,기획부,사업기획팀,1,대리,팀원,1,,,jangminjun.4@hanmail.net,010-9192-6115,서울시 은평구 불광동,40000000,16,2,우리은행,1006-347-212689,가입,79,B,B,B,B,C,리눅스마스터,776,해당,,,
EMP0189,성지호,남,38,1989-01-11,890111-1143768,면제,2018-11-01,7,전문대졸,영진전문대학교,3.3,경력,정규직,삼성전자,대리,프로젝트관리,두리안정보기술,경기 판교,영업부,국내영업팀,1,과장,팀원,1,,,sungjiho_458@gmail.com,010-1906-1431,서울시 마포구 합정동,54000000,18,7,신한은행,100-688-433660,가입,81,A,A,B,B,C,,782,비해당,,,
EMP0190,엄서윤,여,38,1989-07-23,890723-2232871,해당없음,2020-07-25,5,대졸,성균관대학교,3,인턴전환,계약직,,,,두리안정보기술,서울 강남,마케팅부,브랜드팀,1,과장,팀원,1,,,umseoyoon.3@kakao.com,010-8843-3005,서울시 강남구 논현동,50000000,20,1,국민은행,047699-55-206399,가입,78,B,D,C,B,B,,868,비해당,,,
EMP0191,안민석,남,31,1996-12-10,961210-1781478,군필,2024-04-15,2,대졸,경북대학교,3,인턴전환,계약직,,,,두리안정보기술,서울 여의도,기획부,사업기획팀,1,사원,팀원,1,,,ahnminseok_work@gmail.com,010-1978-5572,인천시 부평구 부평동,35000000,6,15,기업은행,010-64-746872,가입,60,,,,,D,정보보안기사,,해당,,경고,업무태만
EMP0192,노서윤,여,33,1994-04-13,940413-2506963,해당없음,2020-01-08,6,대졸,경희대학교,3.9,인턴전환,정규직,,,,두리안정보기술,경기 판교,마케팅부,디지털마케팅팀,1,대리,팀원,1,,,nohseoyoon30@nate.com,010-4903-3160,서울시 강남구 역삼동,40000000,18,13,기업은행,010-43-098050,가입,82,B,A,C,B,B,,,비해당,,,
EMP0193,엄나은,여,27,2000-10-13,001013-4183410,해당없음,2023-05-11,3,전문대졸,인하공업전문대학,3.7,인턴전환,정규직,,,,두리안정보기술,경기 판교,기획부,사업기획팀,1,사원,팀원,1,,,umnaeun_dev@kakao.com,010-3084-4726,경기도 용인시 기흥구 영덕동,30000000,14,10,국민은행,019605-60-486092,가입,77,,,,C,B,정보보안기사,932,해당,,,
EMP0194,임우혁,남,36,1991-01-06,910106-1125894,군필,2014-02-21,12,대학원졸,경희대학교,2.6,경력,정규직,카카오,사원,인사관리,두리안정보기술,서울 강남,기획부,사업기획팀,1,차장,팀원,2,,,limwoohyuk.5@gmail.com,010-3626-7034,서울시 강남구 삼성동,70000000,24,11,국민은행,146438-66-624033,가입,90,A,B,A,A,A,,,비해당,MVP,,
EMP0195,임하영,여,25,2002-06-17,020617-4382258,해당없음,2025-04-26,1,대졸,충남대학교,3.5,공채,정규직,,,,두리안정보기술,서울 여의도,기획부,사업기획팀,1,사원,팀원,1,,,limhayoung56@daum.net,010-2890-4949,서울시 강서구 마곡동,38000000,18,9,신한은행,100-333-909082,가입,78,,,,,,,741,비해당,,,
EMP0196,양하린,여,35,1992-11-16,921116-2845937,해당없음,2019-02-12,7,대학원졸,홍익대학교,3.9,경력,계약직,쿠팡,대리,마케팅기획,두리안정보기술,경기 판교,인사부,교육팀,3,대리,팀원,1,,,yangharin5@naver.com,010-9436-9672,서울시 은평구 불광동,47000000,21,4,농협은행,351-4758-2675-71,가입,71,C,B,C,B,B,,,비해당,우수사원상,,
EMP0197,문수아,여,35,1992-02-11,920211-2722385,해당없음,2022-12-10,3,대졸,부산대학교,3.6,공채,정규직,,,,두리안정보기술,서울 강남,기획부,전략기획팀,1,대리,팀원,1,,,moonsua42@naver.com,010-5871-9082,서울시 용산구 이태원동,43000000,20,12,토스뱅크,100-2019-6200,가입,82,,,A,B,B,,,비해당,,,
EMP0198,주준서,남,40,1987-06-13,870613-1678985,군필,2016-07-10,9,고졸,,,경력,정규직,KT,과장,프론트엔드개발,두리안정보기술,서울 강남,인사부,채용팀,3,과장,팀원,1,,,jujunseo70@daum.net,010-4328-5617,경기도 고양시 일산동구 장항동,53000000,18,1,기업은행,010-97-882081,가입,83,B,B,B,B,B,,618,비해당,,,
EMP0199,방은별,여,33,1994-02-23,940223-2432951,해당없음,2017-08-10,8,대학원졸,건국대학교,4,경력,정규직,LG전자,과장,프론트엔드개발,두리안정보기술,경기 판교,개발부,인프라팀,1,과장,팀원,1,,,bangeunbyul.3@kakao.com,010-4607-4205,서울시 송파구 문정동,64900000,26,1,하나은행,162-154369-5187,가입,84,B,B,B,B,A,,,비해당,우수사원상,,
EMP0200,임지영,여,31,1996-11-03,961103-2539976,해당없음,2024-03-07,2,대졸,아주대학교,3.6,경력,계약직,쿠팡,대리,인사관리,두리안정보기술,서울 여의도,인사부,채용팀,3,사원,팀원,1,계약만료,2026-01-15,limjiyoung@nate.com,010-7522-3098,경기도 성남시 분당구 판교동,38000000,10,13,토스뱅크,100-0759-1941,가입,67,,,,,C,,651,비해당,우수사원상,,
EMP0201,구수진,여,44,1983-09-07,830907-2120887,해당없음,2011-05-09,15,대학원졸,이화여자대학교,3.1,추천,정규직,,,,두리안정보기술,경기 판교,개발부,AI팀,1,부장,팀원,2,,,koosujin.1@naver.com,010-6932-9773,서울시 마포구 합정동,96800000,18,10,국민은행,794707-17-314916,가입,83,C,C,B,B,B,,,비해당,팀워크상,,
EMP0202,성성호,남,44,1983-06-14,830614-1259223,군필,2007-03-12,19,대학원졸,서울대학교,3.3,공채,정규직,,,,두리안정보기술,경기 판교,기획부,전략기획팀,1,부장,팀원,2,,,sungsungho48@naver.com,010-2633-5329,경기도 용인시 기흥구 영덕동,81000000,18,9,농협은행,356-6621-9639-13,가입,85,B,B,B,B,A,컴퓨터활용능력1급,,해당,MVP,정직,업무태만
EMP0203,손다현,여,28,1999-05-16,990516-2362111,해당없음,2022-07-18,3,대졸,아주대학교,3.9,추천,정규직,,,,두리안정보기술,경기 판교,기획부,전략기획팀,1,대리,팀원,1,,,sondahyun_dev@kakao.com,010-6102-6535,서울시 서초구 방배동,42000000,12,15,신한은행,100-283-441276,미가입,80,,,B,B,B,SQLD,586,해당,,,
EMP0204,홍동현,남,42,1985-04-25,850425-1673660,군필,2016-05-23,9,전문대졸,명지전문대학,3,경력,계약직,LG전자,사원,재무회계,두리안정보기술,경기 판교,마케팅부,브랜드팀,1,차장,팀원,2,,,hongdonghyun.5@daum.net,010-7088-3718,서울시 서초구 방배동,68000000,21,9,신한은행,140-683-272571,가입,78,B,D,B,B,C,,820,비해당,,,
EMP0205,곽예린,여,41,1986-04-11,860411-2114815,해당없음,2012-08-15,13,대졸,덕성여자대학교,2.5,추천,정규직,,,,두리안정보기술,경기 판교,인사부,채용팀,3,차장,팀원,2,,,kwakyerin_work@hanmail.net,010-9864-4319,서울시 강남구 논현동,71000000,19,13,우리은행,1005-426-666931,가입,82,B,B,C,B,C,AWS Solutions Architect,825,해당,,,
EMP0206,조건우,남,29,1998-03-26,980326-1546070,군필,2021-10-04,4,전문대졸,영진전문대학교,3.9,인턴전환,계약직,,,,두리안정보기술,서울 여의도,기획부,사업기획팀,1,대리,팀원,1,,,jogunwoo58@daum.net,010-6107-9552,서울시 용산구 이태원동,46000000,15,3,토스뱅크,100-7670-0918,가입,77,,B,B,B,B,,958,비해당,,,
EMP0207,구건우,남,28,1999-08-16,990816-1486785,군필,2025-07-18,0,대졸,동국대학교,3.8,공채,정규직,,,,두리안정보기술,서울 강남,개발부,인프라팀,1,사원,팀원,1,,,koogunwoo92@gmail.com,010-5145-5492,경기도 용인시 기흥구 영덕동,37400000,13,8,기업은행,010-19-136193,가입,60,,,,,,,684,비해당,,감봉,복무규정위반
EMP0208,주서준,남,48,1979-08-24,790824-1857213,군필,2004-08-06,21,고졸,,,경력,정규직,쿠팡,사원,백엔드개발,두리안정보기술,경기 판교,개발부,AI팀,1,부장,팀원,2,,,juseojun.4@naver.com,010-5368-2375,서울시 마포구 상암동,85800000,20,12,토스뱅크,100-9985-5392,가입,82,C,B,A,A,B,,,비해당,,,
EMP0209,박나은,여,39,1988-12-27,881227-2859459,해당없음,2011-03-21,15,대졸,건국대학교,3.2,인턴전환,정규직,,,,두리안정보기술,서울 강남,영업부,해외영업팀,1,차장,팀원,2,,,parknaeun49@nate.com,010-5703-3916,서울시 송파구 문정동,60000000,19,6,신한은행,180-446-061029,가입,88,B,S,B,A,A,,,비해당,,,
EMP0210,주재민,남,30,1997-03-10,970310-1195166,군필,2022-05-07,4,대학원졸,연세대학교,3,인턴전환,정규직,,,,두리안정보기술,서울 여의도,마케팅부,브랜드팀,1,대리,팀원,1,,,jujaemin76@naver.com,010-8655-6291,서울시 노원구 상계동,42000000,14,14,우리은행,1006-384-647586,가입,74,,,B,B,B,정보보안기사,,해당,,,
EMP0211,지하영,여,29,1998-01-06,980106-2900244,해당없음,2025-11-12,0,대졸,성균관대학교,3.9,경력,정규직,롯데그룹,대리,백엔드개발,두리안정보기술,서울 강남,마케팅부,브랜드팀,1,사원,팀원,1,,,jihayoung_510@daum.net,010-9586-4251,경기도 고양시 일산동구 장항동,36000000,11,8,토스뱅크,100-1781-8521,가입,73,,,,,,,705,비해당,,,
EMP0212,장수현,남,25,2002-06-15,020615-3840529,군필,2025-03-26,1,대졸,서울대학교,3.8,경력,정규직,SK하이닉스,대리,재무회계,두리안정보기술,서울 여의도,인사부,교육팀,3,사원,팀원,1,,,jangsoohyun_dev@nate.com,010-7956-7452,경기도 수원시 영통구 매탄동,36000000,17,12,신한은행,100-594-291872,가입,63,,,,,,,,비해당,,,
EMP0213,문정수,남,45,1982-03-25,820325-1815485,군필,2016-04-20,10,대졸,성균관대학교,3.9,추천,정규직,,,,두리안정보기술,서울 여의도,영업부,해외영업팀,1,차장,팀원,2,,,moonjungsu45@naver.com,010-6226-3109,경기도 고양시 일산동구 장항동,63000000,22,2,하나은행,111-068179-5846,가입,90,A,A,A,A,A,,990,비해당,,,
EMP0214,엄하은,여,31,1996-01-10,960110-2150901,해당없음,2023-07-25,2,대졸,명지대학교,3.3,추천,계약직,,,,두리안정보기술,서울 여의도,영업부,국내영업팀,1,사원,팀원,1,,,umhaeun_work@kakao.com,010-6528-5852,서울시 강남구 역삼동,36000000,9,3,기업은행,030-90-916998,가입,61,,,,D,D,컴퓨터활용능력1급,916,해당,,,
EMP0215,오다현,여,33,1994-05-21,940521-2253878,해당없음,2023-08-11,2,대학원졸,경희대학교,2.9,추천,정규직,,,,두리안정보기술,서울 강남,기획부,전략기획팀,1,대리,팀원,1,자발적퇴직,2024-12-17,ohdahyun82@naver.com,010-5208-2298,서울시 영등포구 여의도동,38000000,16,10,우리은행,1006-173-503823,가입,70,,,,C,C,,,비해당,,감봉,복무규정위반
EMP0216,서동현,남,31,1996-04-23,960423-1401813,군필,2019-09-18,6,대학원졸,이화여자대학교,3.6,인턴전환,계약직,,,,두리안정보기술,경기 판교,영업부,해외영업팀,1,대리,팀원,1,,,seodonghyun@daum.net,010-6237-6674,서울시 강서구 마곡동,38000000,19,10,국민은행,869251-94-899166,가입,81,B,A,B,B,B,정보보안기사,615,해당,팀워크상,,
EMP0217,남정수,남,26,2001-01-22,010122-3736613,군필,2024-05-13,2,대졸,고려대학교,3,인턴전환,정규직,,,,두리안정보기술,서울 여의도,마케팅부,브랜드팀,1,사원,팀원,1,,,namjungsu32@hanmail.net,010-7693-6767,서울시 마포구 합정동,31000000,6,6,토스뱅크,100-5770-0155,가입,72,,,,,D,ADsP,,해당,,,
EMP0218,구나은,여,32,1995-11-21,951121-2335082,해당없음,2018-02-22,8,대졸,이화여자대학교,3.6,추천,정규직,,,,두리안정보기술,경기 판교,영업부,해외영업팀,1,대리,팀원,1,,,koonaeun3@daum.net,010-1372-7378,경기도 수원시 영통구 매탄동,48000000,19,13,토스뱅크,100-2079-7199,가입,70,C,C,D,C,C,빅데이터분석기사,,해당,,,
EMP0219,한민호,남,30,1997-04-11,970411-1593050,군필,2022-08-23,3,전문대졸,인하공업전문대학,3.2,추천,계약직,,,,두리안정보기술,경기 판교,영업부,국내영업팀,1,대리,팀원,1,,,hanminho92@kakao.com,010-8877-1979,서울시 강동구 천호동,40000000,11,8,하나은행,200-048662-8930,가입,81,,,B,A,B,SQLD,516,해당,,,
EMP0220,방지우,여,33,1994-11-15,941115-2925621,해당없음,2018-09-21,7,대졸,한양대학교,3.6,공채,계약직,,,,두리안정보기술,서울 여의도,개발부,백엔드팀,1,대리,팀원,1,,,bangjiwoo_dev@gmail.com,010-4621-7076,경기도 고양시 일산동구 장항동,48400000,21,8,기업은행,020-43-534624,가입,76,C,B,B,C,B,,,비해당,,,
EMP0221,천다현,여,29,1998-08-23,980823-2429563,해당없음,2021-11-10,4,대학원졸,단국대학교,2.7,경력,정규직,쿠팡,과장,영업관리,두리안정보기술,경기 판교,영업부,국내영업팀,1,대리,팀원,1,,,chundahyun68@nate.com,010-2060-6609,서울시 송파구 잠실동,45000000,16,5,국민은행,333305-08-432773,가입,83,,B,B,B,B,AWS Solutions Architect,,해당,,,
EMP0222,신소희,여,28,1999-02-21,990221-2568328,해당없음,2022-12-26,3,대졸,가천대학교,3.8,공채,정규직,,,,두리안정보기술,서울 강남,영업부,해외영업팀,1,사원,팀원,1,,,shinsohee_766@gmail.com,010-5354-5546,서울시 강남구 논현동,33000000,8,5,하나은행,111-329543-4524,가입,68,,,B,C,C,,,비해당,,,
EMP0223,방시우,남,28,1999-04-19,990419-1944906,군필,2026-04-08,0,대졸,명지대학교,3,공채,계약직,,,,두리안정보기술,경기 판교,마케팅부,디지털마케팅팀,1,사원,팀원,1,,,bangsiwoo@hanmail.net,010-8918-9424,서울시 강동구 천호동,37000000,5,13,신한은행,140-168-450015,가입,68,,,,,,,953,비해당,,,
EMP0224,안보미,여,32,1995-09-10,950910-2420218,해당없음,2021-11-18,4,대졸,경북대학교,2.5,추천,정규직,,,,두리안정보기술,경기 판교,마케팅부,디지털마케팅팀,1,대리,팀원,1,,,ahnbomi_dev@naver.com,010-4144-7491,서울시 마포구 상암동,48000000,22,3,토스뱅크,100-5708-4557,가입,83,,C,B,A,B,,898,비해당,공로상,,
EMP0225,민준우,남,35,1992-07-25,920725-1794214,군필,2020-11-20,5,고졸,,,인턴전환,정규직,,,,두리안정보기술,서울 강남,인사부,교육팀,3,대리,팀원,1,,,minjunwoo.9@nate.com,010-4267-4522,인천시 부평구 부평동,42000000,14,0,기업은행,020-51-079911,가입,79,B,B,B,B,B,AWS Solutions Architect,,해당,,정직,지각반복
EMP0226,송지민,여,27,2000-08-24,000824-4718458,해당없음,2025-06-24,0,대졸,가천대학교,2.9,추천,정규직,,,,두리안정보기술,서울 강남,개발부,인프라팀,1,사원,팀원,1,,,songjimin_work@hanmail.net,010-9700-5774,서울시 강남구 역삼동,40700000,14,2,카카오뱅크,333-74-4756320,가입,66,,,,,,,896,비해당,,,
EMP0227,함시우,남,46,1981-04-06,810406-1928519,군필,2006-08-24,19,대졸,한국외국어대학교,2.9,인턴전환,계약직,,,,두리안정보기술,서울 여의도,마케팅부,디지털마케팅팀,1,부장,팀원,2,,,hamsiwoo.2@gmail.com,010-9712-3592,경기도 성남시 분당구 정자동,85000000,16,10,신한은행,180-141-924224,가입,91,A,A,S,S,B,빅데이터분석기사,,해당,,,
EMP0228,주민호,남,46,1981-11-14,811114-1471872,군필,2013-02-25,13,대학원졸,전북대학교,3.5,경력,정규직,쿠팡,사원,재무회계,두리안정보기술,경기 판교,마케팅부,브랜드팀,1,차장,팀원,2,계약만료,2024-05-02,juminho.1@hanmail.net,010-1646-3086,경기도 수원시 영통구 매탄동,64000000,18,4,농협은행,356-3751-8854-80,가입,90,A,A,S,A,A,,834,비해당,,,
EMP0229,정지수,여,30,1997-05-06,970506-2859712,해당없음,2020-04-07,6,전문대졸,영진전문대학교,2.5,인턴전환,정규직,,,,두리안정보기술,경기 판교,영업부,국내영업팀,1,대리,팀원,1,,,jungjisu_858@naver.com,010-2487-9305,서울시 노원구 상계동,44000000,12,3,토스뱅크,100-5218-2793,가입,74,B,B,B,B,B,빅데이터분석기사,563,해당,공로상,,
EMP0230,안예은,여,31,1996-07-13,960713-2828833,해당없음,2026-01-13,0,대학원졸,부산대학교,3.9,추천,계약직,,,,두리안정보기술,서울 강남,영업부,해외영업팀,1,사원,팀원,1,,,ahnyeeun_dev@hanmail.net,010-7797-3580,서울시 영등포구 여의도동,31000000,17,1,하나은행,181-872717-4482,가입,61,,,,,,AWS Solutions Architect,,해당,,정직,지각반복
EMP0231,오준서,남,26,2001-03-01,010301-3169547,군필,2024-02-26,2,고졸,,,인턴전환,정규직,,,,두리안정보기술,서울 여의도,인사부,교육팀,3,사원,팀원,1,,,ohjunseo_dev@kakao.com,010-8692-5208,서울시 서초구 방배동,37000000,12,13,국민은행,191230-97-978676,가입,74,,,,,C,,507,비해당,,,
EMP0232,지보미,여,36,1991-08-16,910816-2707511,해당없음,2018-12-04,7,전문대졸,인하공업전문대학,2.8,경력,정규직,카카오,사원,영업관리,두리안정보기술,서울 강남,인사부,채용팀,3,대리,팀원,1,자발적퇴직,2024-06-14,jibomi_286@naver.com,010-7500-6284,서울시 강남구 역삼동,47000000,21,1,하나은행,181-018373-2828,가입,80,B,B,B,A,B,,,비해당,MVP,,
EMP0233,심민지,여,30,1997-10-09,971009-2226120,해당없음,2023-04-15,3,대졸,국민대학교,3,인턴전환,정규직,,,,두리안정보기술,서울 강남,마케팅부,디지털마케팅팀,1,사원,팀원,1,,,shimminji74@hanmail.net,010-4192-3321,서울시 송파구 잠실동,38000000,7,9,농협은행,302-6880-4343-19,가입,71,,,,B,C,정보처리기사,,해당,공로상,,
EMP0234,서지훈,남,40,1987-09-17,870917-1682753,군필,2014-03-19,12,대졸,인하대학교,3.1,경력,정규직,KT,대리,데이터분석,두리안정보기술,경기 판교,기획부,사업기획팀,1,과장,팀원,1,,,seojihoon27@naver.com,010-4972-7410,서울시 마포구 상암동,48000000,21,2,카카오뱅크,333-47-9525982,가입,85,B,A,B,B,A,정보보안기사,980,해당,,,
EMP0235,배하영,여,27,2000-05-05,000505-4142961,해당없음,2024-02-08,2,전문대졸,영진전문대학교,3.6,인턴전환,계약직,,,,두리안정보기술,서울 여의도,개발부,프론트팀,1,사원,팀원,1,자발적퇴직,2025-10-31,baehayoung84@daum.net,010-4680-9566,서울시 서초구 서초동,39600000,18,3,농협은행,356-3089-3291-73,가입,68,,,,,C,SQLD,,해당,,,
EMP0236,방재현,남,41,1986-12-14,861214-1501171,군필,2013-11-16,12,전문대졸,영진전문대학교,3.9,인턴전환,정규직,,,,두리안정보기술,경기 판교,개발부,백엔드팀,1,차장,팀원,2,,,bangjaehyun.6@nate.com,010-7911-7451,서울시 강남구 삼성동,72600000,24,3,농협은행,351-4953-7596-46,가입,79,B,B,B,B,B,ADsP,928,해당,,,
EMP0237,진은별,여,40,1987-07-27,870727-2319551,해당없음,2014-09-02,11,대학원졸,한국외국어대학교,2.6,인턴전환,정규직,,,,두리안정보기술,서울 강남,마케팅부,디지털마케팅팀,1,과장,팀원,1,,,jineunbyul@hanmail.net,010-9818-4728,서울시 용산구 이태원동,60000000,29,11,국민은행,314309-72-609288,가입,80,A,B,B,B,B,,857,비해당,,,
EMP0238,조하린,여,42,1985-11-06,851106-2194940,해당없음,2011-10-16,14,전문대졸,경북전문대학교,3,추천,계약직,,,,두리안정보기술,서울 강남,마케팅부,디지털마케팅팀,1,차장,팀원,2,,,joharin69@nate.com,010-5815-2346,서울시 용산구 이태원동,72000000,19,10,기업은행,030-38-425135,가입,80,A,B,A,B,B,,703,비해당,,,
EMP0239,유도윤,남,35,1992-01-16,920116-1552266,면제,2022-11-09,3,대졸,충남대학교,2.7,경력,정규직,KT,차장,프로젝트관리,두리안정보기술,서울 여의도,인사부,채용팀,3,대리,팀원,1,,,yoodoyoon_kr@nate.com,010-5045-9819,경기도 고양시 일산동구 장항동,41000000,15,10,카카오뱅크,333-11-5273043,가입,75,,,B,C,B,컴퓨터활용능력1급,,해당,,,
EMP0240,조도현,남,48,1979-10-08,791008-1838425,군필,2006-02-26,20,대졸,경희대학교,3.4,추천,정규직,,,,두리안정보기술,서울 여의도,기획부,전략기획팀,1,부장,팀원,2,,,jodohyun.4@hanmail.net,010-7670-3363,경기도 수원시 영통구 매탄동,86000000,18,14,우리은행,1002-046-051991,가입,85,C,A,A,C,B,컴퓨터활용능력1급,985,해당,,정직,복무규정위반
EMP0241,김유진,여,29,1998-02-20,980220-2841618,해당없음,2022-02-25,4,대졸,단국대학교,2.9,경력,계약직,현대자동차,대리,백엔드개발,두리안정보기술,서울 강남,기획부,사업기획팀,1,사원,팀원,1,,,kimyujin@nate.com,010-2336-6565,서울시 강서구 마곡동,31000000,9,2,토스뱅크,100-4135-0464,가입,75,,,C,B,B,,675,비해당,,,
EMP0242,곽현준,남,24,2003-06-04,030604-3631972,군필,2026-01-22,0,대졸,연세대학교,2.5,인턴전환,정규직,,,,두리안정보기술,서울 강남,개발부,백엔드팀,1,사원,팀원,1,,,kwakhyunjun80@daum.net,010-3955-9494,서울시 마포구 상암동,35200000,18,0,신한은행,140-953-780781,가입,74,,,,,,,956,비해당,,,
EMP0243,노도현,남,38,1989-09-27,890927-1703022,면제,2012-08-22,13,대졸,건국대학교,2.9,인턴전환,계약직,,,,두리안정보기술,경기 판교,마케팅부,디지털마케팅팀,1,차장,팀원,2,,,nohdohyun_dev@nate.com,010-7984-7623,서울시 영등포구 여의도동,66000000,23,6,토스뱅크,100-9037-5319,가입,88,S,B,A,B,A,,766,비해당,팀워크상,,
EMP0244,강지영,여,31,1996-08-20,960820-2633458,해당없음,2025-06-18,0,대학원졸,전남대학교,3.3,공채,정규직,,,,두리안정보기술,서울 강남,영업부,해외영업팀,1,사원,팀원,1,자발적퇴직,2025-09-28,kangjiyoung13@nate.com,010-4335-9114,서울시 마포구 합정동,36000000,15,6,우리은행,1006-109-665734,가입,61,,,,,,,,비해당,,,
EMP0245,박성민,남,25,2002-11-27,021127-3956397,군필,2025-01-08,1,전문대졸,경북전문대학교,2.6,추천,계약직,,,,두리안정보기술,서울 강남,인사부,교육팀,3,사원,팀원,1,,,parksungmin6@nate.com,010-2874-2888,서울시 마포구 상암동,35000000,9,12,농협은행,302-9240-1130-48,가입,60,,,,,,정보처리기사,711,해당,,,
EMP0246,정윤서,여,36,1991-11-23,911123-2745210,해당없음,2019-12-09,6,대졸,중앙대학교,2.7,인턴전환,정규직,,,,두리안정보기술,서울 여의도,마케팅부,브랜드팀,1,과장,팀원,1,,,jungyunseo_711@naver.com,010-6208-1716,경기도 고양시 일산동구 장항동,59000000,25,4,하나은행,200-351673-8809,가입,85,C,B,B,B,B,,890,비해당,,,
EMP0247,임수현,남,29,1998-11-02,981102-1488363,군필,2021-08-07,4,전문대졸,명지전문대학,2.8,공채,정규직,,,,두리안정보기술,서울 여의도,마케팅부,디지털마케팅팀,1,대리,팀원,1,,,limsoohyun82@hanmail.net,010-2960-4678,경기도 용인시 기흥구 영덕동,44000000,12,7,토스뱅크,100-5039-1898,가입,71,,C,C,C,C,SQLD,773,해당,공로상,,
EMP0248,주민석,남,24,2003-07-10,030710-3993055,군필,2025-10-21,0,대졸,광운대학교,3,인턴전환,정규직,,,,두리안정보기술,경기 판교,마케팅부,디지털마케팅팀,1,사원,팀원,1,,,juminseok63@kakao.com,010-7364-8594,서울시 노원구 상계동,36000000,11,11,우리은행,1005-122-676127,가입,64,,,,,,정보처리기사,653,해당,MVP,,
EMP0249,홍소연,여,27,2000-04-19,000419-4289074,해당없음,2025-04-23,1,대졸,강원대학교,3.1,추천,계약직,,,,두리안정보기술,서울 여의도,기획부,사업기획팀,1,사원,팀원,1,,,hongsoyeon44@hanmail.net,010-4240-3468,서울시 영등포구 여의도동,33000000,5,12,카카오뱅크,333-53-7973292,가입,66,,,,,,정보보안기사,580,해당,,,
EMP0250,남지원,여,43,1984-10-17,841017-2271187,해당없음,2007-06-20,18,대졸,서울대학교,3.8,인턴전환,계약직,,,,두리안정보기술,서울 강남,개발부,백엔드팀,1,부장,팀원,2,,,namjiwon_675@gmail.com,010-3402-8289,서울시 서초구 서초동,83600000,13,13,기업은행,020-27-849808,가입,90,A,S,A,B,A,AWS Solutions Architect,551,해당,,,
EMP0251,장성민,남,37,1990-01-19,900119-1471942,미필,2017-03-25,9,대졸,성균관대학교,3.9,추천,계약직,,,,두리안정보기술,서울 강남,영업부,해외영업팀,1,과장,팀원,1,,,jangsungmin_work@hanmail.net,010-1384-9021,서울시 용산구 이태원동,59000000,18,13,신한은행,180-728-917491,가입,83,B,B,B,A,B,,,비해당,,,
EMP0252,최민재,남,45,1982-06-02,820602-1395322,면제,2007-08-14,18,대졸,고려대학교,3.6,공채,정규직,,,,두리안정보기술,서울 여의도,마케팅부,디지털마케팅팀,1,부장,팀원,2,정년퇴직,2013-02-03,choiminjae86@naver.com,010-2219-3901,서울시 노원구 상계동,83000000,13,2,카카오뱅크,333-81-4100688,가입,89,B,A,A,A,A,정보보안기사,677,해당,,,
EMP0253,임동현,남,28,1999-01-24,990124-1599168,군필,2023-01-24,3,고졸,,,추천,정규직,,,,두리안정보기술,서울 강남,기획부,전략기획팀,1,대리,팀원,1,,,limdonghyun.3@gmail.com,010-2303-3881,서울시 마포구 합정동,43000000,21,5,신한은행,100-952-264275,가입,83,,,,B,B,리눅스마스터,867,해당,팀워크상,,
EMP0254,임보미,여,34,1993-02-07,930207-2749954,해당없음,2016-02-23,10,대졸,광운대학교,3.4,인턴전환,계약직,,,,두리안정보기술,서울 강남,영업부,국내영업팀,1,과장,팀원,1,,,limbomi.6@nate.com,010-2079-5299,서울시 용산구 이태원동,50000000,19,14,농협은행,356-6104-6058-28,가입,84,B,B,A,B,A,,532,비해당,,,
EMP0255,문채영,여,34,1993-09-24,930924-2258375,해당없음,2021-08-11,4,대학원졸,연세대학교,3.2,추천,정규직,,,,두리안정보기술,서울 강남,인사부,채용팀,3,대리,팀원,1,,,moonchaeyoung_583@gmail.com,010-9148-7426,서울시 마포구 상암동,41000000,13,0,카카오뱅크,333-35-9719077,가입,71,,D,D,C,C,AWS Solutions Architect,507,해당,,,
EMP0256,차나은,여,27,2000-08-14,000814-4655364,해당없음,2023-10-24,2,대학원졸,부산대학교,3.9,인턴전환,정규직,,,,두리안정보기술,서울 강남,인사부,교육팀,3,사원,팀원,1,계약만료,2025-10-27,chanaeun18@daum.net,010-7832-5032,서울시 마포구 합정동,36000000,10,4,토스뱅크,100-5521-0123,가입,71,,,,B,C,컴퓨터활용능력1급,,해당,,,
EMP0257,원소희,여,34,1993-10-26,931026-2846489,해당없음,2021-09-11,4,고졸,,,경력,정규직,KT,대리,영업관리,두리안정보기술,서울 여의도,인사부,채용팀,3,대리,팀원,1,,,wonsohee.6@kakao.com,010-3394-5468,서울시 용산구 이태원동,43000000,15,15,토스뱅크,100-0302-4085,가입,69,,C,D,B,D,컴퓨터활용능력1급,699,해당,,,
EMP0258,홍세연,여,34,1993-10-20,931020-2895304,해당없음,2016-11-07,9,전문대졸,경북전문대학교,2.9,인턴전환,정규직,,,,두리안정보기술,서울 여의도,영업부,국내영업팀,1,과장,팀원,1,,,hongseyeon.3@naver.com,010-6288-1277,서울시 서초구 서초동,49000000,19,14,국민은행,759081-24-143464,가입,78,B,C,B,C,C,,820,비해당,,,
EMP0259,홍승준,남,36,1991-12-13,911213-1532686,군필,2019-06-27,6,대졸,숭실대학교,3.5,공채,정규직,,,,두리안정보기술,서울 강남,개발부,인프라팀,1,과장,팀원,1,,,hongseungjun77@nate.com,010-3539-9980,서울시 강남구 논현동,61600000,30,15,국민은행,703867-18-758594,가입,75,C,B,B,C,B,,886,비해당,,,
EMP0260,유준우,남,28,1999-11-22,991122-1835916,면제,2025-04-02,1,대학원졸,단국대학교,3.2,경력,정규직,현대자동차,과장,인사관리,두리안정보기술,서울 여의도,개발부,백엔드팀,1,사원,팀원,1,권고사직,2026-04-02,yoojunwoo.1@daum.net,010-5352-7132,경기도 성남시 분당구 정자동,41800000,14,5,카카오뱅크,333-77-8756918,가입,71,,,,,,리눅스마스터,606,해당,,,
EMP0261,한다은,여,56,1971-06-09,710609-2478471,해당없음,2002-06-07,23,대학원졸,아주대학교,3.2,공채,계약직,,,,두리안정보기술,서울 여의도,개발부,인프라팀,1,부장,팀원,2,,,handaeun_623@naver.com,010-6471-4380,경기도 성남시 분당구 판교동,123200000,8,8,카카오뱅크,333-03-8439715,가입,91,A,B,A,A,B,,,비해당,,,
EMP0262,방지수,여,37,1990-08-18,900818-2225909,해당없음,2016-03-16,10,대학원졸,성균관대학교,3.4,공채,정규직,,,,두리안정보기술,서울 강남,영업부,국내영업팀,1,과장,팀원,1,,,bangjisu27@gmail.com,010-2410-4847,서울시 강서구 마곡동,57000000,20,14,농협은행,302-0881-5017-17,가입,78,C,B,B,B,B,정보보안기사,713,해당,,,
EMP0263,송서윤,여,50,1977-12-05,771205-2781765,해당없음,2004-02-24,22,대졸,연세대학교,3.7,추천,정규직,,,,두리안정보기술,서울 강남,개발부,인프라팀,1,부장,팀원,2,,,songseoyoon30@hanmail.net,010-7017-8475,경기도 성남시 분당구 판교동,89100000,18,15,국민은행,847855-77-981077,가입,90,A,A,A,B,A,컴퓨터활용능력1급,,해당,,,
EMP0264,양태양,남,49,1978-11-12,781112-1458245,군필,2009-06-24,16,전문대졸,경북전문대학교,3.7,경력,정규직,포스코,차장,인사관리,두리안정보기술,경기 판교,인사부,교육팀,3,부장,팀원,2,,,yangtaeyang.9@gmail.com,010-9512-2700,경기도 고양시 일산동구 장항동,88000000,14,12,카카오뱅크,333-40-9474334,가입,85,A,B,C,B,B,정보처리기사,970,해당,,,
EMP0265,안승준,남,38,1989-06-16,890616-1353580,군필,2013-11-23,12,대졸,세종대학교,2.8,추천,계약직,,,,두리안정보기술,서울 여의도,영업부,해외영업팀,1,차장,팀원,2,,,ahnseungjun25@naver.com,010-4042-2168,서울시 강남구 논현동,61000000,19,3,신한은행,180-392-466001,가입,81,A,B,B,B,B,,573,비해당,,,
EMP0266,유채원,여,32,1995-12-20,951220-2614125,해당없음,2018-07-01,7,대졸,숙명여자대학교,3.4,추천,정규직,,,,두리안정보기술,경기 판교,영업부,해외영업팀,1,대리,팀원,1,,,yoochaewon98@gmail.com,010-5020-2540,서울시 강서구 마곡동,42000000,16,15,국민은행,408350-71-255138,가입,69,B,C,C,C,D,,800,비해당,,,
EMP0267,공혜린,여,36,1991-05-18,910518-2730320,해당없음,2020-01-11,6,대졸,고려대학교,3.4,경력,정규직,삼성전자,차장,프론트엔드개발,두리안정보기술,서울 여의도,인사부,교육팀,3,대리,팀원,1,,,konghyerin10@kakao.com,010-3893-7172,서울시 강남구 삼성동,45000000,16,4,우리은행,1002-319-965978,가입,71,C,C,D,C,B,,731,비해당,,,
EMP0268,오소희,여,36,1991-08-26,910826-2355047,해당없음,2020-04-23,6,대학원졸,한국외국어대학교,3.2,공채,정규직,,,,두리안정보기술,경기 판교,개발부,프론트팀,1,대리,팀원,1,,,ohsohee95@nate.com,010-9944-7116,경기도 수원시 영통구 매탄동,42900000,11,5,카카오뱅크,333-36-3043269,가입,68,C,B,B,C,B,SQLD,985,해당,,,
EMP0269,심하은,여,38,1989-01-08,890108-2667702,해당없음,2012-02-18,14,대졸,한국외국어대학교,2.5,추천,정규직,,,,두리안정보기술,경기 판교,인사부,교육팀,3,차장,팀원,2,자발적퇴직,2015-08-29,shimhaeun66@hanmail.net,010-3698-5047,경기도 용인시 기흥구 영덕동,63000000,17,4,농협은행,356-2698-5838-88,가입,88,A,B,B,A,A,,609,비해당,MVP,,
EMP0270,나하늘,여,28,1999-07-02,990702-2188963,해당없음,2023-01-25,3,고졸,,,인턴전환,정규직,,,,두리안정보기술,경기 판교,마케팅부,디지털마케팅팀,1,사원,팀원,1,,,nahaneul_work@hanmail.net,010-6359-6048,경기도 성남시 분당구 판교동,35000000,17,11,하나은행,162-406613-1773,가입,61,,,,D,C,,895,비해당,우수사원상,,
EMP0271,손하영,여,49,1978-02-23,780223-2409345,해당없음,2009-08-11,16,대졸,한양대학교,3.4,인턴전환,정규직,,,,두리안정보기술,경기 판교,영업부,국내영업팀,1,부장,팀원,2,,,sonhayoung_917@gmail.com,010-5775-5047,서울시 마포구 합정동,90000000,17,10,기업은행,020-12-411824,가입,93,S,A,B,S,A,리눅스마스터,,해당,,,
EMP0272,오지영,여,30,1997-05-19,970519-2724187,해당없음,2020-08-23,5,대졸,중앙대학교,2.9,공채,정규직,,,,두리안정보기술,서울 여의도,기획부,사업기획팀,1,대리,팀원,1,,,ohjiyoung_dev@gmail.com,010-1672-2151,서울시 송파구 문정동,45000000,17,12,카카오뱅크,333-31-3810678,가입,81,B,C,B,B,B,,636,비해당,MVP,,
EMP0273,차민석,남,29,1998-07-07,980707-1200331,군필,2023-12-22,2,대졸,연세대학교,2.9,인턴전환,정규직,,,,두리안정보기술,서울 강남,기획부,전략기획팀,1,대리,팀원,1,,,chaminseok_dev@gmail.com,010-1051-4912,서울시 강동구 천호동,38000000,16,7,농협은행,302-2062-8844-23,가입,75,,,,B,B,정보처리기사,,해당,팀워크상,,
EMP0274,우세연,여,34,1993-02-14,930214-2317192,해당없음,2022-04-04,4,대학원졸,세종대학교,2.5,추천,정규직,,,,두리안정보기술,서울 여의도,마케팅부,디지털마케팅팀,1,대리,팀원,1,,,wooseyeon.7@kakao.com,010-1397-4998,경기도 용인시 기흥구 영덕동,45000000,15,12,하나은행,162-122896-6556,가입,79,,,C,B,C,,860,비해당,MVP,,
EMP0275,유서준,남,36,1991-01-16,910116-1152497,면제,2021-06-13,4,전문대졸,경북전문대학교,2.8,인턴전환,정규직,,,,두리안정보기술,경기 판교,마케팅부,브랜드팀,1,대리,팀원,1,,,yooseojun_400@naver.com,010-7708-6105,서울시 마포구 상암동,44000000,11,14,토스뱅크,100-9545-1414,가입,76,,B,B,B,B,리눅스마스터,968,해당,,,
EMP0276,권주원,남,36,1991-08-14,910814-1241504,미필,2014-05-18,12,전문대졸,명지전문대학,2.6,공채,정규직,,,,두리안정보기술,서울 여의도,인사부,채용팀,3,차장,팀원,2,,,kwonjuwon83@naver.com,010-8453-3869,서울시 서초구 서초동,62000000,15,4,우리은행,1005-575-884463,가입,85,B,B,A,B,B,AWS Solutions Architect,,해당,,정직,지각반복
EMP0277,한재현,남,47,1980-01-10,800110-1982844,미필,2005-07-05,20,전문대졸,영진전문대학교,3.3,추천,정규직,,,,두리안정보기술,서울 여의도,기획부,전략기획팀,1,부장,팀원,2,,,hanjaehyun_work@kakao.com,010-4255-1262,서울시 마포구 합정동,114000000,9,13,토스뱅크,100-5168-8233,가입,97,S,S,S,S,S,ADsP,518,해당,,,
EMP0278,함지아,여,40,1987-11-26,871126-2727296,해당없음,2014-12-05,11,대졸,충남대학교,3.2,인턴전환,정규직,,,,두리안정보기술,서울 강남,마케팅부,디지털마케팅팀,1,과장,팀원,1,,,hamjia@naver.com,010-6084-9302,서울시 마포구 상암동,52000000,23,15,토스뱅크,100-9442-1399,가입,87,B,B,A,B,B,정보보안기사,697,해당,,,
EMP0279,조준서,남,55,1972-09-07,720907-1964774,군필,2002-01-01,24,대졸,아주대학교,3,추천,계약직,,,,두리안정보기술,서울 강남,기획부,전략기획팀,1,부장,팀원,2,,,jojunseo_dev@kakao.com,010-4608-1686,서울시 강남구 삼성동,120000000,13,8,기업은행,020-93-534874,가입,95,A,S,S,S,S,,883,비해당,,,
EMP0280,김수아,여,30,1997-03-14,970314-2705073,해당없음,2022-04-14,4,대졸,경북대학교,4,공채,정규직,,,,두리안정보기술,서울 여의도,기획부,사업기획팀,1,사원,팀원,1,,,kimsua_798@gmail.com,010-8108-8919,서울시 송파구 문정동,38000000,15,4,국민은행,309946-36-375330,가입,70,,,C,B,C,정보보안기사,,해당,,,
EMP0281,하수빈,여,37,1990-05-04,900504-2534344,해당없음,2020-10-10,5,대졸,서강대학교,3.9,추천,계약직,,,,두리안정보기술,서울 강남,기획부,전략기획팀,1,과장,팀원,1,,,hasubin72@hanmail.net,010-4506-7640,서울시 영등포구 여의도동,50000000,18,11,기업은행,010-16-400524,가입,79,C,B,C,C,B,,,비해당,MVP,,
EMP0282,류민재,남,38,1989-06-19,890619-1186345,미필,2012-03-20,14,전문대졸,명지전문대학,2.7,공채,정규직,,,,두리안정보기술,경기 판교,개발부,백엔드팀,1,차장,팀원,2,,,ryuminjae.5@daum.net,010-9619-2174,인천시 부평구 부평동,72600000,24,6,우리은행,1005-678-445389,가입,78,C,C,C,C,B,SQLD,957,해당,,,
EMP0283,장하은,여,40,1987-11-25,871125-2352372,해당없음,2014-05-06,12,대졸,한양대학교,3.1,공채,계약직,,,,두리안정보기술,서울 강남,기획부,전략기획팀,1,과장,팀원,1,,,janghaeun_181@gmail.com,010-8355-3066,서울시 서초구 방배동,59000000,20,4,우리은행,1005-622-723246,가입,85,A,A,B,B,B,,,비해당,,,
EMP0284,류수현,남,46,1981-07-14,810714-1833851,군필,2008-12-16,17,대졸,이화여자대학교,3,공채,정규직,,,,두리안정보기술,경기 판교,기획부,사업기획팀,1,부장,팀원,2,,,ryusoohyun54@naver.com,010-4932-9401,인천시 부평구 부평동,78000000,12,8,국민은행,951439-60-469693,가입,84,A,C,A,A,B,정보보안기사,,해당,,,
EMP0285,송다은,여,43,1984-01-21,840121-2699678,해당없음,2007-01-25,19,대졸,중앙대학교,2.8,경력,정규직,포스코,과장,재무회계,두리안정보기술,경기 판교,영업부,해외영업팀,1,부장,팀원,2,,,songdaeun_371@nate.com,010-5163-7468,서울시 송파구 문정동,86000000,17,7,하나은행,111-632622-6317,미가입,91,B,A,A,B,S,SQLD,949,해당,,,
EMP0286,곽우진,남,27,2000-01-14,000114-3818362,군필,2023-04-13,3,대학원졸,가천대학교,2.5,추천,계약직,,,,두리안정보기술,서울 강남,개발부,AI팀,1,사원,팀원,1,,,kwakwoojin_121@nate.com,010-5789-5212,서울시 영등포구 여의도동,33000000,6,7,농협은행,301-9400-9802-82,가입,70,,,,C,B,빅데이터분석기사,668,해당,,,
EMP0287,허건우,남,43,1984-05-10,840510-1860548,군필,2007-02-25,19,대졸,부산대학교,2.6,경력,정규직,카카오,대리,프론트엔드개발,두리안정보기술,서울 여의도,개발부,프론트팀,1,부장,팀원,2,,,heogunwoo_450@kakao.com,010-6757-1488,서울시 용산구 이태원동,84700000,13,5,토스뱅크,100-8997-4126,가입,83,B,A,A,B,A,SQLD,698,해당,,,
EMP0288,현미래,여,30,1997-10-21,971021-2240592,해당없음,2025-03-07,1,고졸,,,경력,정규직,롯데그룹,차장,재무회계,두리안정보기술,서울 강남,기획부,전략기획팀,1,사원,팀원,1,,,hyunmirae.9@nate.com,010-6582-2962,인천시 부평구 부평동,37000000,14,3,기업은행,010-78-680112,가입,76,,,,,,정보보안기사,928,해당,팀워크상,,
EMP0289,나재민,남,31,1996-01-28,960128-1480142,군필,2019-07-10,6,대졸,동국대학교,3.7,인턴전환,정규직,,,,두리안정보기술,서울 강남,개발부,AI팀,1,대리,팀원,1,,,najaemin.4@gmail.com,010-4793-1804,서울시 송파구 문정동,42900000,11,10,카카오뱅크,333-88-9645900,가입,76,B,B,B,B,B,,,비해당,,,
EMP0290,현지현,여,55,1972-10-28,721028-2266521,해당없음,2005-12-18,20,대졸,전북대학교,2.7,인턴전환,정규직,,,,두리안정보기술,서울 여의도,영업부,해외영업팀,1,부장,팀원,2,,,hyunjihyun90@naver.com,010-3075-3774,경기도 성남시 분당구 정자동,117000000,9,5,국민은행,123388-29-727743,가입,93,S,A,B,A,B,ADsP,914,해당,,,
EMP0291,백민준,남,49,1978-12-25,781225-1824880,군필,2007-10-26,18,고졸,,,추천,정규직,,,,두리안정보기술,서울 여의도,마케팅부,디지털마케팅팀,1,부장,팀원,2,,,baekminjun_354@nate.com,010-1762-2182,서울시 은평구 불광동,81000000,14,3,기업은행,030-05-982620,가입,92,A,B,A,A,A,ADsP,558,해당,,,
EMP0292,신선우,남,24,2003-12-01,031201-3586101,미필,2025-12-04,0,대졸,서강대학교,3.6,경력,정규직,네이버,차장,재무회계,두리안정보기술,서울 여의도,개발부,AI팀,1,사원,팀원,1,,,shinsunwoo_dev@naver.com,010-5643-5576,서울시 마포구 상암동,39600000,5,14,농협은행,351-7122-3107-12,가입,61,,,,,,ADsP,,해당,,,
EMP0293,함서연,여,39,1988-06-10,880610-2166026,해당없음,2020-10-15,5,대졸,충남대학교,2.9,추천,정규직,,,,두리안정보기술,서울 강남,인사부,교육팀,3,과장,팀원,1,,,hamseoyeon.8@gmail.com,010-3442-1320,서울시 용산구 이태원동,58000000,21,8,토스뱅크,100-3909-2257,가입,78,B,C,B,C,B,정보보안기사,853,해당,팀워크상,,
EMP0294,주혜린,여,31,1996-12-10,961210-2243650,해당없음,2025-03-04,1,대졸,국민대학교,3.5,추천,정규직,,,,두리안정보기술,경기 판교,영업부,해외영업팀,1,사원,팀원,1,,,juhyerin23@nate.com,010-3223-4616,서울시 마포구 합정동,36000000,11,6,기업은행,020-50-533158,가입,61,,,,,,,720,비해당,,경고,지각반복
EMP0295,양하준,남,28,1999-02-09,990209-1711193,군필,2025-10-14,0,대졸,서강대학교,2.6,공채,정규직,,,,두리안정보기술,경기 판교,인사부,채용팀,3,사원,팀원,1,,,yanghajun.8@nate.com,010-3691-1440,서울시 서초구 서초동,37000000,14,0,하나은행,181-175014-8038,가입,68,,,,,,,,비해당,,,
EMP0296,지선우,남,26,2001-01-24,010124-3213796,군필,2025-04-24,1,대졸,한양대학교,2.6,추천,정규직,,,,두리안정보기술,서울 여의도,인사부,채용팀,3,사원,팀원,1,,,jisunwoo_257@nate.com,010-3722-5360,경기도 성남시 분당구 정자동,32000000,17,6,국민은행,227336-13-834769,가입,65,,,,,,,503,비해당,,경고,업무태만
EMP0297,유지유,여,44,1983-03-20,830320-2708868,해당없음,2013-08-14,12,대졸,중앙대학교,3.9,경력,정규직,삼성전자,대리,재무회계,두리안정보기술,경기 판교,마케팅부,브랜드팀,1,차장,팀원,2,,,yoojiyu69@hanmail.net,010-9907-2215,서울시 송파구 잠실동,72000000,15,5,농협은행,301-3583-7077-87,가입,86,B,B,B,B,B,,,비해당,MVP,,
EMP0298,고준서,남,32,1995-09-05,950905-1131821,군필,2018-05-11,8,고졸,,,경력,정규직,현대자동차,차장,프론트엔드개발,두리안정보기술,경기 판교,개발부,인프라팀,1,과장,팀원,1,,,kojunseo71@hanmail.net,010-7087-1937,경기도 용인시 기흥구 영덕동,55000000,23,2,카카오뱅크,333-03-1321458,가입,76,B,C,C,C,B,정보처리기사,,해당,,,
EMP0299,방준서,남,32,1995-09-21,950921-1462127,군필,2020-11-04,5,고졸,,,경력,정규직,롯데그룹,과장,프로젝트관리,두리안정보기술,서울 여의도,영업부,해외영업팀,1,대리,팀원,1,,,bangjunseo_253@kakao.com,010-3445-5414,경기도 성남시 분당구 정자동,42000000,11,8,신한은행,140-246-478600,가입,79,B,C,B,C,B,정보처리기사,501,해당,,,
EMP0300,홍태양,남,36,1991-03-26,910326-1975454,군필,2014-05-27,11,대학원졸,경희대학교,2.6,추천,정규직,,,,두리안정보기술,서울 여의도,마케팅부,디지털마케팅팀,1,차장,팀원,2,,,hongtaeyang.3@kakao.com,010-9166-5079,경기도 성남시 분당구 정자동,69000000,23,0,토스뱅크,100-2843-9409,미가입,86,A,B,B,B,B,정보처리기사,524,해당,,,
EMP0301,손도현,남,41,1986-04-05,860405-1762314,군필,2020-07-09,5,대학원졸,숙명여자대학교,3.3,경력,계약직,카카오,차장,마케팅기획,두리안정보기술,서울 여의도,개발부,프론트팀,1,과장,팀원,1,,,sondohyun_397@nate.com,010-7046-6569,경기도 수원시 영통구 매탄동,63800000,20,11,우리은행,1005-277-875734,가입,79,B,C,B,B,C,,736,비해당,,,
EMP0302,류도현,남,41,1986-05-14,860514-1370235,군필,2010-08-13,15,대졸,숭실대학교,3.3,경력,정규직,카카오,과장,데이터분석,두리안정보기술,경기 판교,영업부,국내영업팀,1,부장,팀원,2,,,ryudohyun.2@kakao.com,010-9621-8642,서울시 서초구 서초동,83000000,13,7,토스뱅크,100-0312-2457,가입,88,S,A,A,A,A,리눅스마스터,891,해당,,,
EMP0303,구도현,남,36,1991-04-16,910416-1450841,군필,2023-11-22,2,대졸,홍익대학교,3.8,공채,계약직,,,,두리안정보기술,서울 강남,인사부,교육팀,3,대리,팀원,1,,,koodohyun52@daum.net,010-5647-2961,서울시 영등포구 여의도동,41000000,11,0,신한은행,180-736-921966,가입,72,,,,B,B,정보처리기사,594,해당,,경고,업무태만
EMP0304,민건우,남,32,1995-01-03,950103-1180472,군필,2019-06-05,6,대졸,덕성여자대학교,2.7,인턴전환,정규직,,,,두리안정보기술,서울 여의도,기획부,전략기획팀,1,대리,팀원,1,,,mingunwoo17@daum.net,010-4893-9067,서울시 은평구 불광동,42000000,14,9,토스뱅크,100-3047-0456,가입,69,B,C,D,B,D,,622,비해당,,,
EMP0305,허지우,여,32,1995-07-25,950725-2699828,해당없음,2020-12-05,5,전문대졸,명지전문대학,3.1,인턴전환,정규직,,,,두리안정보기술,서울 여의도,개발부,프론트팀,1,과장,팀원,1,,,heojiwoo.4@daum.net,010-5757-1660,서울시 서초구 서초동,52800000,25,15,신한은행,110-659-537981,가입,84,B,B,B,B,B,정보보안기사,918,해당,,,
EMP0306,전승준,남,31,1996-04-16,960416-1840464,군필,2025-06-10,0,전문대졸,경북전문대학교,3.5,경력,계약직,LG전자,과장,프로젝트관리,두리안정보기술,경기 판교,기획부,전략기획팀,1,사원,팀원,1,,,jeonseungjun@naver.com,010-9769-6999,경기도 고양시 일산동구 장항동,38000000,17,12,국민은행,548004-25-548416,가입,78,,,,,,ADsP,,해당,,,
EMP0307,나아름,여,29,1998-05-01,980501-2132002,해당없음,2021-10-04,4,대졸,경북대학교,2.8,공채,계약직,,,,두리안정보기술,서울 여의도,영업부,국내영업팀,1,대리,팀원,1,,,naareum_dev@nate.com,010-6927-4997,경기도 성남시 분당구 정자동,46000000,12,9,하나은행,181-333628-8207,미가입,74,,B,B,C,C,,703,비해당,,,
EMP0308,지승준,남,47,1980-07-22,800722-1605339,미필,2003-01-12,23,대학원졸,강원대학교,3,추천,계약직,,,,두리안정보기술,경기 판교,인사부,채용팀,3,부장,팀원,2,,,jiseungjun_421@daum.net,010-7531-9871,서울시 서초구 방배동,103000000,9,6,우리은행,1006-621-569663,가입,90,S,S,A,A,B,빅데이터분석기사,,해당,,,
EMP0309,우재원,남,35,1992-01-27,920127-1760458,군필,2015-01-28,11,대졸,인하대학교,3.4,추천,정규직,,,,두리안정보기술,서울 여의도,마케팅부,디지털마케팅팀,1,과장,팀원,1,,,woojaewon_517@hanmail.net,010-8263-7736,경기도 용인시 기흥구 영덕동,50000000,29,1,국민은행,222552-18-597590,가입,79,C,B,C,B,B,SQLD,528,해당,,,
EMP0310,최태양,남,28,1999-08-15,990815-1375564,군필,2024-01-16,2,대학원졸,연세대학교,3.6,경력,정규직,현대자동차,대리,인사관리,두리안정보기술,경기 판교,마케팅부,디지털마케팅팀,1,사원,팀원,1,,,choitaeyang_kr@nate.com,010-3805-4319,서울시 노원구 상계동,34000000,8,6,국민은행,648182-08-171878,가입,66,,,,,C,,,비해당,팀워크상,정직,업무태만
EMP0311,조하은,여,32,1995-03-22,950322-2247693,해당없음,2018-01-07,8,대학원졸,이화여자대학교,3.7,경력,계약직,네이버,대리,프로젝트관리,두리안정보기술,서울 강남,개발부,프론트팀,1,과장,팀원,1,,,johaeun_541@kakao.com,010-4356-5098,서울시 서초구 서초동,53900000,22,1,토스뱅크,100-6619-9740,가입,82,B,B,B,B,B,,,비해당,,,
EMP0312,심보미,여,26,2001-08-22,010822-4962500,해당없음,2024-12-26,1,전문대졸,명지전문대학,3.8,공채,정규직,,,,두리안정보기술,서울 강남,인사부,채용팀,3,사원,팀원,1,,,shimbomi_work@naver.com,010-8366-1375,경기도 성남시 분당구 판교동,38000000,6,5,우리은행,1005-793-967463,가입,76,,,,,B,,,비해당,,,
EMP0313,배채원,여,38,1989-08-08,890808-2868071,해당없음,2015-01-13,11,전문대졸,인하공업전문대학,3.3,추천,정규직,,,,두리안정보기술,서울 강남,기획부,전략기획팀,1,과장,팀원,1,권고사직,2018-01-21,baechaewon51@hanmail.net,010-1646-9753,서울시 송파구 문정동,54000000,26,5,하나은행,111-483003-9064,가입,84,B,B,B,C,A,,553,비해당,,,
EMP0314,허우혁,남,44,1983-01-06,830106-1474276,면제,2012-09-28,13,전문대졸,영진전문대학교,3.5,경력,정규직,KT,과장,마케팅기획,두리안정보기술,서울 강남,개발부,AI팀,1,차장,팀원,2,,,heowoohyuk_499@gmail.com,010-8405-5503,서울시 은평구 불광동,68200000,18,12,우리은행,1006-496-636838,가입,86,B,B,C,A,B,,914,비해당,,정직,복무규정위반
EMP0315,민시우,남,51,1976-09-16,760916-1382410,미필,2004-08-20,21,대졸,세종대학교,3.6,추천,정규직,,,,두리안정보기술,경기 판교,기획부,전략기획팀,1,부장,팀원,2,,,minsiwoo.8@gmail.com,010-1501-3045,서울시 마포구 상암동,87000000,17,12,기업은행,020-92-322602,가입,88,A,B,B,A,A,,,비해당,,,
EMP0316,성윤서,여,58,1969-03-17,690317-2373393,해당없음,1996-05-09,30,대학원졸,홍익대학교,3,경력,정규직,카카오,대리,영업관리,두리안정보기술,서울 강남,마케팅부,,1,사장,대표이사,3,,,sungyunseo_work@kakao.com,010-3747-3815,서울시 은평구 불광동,152000000,10,10,우리은행,1002-248-484796,가입,100,S,S,S,S,S,,,비해당,,,
EMP0317,원우진,남,35,1992-02-08,920208-1972831,면제,2019-11-12,6,대졸,경희대학교,3.3,추천,정규직,,,,두리안정보기술,서울 강남,개발부,인프라팀,1,대리,팀원,1,,,wonwoojin_work@gmail.com,010-2409-6967,서울시 마포구 합정동,50600000,17,5,기업은행,030-56-342160,가입,83,A,A,B,B,A,,,비해당,,,
EMP0318,전하린,여,31,1996-06-07,960607-2227940,해당없음,2020-02-11,6,대졸,가천대학교,3.7,경력,계약직,포스코,사원,영업관리,두리안정보기술,경기 판교,인사부,채용팀,3,대리,팀원,1,,,jeonharin_589@naver.com,010-9425-9630,경기도 수원시 영통구 매탄동,39000000,18,4,카카오뱅크,333-19-8815569,가입,69,C,C,C,D,C,SQLD,681,해당,,,
EMP0319,배지유,여,29,1998-01-11,980111-2235158,해당없음,2022-07-14,3,전문대졸,영진전문대학교,3.8,인턴전환,정규직,,,,두리안정보기술,경기 판교,마케팅부,브랜드팀,1,사원,팀원,1,,,baejiyu89@gmail.com,010-1702-3554,서울시 강동구 천호동,38000000,14,2,기업은행,020-33-754330,가입,63,,,D,D,D,,,비해당,,,
EMP0320,나소희,여,46,1981-03-21,810321-2570815,해당없음,2013-02-08,13,대학원졸,서울대학교,3,인턴전환,계약직,,,,두리안정보기술,서울 여의도,영업부,해외영업팀,1,차장,팀원,2,권고사직,2023-08-27,nasohee.6@nate.com,010-3747-7042,서울시 강동구 천호동,61000000,19,13,우리은행,1005-745-516549,가입,88,A,B,A,A,B,ADsP,,해당,,,
EMP0321,정준서,남,26,2001-03-07,010307-3467093,군필,2024-02-24,2,대학원졸,가천대학교,3.4,공채,계약직,,,,두리안정보기술,서울 강남,인사부,채용팀,3,사원,팀원,1,,,jungjunseo71@naver.com,010-1535-6331,서울시 서초구 방배동,31000000,12,8,국민은행,874223-85-999846,가입,70,,,,,C,,861,비해당,MVP,,
EMP0322,하민호,남,35,1992-07-02,920702-1205706,군필,2022-12-04,3,대학원졸,전북대학교,2.8,추천,계약직,,,,두리안정보기술,서울 강남,인사부,교육팀,3,대리,팀원,1,,,haminho_410@naver.com,010-3728-6326,경기도 용인시 기흥구 영덕동,46000000,22,2,토스뱅크,100-9342-4557,가입,78,,,B,B,C,,814,비해당,,,
EMP0323,원지원,여,39,1988-05-09,880509-2295868,해당없음,2019-06-18,6,대졸,단국대학교,2.8,추천,정규직,,,,두리안정보기술,서울 강남,개발부,인프라팀,1,과장,팀원,1,,,wonjiwon.8@kakao.com,010-2843-4510,경기도 성남시 분당구 판교동,59400000,25,5,농협은행,302-6260-4064-14,가입,75,B,B,B,B,B,ADsP,,해당,,,
EMP0324,장하영,여,39,1988-01-26,880126-2639318,해당없음,2019-03-05,7,대학원졸,명지대학교,3.3,공채,정규직,,,,두리안정보기술,경기 판교,개발부,프론트팀,1,과장,팀원,1,,,janghayoung_kr@daum.net,010-4871-7354,경기도 용인시 기흥구 영덕동,63800000,20,12,국민은행,395374-90-448389,가입,77,B,B,C,C,B,리눅스마스터,,해당,,,
EMP0325,주동현,남,28,1999-03-07,990307-1252236,군필,2022-02-12,4,고졸,,,경력,계약직,KT,과장,백엔드개발,두리안정보기술,서울 강남,개발부,백엔드팀,1,대리,팀원,1,,,judonghyun25@kakao.com,010-3287-1876,서울시 서초구 서초동,51700000,10,4,신한은행,180-336-675209,가입,72,,,B,B,D,,,비해당,MVP,,
EMP0326,윤지호,남,33,1994-01-04,940104-1398267,군필,2023-03-06,3,대졸,한양대학교,3.9,추천,정규직,,,,두리안정보기술,서울 강남,개발부,인프라팀,1,대리,팀원,1,,,yoonjiho_980@naver.com,010-5697-7153,서울시 서초구 방배동,51700000,22,4,하나은행,111-750743-5051,가입,80,,,,B,B,,766,비해당,팀워크상,,
EMP0327,우도현,남,46,1981-02-26,810226-1247687,군필,2006-12-13,19,대졸,아주대학교,3.7,공채,계약직,,,,두리안정보기술,서울 강남,인사부,교육팀,3,부장,팀원,2,,,woodohyun.4@kakao.com,010-5553-1988,서울시 마포구 상암동,75000000,12,3,우리은행,1002-151-093791,가입,88,A,S,A,A,B,,538,비해당,,,
EMP0328,유주원,남,37,1990-07-08,900708-1753164,군필,2014-10-01,11,대학원졸,부산대학교,3,인턴전환,정규직,,,,두리안정보기술,서울 여의도,인사부,교육팀,3,과장,팀원,1,,,yoojuwon@kakao.com,010-2743-3242,서울시 송파구 문정동,50000000,23,11,국민은행,925186-27-348415,가입,81,A,B,B,B,B,,893,비해당,,,
EMP0329,허서연,여,24,2003-02-26,030226-4163755,해당없음,2026-01-25,0,대졸,한국외국어대학교,3.3,추천,계약직,,,,두리안정보기술,경기 판교,개발부,백엔드팀,1,사원,팀원,1,,,heoseoyeon41@nate.com,010-4755-6441,서울시 강남구 논현동,41800000,6,1,카카오뱅크,333-99-1515653,가입,66,,,,,,AWS Solutions Architect,944,해당,,,
EMP0330,류태양,남,35,1992-07-06,920706-1963180,군필,2017-05-07,9,대학원졸,숭실대학교,3.2,인턴전환,정규직,,,,두리안정보기술,서울 여의도,인사부,채용팀,3,과장,팀원,1,,,ryutaeyang68@gmail.com,010-1943-5358,서울시 은평구 불광동,49000000,19,2,토스뱅크,100-3657-2792,가입,79,B,C,B,B,C,ADsP,,해당,,,
EMP0331,허지민,여,32,1995-02-26,950226-2168974,해당없음,2018-10-01,7,대졸,국민대학교,2.7,추천,정규직,,,,두리안정보기술,경기 판교,개발부,인프라팀,1,대리,팀원,1,,,heojimin.5@kakao.com,010-7471-9670,경기도 성남시 분당구 판교동,42900000,22,1,국민은행,014445-75-646535,가입,73,B,B,B,C,B,,,비해당,,경고,업무태만
EMP0332,진시우,남,31,1996-02-27,960227-1567736,면제,2022-08-22,3,대졸,이화여자대학교,2.7,공채,정규직,,,,두리안정보기술,경기 판교,마케팅부,브랜드팀,1,사원,팀원,1,,,jinsiwoo13@gmail.com,010-9447-8548,경기도 수원시 영통구 매탄동,36000000,6,5,토스뱅크,100-7293-2419,가입,68,,,C,C,C,,648,비해당,,,
EMP0333,조주원,남,27,2000-11-01,001101-3518383,군필,2023-11-22,2,대졸,가천대학교,2.9,공채,정규직,,,,두리안정보기술,경기 판교,영업부,국내영업팀,1,대리,팀원,1,,,jojuwon.9@nate.com,010-4819-8214,경기도 성남시 분당구 정자동,48000000,14,5,토스뱅크,100-7640-6039,미가입,72,,,,B,B,,917,비해당,,,
EMP0334,유서연,여,33,1994-09-02,940902-2145230,해당없음,2020-01-09,6,전문대졸,경북전문대학교,3.1,경력,정규직,LG전자,대리,프로젝트관리,두리안정보기술,서울 여의도,마케팅부,브랜드팀,1,과장,팀원,1,정년퇴직,2021-07-14,yooseoyeon34@daum.net,010-7998-1721,경기도 성남시 분당구 판교동,54000000,21,3,농협은행,302-5957-7284-84,가입,85,B,B,A,B,B,,,비해당,,,
EMP0335,오정수,남,35,1992-12-13,921213-1267570,미필,2019-04-11,7,대학원졸,덕성여자대학교,2.8,추천,정규직,,,,두리안정보기술,서울 강남,개발부,인프라팀,1,대리,팀원,1,,,ohjungsu.9@naver.com,010-5356-9759,서울시 은평구 불광동,47300000,19,13,카카오뱅크,333-42-6043401,가입,75,C,B,B,B,B,컴퓨터활용능력1급,727,해당,팀워크상,,
EMP0336,민도윤,남,33,1994-03-25,940325-1145918,미필,2018-07-16,7,대학원졸,건국대학교,2.9,공채,정규직,,,,두리안정보기술,서울 강남,마케팅부,디지털마케팅팀,1,과장,팀원,1,,,mindoyoon_kr@daum.net,010-9119-3369,서울시 송파구 문정동,56000000,23,3,하나은행,200-471278-8401,미가입,82,B,C,B,B,B,ADsP,,해당,,,
EMP0337,민하준,남,32,1995-04-23,950423-1384686,군필,2018-01-28,8,전문대졸,영진전문대학교,3.8,추천,정규직,,,,두리안정보기술,서울 강남,영업부,국내영업팀,1,대리,팀원,1,,,minhajun.6@naver.com,010-7463-7169,서울시 송파구 문정동,42000000,17,13,신한은행,100-568-714078,가입,76,B,B,C,C,B,,705,비해당,,,
EMP0338,민보미,여,39,1988-09-15,880915-2218896,해당없음,2011-12-20,14,대졸,단국대학교,3,공채,정규직,,,,두리안정보기술,서울 여의도,기획부,사업기획팀,1,차장,팀원,2,,,minbomi.9@kakao.com,010-4393-7901,서울시 용산구 이태원동,64000000,22,13,기업은행,030-36-541458,가입,79,B,B,C,B,B,정보보안기사,975,해당,,,
EMP0339,백지후,남,28,1999-01-13,990113-1960032,면제,2024-06-20,1,대졸,고려대학교,3.7,인턴전환,정규직,,,,두리안정보기술,서울 강남,개발부,백엔드팀,1,사원,팀원,1,,,baekjihoo63@hanmail.net,010-8382-6054,서울시 용산구 이태원동,40700000,10,11,농협은행,351-1213-0058-92,가입,73,,,,,B,,710,비해당,MVP,,
EMP0340,서도현,남,36,1991-06-09,910609-1788541,군필,2014-03-08,12,대졸,덕성여자대학교,3.7,경력,계약직,LG전자,차장,인사관리,두리안정보기술,경기 판교,마케팅부,브랜드팀,1,차장,팀원,2,,,seodohyun98@gmail.com,010-3897-5602,서울시 서초구 서초동,72000000,19,4,기업은행,020-85-014294,가입,84,C,B,C,B,B,,,비해당,,,
EMP0341,양도현,남,35,1992-01-01,920101-1769614,군필,2019-11-13,6,대졸,인하대학교,3.2,추천,계약직,,,,두리안정보기술,서울 강남,개발부,백엔드팀,1,대리,팀원,1,,,yangdohyun_154@nate.com,010-8843-6605,서울시 송파구 잠실동,50600000,11,3,하나은행,181-026392-8170,가입,72,B,B,B,B,B,AWS Solutions Architect,,해당,,,
EMP0342,문하영,여,47,1980-06-27,800627-2986581,해당없음,2011-08-18,14,전문대졸,경북전문대학교,3.5,공채,정규직,,,,두리안정보기술,서울 강남,영업부,해외영업팀,1,부장,팀원,2,,,moonhayoung.9@nate.com,010-9048-2390,서울시 강서구 마곡동,80000000,13,6,하나은행,162-901912-1910,가입,84,A,B,B,A,A,정보보안기사,739,해당,,,
EMP0343,함소연,여,50,1977-11-21,771121-2854121,해당없음,2003-11-10,22,고졸,,,추천,정규직,,,,두리안정보기술,서울 여의도,마케팅부,브랜드팀,1,부장,팀원,2,,,hamsoyeon43@nate.com,010-2701-9432,서울시 강남구 논현동,105000000,12,7,신한은행,110-513-424372,가입,97,A,S,S,S,S,,865,비해당,,정직,지각반복
EMP0344,유채영,여,35,1992-07-12,920712-2229323,해당없음,2016-02-27,10,전문대졸,명지전문대학,2.9,인턴전환,정규직,,,,두리안정보기술,경기 판교,영업부,해외영업팀,1,과장,팀원,1,권고사직,2023-02-26,yoochaeyoung.7@hanmail.net,010-9429-3539,인천시 부평구 부평동,50000000,26,8,기업은행,010-19-655698,가입,81,B,C,B,B,B,,,비해당,,,
EMP0345,전재민,남,40,1987-08-04,870804-1320295,군필,2015-03-27,11,대졸,성균관대학교,3.6,추천,정규직,,,,두리안정보기술,경기 판교,마케팅부,디지털마케팅팀,1,과장,팀원,1,,,jeonjaemin92@gmail.com,010-2916-1244,서울시 마포구 상암동,52000000,26,1,하나은행,181-647113-7315,가입,87,C,A,A,A,B,ADsP,971,해당,,,
EMP0346,오민준,남,25,2002-07-13,020713-3541597,군필,2025-07-15,0,대학원졸,국민대학교,3.6,추천,정규직,,,,두리안정보기술,서울 여의도,개발부,백엔드팀,1,사원,팀원,1,,,ohminjun53@gmail.com,010-4253-1276,서울시 강서구 마곡동,34100000,8,9,농협은행,302-9089-0448-76,가입,70,,,,,,,,비해당,우수사원상,,
EMP0347,오서연,여,31,1996-07-15,960715-2947000,해당없음,2021-12-19,4,대학원졸,부산대학교,3.1,추천,계약직,,,,두리안정보기술,서울 강남,영업부,국내영업팀,1,대리,팀원,1,,,ohseoyeon52@hanmail.net,010-1246-7017,경기도 수원시 영통구 매탄동,39000000,18,3,카카오뱅크,333-29-5394167,가입,78,,B,C,C,B,,,비해당,,,
EMP0348,허준혁,남,34,1993-07-18,930718-1826886,군필,2018-09-05,7,대졸,명지대학교,3.3,공채,정규직,,,,두리안정보기술,서울 강남,기획부,사업기획팀,1,과장,팀원,1,,,heojunhyuk.9@hanmail.net,010-4060-7228,서울시 강남구 역삼동,59000000,20,2,신한은행,140-221-930486,가입,74,B,C,B,B,C,ADsP,,해당,,,
EMP0349,강지현,여,29,1998-08-12,980812-2556909,해당없음,2025-02-26,1,대졸,부산대학교,3.2,추천,정규직,,,,두리안정보기술,서울 강남,기획부,사업기획팀,1,사원,팀원,1,,,kangjihyun75@gmail.com,010-5330-7003,서울시 송파구 문정동,35000000,7,4,신한은행,100-233-239279,가입,65,,,,,,,811,비해당,,,
EMP0350,조승준,남,31,1996-01-11,960111-1444036,군필,2021-08-27,4,대졸,고려대학교,2.7,경력,정규직,삼성전자,사원,백엔드개발,두리안정보기술,경기 판교,기획부,전략기획팀,1,대리,팀원,1,,,joseungjun30@naver.com,010-2476-3232,서울시 영등포구 여의도동,44000000,10,2,신한은행,110-567-952588,가입,69,,D,C,D,C,ADsP,,해당,,,
EMP0351,손민석,남,52,1975-01-26,750126-1242778,면제,2006-08-03,19,대학원졸,명지대학교,2.6,공채,정규직,,,,두리안정보기술,경기 판교,기획부,사업기획팀,1,부장,팀원,2,,,sonminseok10@gmail.com,010-8927-5201,경기도 용인시 기흥구 영덕동,111000000,8,14,우리은행,1006-882-668544,가입,88,A,B,A,S,A,,918,비해당,,,
EMP0352,하동현,남,35,1992-05-08,920508-1740442,군필,2018-06-23,7,대졸,인하대학교,3.8,경력,계약직,카카오,과장,프로젝트관리,두리안정보기술,경기 판교,인사부,교육팀,3,대리,팀원,1,,,hadonghyun_dev@hanmail.net,010-4964-6527,서울시 서초구 방배동,48000000,13,2,신한은행,180-368-024074,가입,73,B,B,B,D,C,SQLD,670,해당,팀워크상,,
EMP0353,곽서현,여,31,1996-12-14,961214-2838918,해당없음,2019-07-02,6,대학원졸,전남대학교,3.9,인턴전환,정규직,,,,두리안정보기술,서울 여의도,인사부,채용팀,3,대리,팀원,1,,,kwakseohyun20@naver.com,010-4374-3994,서울시 강남구 역삼동,45000000,16,14,농협은행,302-8755-2868-77,가입,79,B,B,B,C,C,정보처리기사,527,해당,,,
EMP0354,성수현,남,52,1975-11-23,751123-1430434,군필,2005-01-16,21,전문대졸,인하공업전문대학,3.8,공채,정규직,,,,두리안정보기술,서울 강남,개발부,백엔드팀,1,부장,팀원,2,자발적퇴직,2008-04-15,sungsoohyun_dev@hanmail.net,010-6854-1975,서울시 강남구 역삼동,119900000,9,0,카카오뱅크,333-62-0486323,가입,90,A,B,B,A,A,,512,비해당,,,
EMP0355,백예준,남,29,1998-12-06,981206-1150483,면제,2025-06-07,0,대학원졸,가천대학교,2.5,인턴전환,정규직,,,,두리안정보기술,서울 강남,기획부,사업기획팀,1,사원,팀원,1,,,baekyejun39@daum.net,010-6705-3065,서울시 강남구 삼성동,35000000,11,6,토스뱅크,100-4110-1140,가입,69,,,,,,,,비해당,,,
EMP0356,허도윤,남,40,1987-02-18,870218-1673293,군필,2015-05-03,11,전문대졸,영진전문대학교,3.9,경력,계약직,SK하이닉스,과장,인사관리,두리안정보기술,서울 강남,기획부,전략기획팀,1,과장,팀원,1,,,heodoyoon_dev@nate.com,010-3053-4568,서울시 마포구 합정동,52000000,29,15,우리은행,1005-696-239820,가입,81,B,B,A,B,B,빅데이터분석기사,,해당,,,
EMP0357,전하영,여,46,1981-07-16,810716-2173131,해당없음,2008-01-01,18,대학원졸,서울대학교,3.7,인턴전환,정규직,,,,두리안정보기술,서울 강남,마케팅부,디지털마케팅팀,1,부장,팀원,2,권고사직,2017-07-05,jeonhayoung83@nate.com,010-9863-7783,경기도 성남시 분당구 정자동,89000000,12,1,기업은행,010-69-340608,가입,91,A,B,A,A,A,,,비해당,공로상,,
EMP0358,황서연,여,25,2002-08-08,020808-4984121,해당없음,2025-07-13,0,대졸,한국외국어대학교,3.9,인턴전환,정규직,,,,두리안정보기술,서울 강남,기획부,전략기획팀,1,사원,팀원,1,,,hwangseoyeon.6@naver.com,010-2273-5191,서울시 강서구 마곡동,32000000,11,0,토스뱅크,100-4694-3640,가입,65,,,,,,,,비해당,,,
EMP0359,이세연,여,24,2003-06-27,030627-4823797,해당없음,2026-02-03,0,전문대졸,영진전문대학교,2.6,경력,계약직,현대자동차,사원,인사관리,두리안정보기술,서울 여의도,인사부,채용팀,3,사원,팀원,1,,,leeseyeon_629@kakao.com,010-9765-4538,서울시 강남구 논현동,32000000,7,12,신한은행,140-183-322131,가입,63,,,,,,정보보안기사,781,해당,팀워크상,,
EMP0360,구지아,여,40,1987-09-09,870909-2650398,해당없음,2017-03-26,9,대졸,경북대학교,3.6,경력,정규직,삼성전자,사원,데이터분석,두리안정보기술,경기 판교,영업부,국내영업팀,1,과장,팀원,1,,,koojia_716@nate.com,010-1213-3090,서울시 강남구 삼성동,53000000,19,11,하나은행,111-815758-6028,가입,80,B,A,B,B,B,컴퓨터활용능력1급,642,해당,,,
EMP0361,최선우,남,43,1984-12-15,841215-1663367,군필,2008-03-05,18,대졸,한양대학교,2.6,경력,정규직,LG전자,차장,인사관리,두리안정보기술,경기 판교,영업부,국내영업팀,1,부장,팀원,2,,,choisunwoo63@daum.net,010-7195-1669,서울시 마포구 상암동,90000000,14,0,국민은행,614284-14-812425,가입,83,B,B,B,A,A,,682,비해당,,,
EMP0362,윤서준,남,30,1997-05-03,970503-1637022,군필,2020-09-27,5,대졸,중앙대학교,3.7,공채,계약직,,,,두리안정보기술,경기 판교,마케팅부,브랜드팀,1,대리,팀원,1,,,yoonseojun39@kakao.com,010-8069-7414,서울시 마포구 합정동,47000000,15,1,토스뱅크,100-0476-2743,가입,79,B,C,C,B,B,정보처리기사,858,해당,,,
EMP0363,구다은,여,44,1983-05-21,830521-2747704,해당없음,2006-06-01,19,대졸,세종대학교,3.2,경력,정규직,LG전자,과장,데이터분석,두리안정보기술,경기 판교,인사부,교육팀,3,부장,팀원,2,,,koodaeun_kr@naver.com,010-4293-6551,서울시 송파구 잠실동,87000000,18,7,농협은행,302-2221-8997-32,가입,84,B,C,B,B,B,정보처리기사,752,해당,,,
EMP0364,방정우,남,33,1994-06-18,940618-1856805,군필,2018-11-02,7,대졸,성균관대학교,2.6,경력,정규직,포스코,차장,재무회계,두리안정보기술,서울 여의도,인사부,채용팀,3,과장,팀원,1,,,bangjungwoo44@nate.com,010-9237-7263,서울시 강남구 논현동,51000000,21,7,국민은행,067678-34-717500,가입,79,B,B,B,B,C,,864,비해당,,,
EMP0365,신나은,여,25,2002-06-01,020601-4914659,해당없음,2025-06-10,0,대졸,강원대학교,3.3,인턴전환,정규직,,,,두리안정보기술,서울 여의도,개발부,AI팀,1,사원,팀원,1,,,shinnaeun.5@hanmail.net,010-4201-5060,서울시 마포구 상암동,41800000,9,12,우리은행,1005-596-191043,가입,65,,,,,,리눅스마스터,945,해당,,,
EMP0366,윤수빈,여,58,1969-01-15,690115-2553976,해당없음,1997-04-23,29,대졸,이화여자대학교,2.7,경력,계약직,삼성전자,사원,프론트엔드개발,두리안정보기술,서울 강남,마케팅부,,1,이사,팀원,3,,,yoonsubin7@nate.com,010-9667-7732,서울시 용산구 이태원동,158000000,7,15,토스뱅크,100-9044-1153,가입,94,A,A,A,A,A,AWS Solutions Architect,917,해당,,,
EMP0367,권재원,남,38,1989-07-22,890722-1225740,미필,2019-10-14,6,대졸,연세대학교,3.5,공채,계약직,,,,두리안정보기술,서울 강남,마케팅부,디지털마케팅팀,1,과장,팀원,1,계약만료,2022-06-29,kwonjaewon.7@nate.com,010-2422-9099,서울시 마포구 상암동,53000000,18,9,신한은행,140-337-756750,가입,83,B,B,B,C,A,AWS Solutions Architect,595,해당,,,
EMP0368,서지호,남,30,1997-12-05,971205-1737454,군필,2022-06-12,3,대졸,부산대학교,3.4,경력,정규직,SK하이닉스,과장,데이터분석,두리안정보기술,경기 판교,마케팅부,디지털마케팅팀,1,사원,팀원,1,,,seojiho_807@naver.com,010-7934-7993,서울시 강남구 논현동,38000000,5,11,기업은행,030-35-615951,가입,69,,,C,C,C,,858,비해당,,,
EMP0369,박채영,여,28,1999-01-17,990117-2616942,해당없음,2023-09-15,2,고졸,,,경력,계약직,SK하이닉스,차장,백엔드개발,두리안정보기술,서울 강남,마케팅부,브랜드팀,1,대리,팀원,1,,,parkchaeyoung_dev@naver.com,010-3378-4437,서울시 마포구 합정동,40000000,21,8,신한은행,180-093-275953,가입,76,,,,B,B,,,비해당,,,
EMP0370,임준우,남,49,1978-10-10,781010-1657394,군필,2011-11-04,14,대학원졸,단국대학교,3.6,경력,정규직,현대자동차,대리,인사관리,두리안정보기술,서울 강남,인사부,교육팀,3,부장,팀원,2,,,limjunwoo_dev@naver.com,010-5995-2999,경기도 용인시 기흥구 영덕동,83000000,16,15,카카오뱅크,333-47-5512104,가입,88,A,A,A,A,A,ADsP,,해당,,,
EMP0371,임서연,여,37,1990-07-22,900722-2458844,해당없음,2013-07-06,12,대졸,홍익대학교,3.5,추천,정규직,,,,두리안정보기술,경기 판교,기획부,사업기획팀,1,차장,팀원,2,,,limseoyeon.7@naver.com,010-6259-8386,경기도 수원시 영통구 매탄동,60000000,21,0,기업은행,030-48-465648,가입,82,B,A,A,B,B,SQLD,868,해당,,,
EMP0372,문윤서,여,31,1996-05-06,960506-2597619,해당없음,2026-03-01,0,대졸,고려대학교,2.6,추천,정규직,,,,두리안정보기술,경기 판교,인사부,채용팀,3,사원,팀원,1,,,moonyunseo_595@kakao.com,010-7379-1463,서울시 강서구 마곡동,36000000,6,13,신한은행,110-343-847866,가입,65,,,,,,,,비해당,,,
EMP0373,원아름,여,39,1988-09-14,880914-2385514,해당없음,2016-08-21,9,대졸,가천대학교,2.8,인턴전환,정규직,,,,두리안정보기술,서울 여의도,인사부,채용팀,3,과장,팀원,1,,,wonareum_591@kakao.com,010-8606-7482,서울시 강동구 천호동,53000000,27,14,카카오뱅크,333-57-6139509,가입,84,B,B,B,C,A,AWS Solutions Architect,535,해당,,감봉,복무규정위반
EMP0374,성미래,여,37,1990-10-15,901015-2692899,해당없음,2018-10-15,7,대졸,숭실대학교,3.5,추천,정규직,,,,두리안정보기술,경기 판교,개발부,인프라팀,1,과장,팀원,1,계약만료,2020-02-27,sungmirae.6@kakao.com,010-1130-3936,서울시 노원구 상계동,57200000,20,12,국민은행,577709-57-026096,가입,83,B,A,B,C,A,AWS Solutions Architect,,해당,,,
EMP0375,윤지유,여,33,1994-04-14,940414-2514734,해당없음,2017-07-22,8,대졸,가천대학교,3.4,인턴전환,정규직,,,,두리안정보기술,서울 강남,인사부,채용팀,3,과장,팀원,1,,,yoonjiyu_work@naver.com,010-5417-7716,서울시 송파구 문정동,52000000,30,7,농협은행,301-0435-5606-04,가입,83,C,A,B,A,C,컴퓨터활용능력1급,,해당,,,
EMP0376,곽승준,남,26,2001-06-17,010617-3939230,면제,2025-01-19,1,고졸,,,인턴전환,정규직,,,,두리안정보기술,서울 여의도,인사부,교육팀,3,사원,팀원,1,권고사직,2026-01-19,kwakseungjun.5@kakao.com,010-5987-7250,서울시 강남구 논현동,36000000,18,1,토스뱅크,100-0620-1256,가입,64,,,,,,컴퓨터활용능력1급,,해당,,,
EMP0377,방우혁,남,24,2003-06-04,030604-3298340,군필,2026-03-24,0,대졸,아주대학교,3.8,인턴전환,정규직,,,,두리안정보기술,서울 여의도,개발부,프론트팀,1,사원,팀원,1,,,bangwoohyuk.4@hanmail.net,010-7078-1787,서울시 마포구 합정동,35200000,16,12,카카오뱅크,333-51-1956750,가입,70,,,,,,리눅스마스터,,해당,,,
EMP0378,오다은,여,29,1998-01-28,980128-2696724,해당없음,2021-12-05,4,대졸,동국대학교,3.1,인턴전환,정규직,,,,두리안정보기술,서울 강남,인사부,교육팀,3,대리,팀원,1,,,ohdaeun84@kakao.com,010-5317-4085,서울시 강남구 삼성동,41000000,16,4,국민은행,722495-24-087870,가입,69,,D,C,C,B,,,비해당,팀워크상,,
EMP0379,신지수,여,26,2001-06-02,010602-4171010,해당없음,2025-09-26,0,대졸,숭실대학교,3.2,경력,정규직,현대자동차,대리,영업관리,두리안정보기술,서울 여의도,인사부,교육팀,3,사원,팀원,1,,,shinjisu_935@kakao.com,010-6691-6164,서울시 송파구 잠실동,32000000,15,14,우리은행,1002-530-175924,가입,73,,,,,,정보처리기사,612,해당,,,
EMP0380,오선우,남,41,1986-03-08,860308-1560688,면제,2013-01-03,13,대졸,동국대학교,2.5,경력,계약직,현대자동차,사원,데이터분석,두리안정보기술,서울 강남,기획부,사업기획팀,1,차장,팀원,2,,,ohsunwoo_kr@daum.net,010-7781-2734,인천시 부평구 부평동,71000000,19,14,농협은행,302-3166-5114-12,가입,88,A,A,A,A,A,,,비해당,우수사원상,,
EMP0381,안예준,남,32,1995-09-28,950928-1236305,군필,2018-09-08,7,대졸,숭실대학교,2.8,공채,정규직,,,,두리안정보기술,서울 강남,인사부,교육팀,3,대리,팀원,1,,,ahnyejun.6@kakao.com,010-1819-2211,서울시 강서구 마곡동,45000000,11,3,기업은행,010-36-629946,가입,69,C,D,B,B,C,리눅스마스터,893,해당,,,
EMP0382,노정우,남,41,1986-06-04,860604-1501080,군필,2009-10-05,16,대졸,가천대학교,3.2,공채,정규직,,,,두리안정보기술,경기 판교,영업부,국내영업팀,1,부장,팀원,2,,,nohjungwoo_dev@daum.net,010-8255-1303,서울시 강동구 천호동,83000000,15,0,토스뱅크,100-8952-8718,가입,93,A,B,A,A,A,빅데이터분석기사,,해당,,,
EMP0383,하세연,여,36,1991-01-26,910126-2622199,해당없음,2020-05-15,6,대졸,인하대학교,2.6,인턴전환,계약직,,,,두리안정보기술,서울 여의도,개발부,AI팀,1,과장,팀원,1,,,haseyeon21@kakao.com,010-6722-9892,서울시 강남구 논현동,55000000,23,5,기업은행,030-04-436995,가입,86,C,A,A,B,C,,662,비해당,,,
EMP0384,구지후,남,29,1998-03-19,980319-1777702,군필,2022-12-06,3,대졸,이화여자대학교,2.6,경력,정규직,KT,차장,영업관리,두리안정보기술,서울 강남,개발부,백엔드팀,1,사원,팀원,1,,,koojihoo93@gmail.com,010-5466-9756,서울시 송파구 잠실동,37400000,6,6,카카오뱅크,333-57-1310396,가입,66,,,C,C,D,,693,비해당,팀워크상,,
EMP0385,정주원,남,26,2001-02-12,010212-3622010,군필,2026-03-26,0,대졸,인하대학교,3.8,경력,계약직,쿠팡,과장,백엔드개발,두리안정보기술,경기 판교,기획부,전략기획팀,1,사원,팀원,1,,,jungjuwon76@nate.com,010-7581-5616,서울시 은평구 불광동,34000000,15,15,신한은행,180-321-874826,가입,76,,,,,,,,비해당,MVP,,
EMP0386,함채원,여,42,1985-11-06,851106-2744871,해당없음,2014-04-10,12,대졸,세종대학교,2.8,경력,계약직,삼성전자,과장,프론트엔드개발,두리안정보기술,서울 여의도,기획부,전략기획팀,1,차장,팀원,2,,,hamchaewon76@nate.com,010-3635-9416,서울시 마포구 합정동,61000000,17,13,국민은행,109195-78-802060,가입,90,A,A,A,A,A,,,비해당,,,
EMP0387,공승준,남,24,2003-07-01,030701-3904579,군필,2025-07-14,0,전문대졸,영진전문대학교,3.3,경력,정규직,LG전자,사원,인사관리,두리안정보기술,경기 판교,개발부,백엔드팀,1,사원,팀원,1,,,kongseungjun30@naver.com,010-4721-3905,경기도 수원시 영통구 매탄동,35200000,5,12,국민은행,615701-76-008146,가입,74,,,,,,빅데이터분석기사,,해당,,,
EMP0388,하우혁,남,30,1997-12-03,971203-1466296,군필,2022-08-14,3,대졸,강원대학교,2.8,추천,정규직,,,,두리안정보기술,서울 강남,영업부,국내영업팀,1,대리,팀원,1,,,hawoohyuk61@kakao.com,010-2556-1711,서울시 영등포구 여의도동,46000000,17,15,농협은행,356-0574-0513-57,미가입,70,,,C,C,C,,776,비해당,,,
EMP0389,우지유,여,25,2002-02-20,020220-4495177,해당없음,2025-04-25,1,대학원졸,부산대학교,3.9,추천,정규직,,,,두리안정보기술,서울 여의도,마케팅부,브랜드팀,1,사원,팀원,1,,,woojiyu_274@daum.net,010-8343-4344,서울시 강동구 천호동,32000000,16,12,기업은행,020-77-387214,가입,72,,,,,,,,비해당,,,
EMP0390,고재민,남,28,1999-01-25,990125-1747817,군필,2023-11-21,2,대졸,광운대학교,3.2,공채,정규직,,,,두리안정보기술,경기 판교,영업부,국내영업팀,1,사원,팀원,1,,,kojaemin24@naver.com,010-5734-8509,경기도 성남시 분당구 정자동,37000000,11,2,카카오뱅크,333-57-8155031,가입,68,,,,C,C,,848,비해당,,,
EMP0391,신소연,여,50,1977-10-18,771018-2100571,해당없음,2010-07-10,15,대학원졸,동국대학교,3.8,추천,정규직,,,,두리안정보기술,서울 강남,영업부,해외영업팀,1,부장,팀원,2,,,shinsoyeon_dev@nate.com,010-2736-6695,서울시 영등포구 여의도동,75000000,12,15,우리은행,1002-933-011005,가입,87,B,B,B,B,B,AWS Solutions Architect,926,해당,,,
EMP0392,김준서,남,36,1991-04-02,910402-1595037,군필,2020-01-01,6,대졸,광운대학교,3.5,인턴전환,정규직,,,,두리안정보기술,경기 판교,영업부,해외영업팀,1,과장,팀원,1,계약만료,2023-03-04,kimjunseo4@gmail.com,010-4783-5446,서울시 강동구 천호동,58000000,24,1,농협은행,356-6471-3617-03,가입,84,B,A,B,B,B,ADsP,,해당,,,
EMP0393,안수아,여,45,1982-05-22,820522-2560929,해당없음,2016-07-16,9,대졸,숭실대학교,3,경력,정규직,현대자동차,사원,인사관리,두리안정보기술,서울 여의도,마케팅부,브랜드팀,1,차장,팀원,2,권고사직,2026-05-15,ahnsua_work@daum.net,010-4650-8161,서울시 용산구 이태원동,65000000,19,9,기업은행,030-95-134332,가입,85,A,A,A,B,B,정보처리기사,610,해당,,,
EMP0394,조우진,남,34,1993-02-05,930205-1436577,군필,2018-01-16,8,대졸,중앙대학교,2.5,공채,정규직,,,,두리안정보기술,경기 판교,영업부,해외영업팀,1,과장,팀원,1,,,jowoojin_698@nate.com,010-6122-2661,서울시 은평구 불광동,52000000,26,5,우리은행,1006-543-761637,가입,79,C,B,B,B,C,컴퓨터활용능력1급,779,해당,,,
EMP0395,하재민,남,36,1991-02-02,910202-1581781,군필,2016-02-15,10,고졸,,,추천,정규직,,,,두리안정보기술,경기 판교,개발부,백엔드팀,1,과장,팀원,1,,,hajaemin.9@gmail.com,010-4641-4198,서울시 서초구 서초동,58300000,22,6,하나은행,111-510850-5705,가입,78,B,C,B,B,C,ADsP,797,해당,,,
EMP0396,백주원,남,27,2000-10-06,001006-3152431,군필,2025-11-17,0,대졸,가천대학교,3.7,경력,정규직,현대자동차,차장,프로젝트관리,두리안정보기술,경기 판교,개발부,인프라팀,1,사원,팀원,1,,,baekjuwon@kakao.com,010-9135-2435,경기도 성남시 분당구 판교동,39600000,13,3,하나은행,181-455537-5000,가입,78,,,,,,리눅스마스터,,해당,,,
EMP0397,공예진,여,30,1997-04-07,970407-2271678,해당없음,2022-02-10,4,대졸,전북대학교,2.9,추천,정규직,,,,두리안정보기술,서울 여의도,인사부,교육팀,3,사원,팀원,1,,,kongyejin_work@kakao.com,010-5537-9431,경기도 성남시 분당구 정자동,36000000,16,13,국민은행,880640-85-819930,가입,62,,,C,D,C,정보처리기사,619,해당,,,
EMP0398,민유진,여,48,1979-09-12,790912-2584570,해당없음,2006-08-06,19,대졸,중앙대학교,3.8,공채,정규직,,,,두리안정보기술,서울 강남,영업부,해외영업팀,1,부장,팀원,2,권고사직,2009-03-13,minyujin44@kakao.com,010-3619-9570,서울시 은평구 불광동,90000000,17,9,토스뱅크,100-4882-2293,가입,91,A,B,A,A,A,리눅스마스터,,해당,,,
EMP0399,강현우,남,44,1983-09-11,830911-1713627,군필,2011-04-17,15,대졸,광운대학교,3.8,추천,정규직,,,,두리안정보기술,서울 여의도,기획부,전략기획팀,1,부장,팀원,2,계약만료,2025-03-21,kanghyunwoo81@nate.com,010-8613-1194,서울시 용산구 이태원동,88000000,15,2,국민은행,857263-97-764928,가입,87,A,B,B,B,B,정보처리기사,575,해당,,,
EMP0400,장성호,남,25,2002-10-03,021003-3519913,군필,2025-10-08,0,대졸,충남대학교,2.7,인턴전환,정규직,,,,두리안정보기술,서울 강남,인사부,채용팀,3,사원,팀원,1,,,jangsungho27@naver.com,010-6712-9350,인천시 부평구 부평동,30000000,10,15,하나은행,111-099185-1880,가입,76,,,,,,컴퓨터활용능력1급,950,해당,공로상,,
EMP0401,주지원,여,29,1998-12-01,981201-2144656,해당없음,2025-10-02,0,대졸,충남대학교,3.1,공채,정규직,,,,두리안정보기술,경기 판교,기획부,사업기획팀,1,사원,팀원,1,,,jujiwon_597@hanmail.net,010-7911-7196,서울시 영등포구 여의도동,35000000,18,7,토스뱅크,100-8057-8709,가입,76,,,,,,SQLD,648,해당,,,
EMP0402,고민재,남,29,1998-05-09,980509-1542730,미필,2021-02-13,5,전문대졸,인하공업전문대학,3.9,추천,정규직,,,,두리안정보기술,서울 강남,마케팅부,디지털마케팅팀,1,대리,팀원,1,,,kominjae.2@hanmail.net,010-4766-6193,서울시 마포구 합정동,39000000,18,8,기업은행,010-03-791769,가입,71,,C,C,C,C,,609,비해당,공로상,,
EMP0403,주준혁,남,31,1996-05-23,960523-1225638,군필,2019-08-13,6,대졸,중앙대학교,3.9,인턴전환,정규직,,,,두리안정보기술,경기 판교,기획부,전략기획팀,1,과장,팀원,1,,,jujunhyuk_884@hanmail.net,010-9255-9564,서울시 강남구 논현동,60000000,30,8,기업은행,010-67-632016,가입,80,A,B,B,B,A,,636,비해당,,감봉,업무태만
EMP0404,신지현,여,38,1989-09-08,890908-2787036,해당없음,2015-12-12,10,대학원졸,아주대학교,3.7,공채,정규직,,,,두리안정보기술,서울 강남,인사부,채용팀,3,과장,팀원,1,자발적퇴직,2023-09-24,shinjihyun_768@gmail.com,010-5399-5579,서울시 강남구 논현동,59000000,21,1,국민은행,353889-73-058622,가입,75,B,B,B,B,B,컴퓨터활용능력1급,,해당,,,
EMP0405,최정수,남,50,1977-04-06,770406-1931993,면제,2007-02-19,19,대졸,경희대학교,3.6,추천,정규직,,,,두리안정보기술,서울 여의도,영업부,국내영업팀,1,부장,팀원,2,,,choijungsu34@gmail.com,010-9742-1845,서울시 강남구 삼성동,83000000,14,0,우리은행,1002-491-649373,미가입,86,B,A,B,B,B,빅데이터분석기사,590,해당,,,
EMP0406,전성민,남,37,1990-04-02,900402-1112922,군필,2020-12-13,5,전문대졸,인하공업전문대학,2.6,경력,정규직,삼성전자,과장,영업관리,두리안정보기술,경기 판교,개발부,프론트팀,1,과장,팀원,1,,,jeonsungmin34@naver.com,010-3625-2532,서울시 서초구 서초동,60500000,30,6,카카오뱅크,333-06-4719307,가입,81,A,B,B,B,B,정보보안기사,549,해당,,,
EMP0407,성성민,남,31,1996-02-21,960221-1965130,군필,2019-09-16,6,고졸,,,인턴전환,정규직,,,,두리안정보기술,서울 강남,마케팅부,디지털마케팅팀,1,과장,팀원,1,,,sungsungmin28@gmail.com,010-3360-6608,서울시 마포구 상암동,54000000,30,9,농협은행,351-1567-7014-94,가입,78,B,C,B,C,B,,656,비해당,,,
EMP0408,우선우,남,48,1979-12-01,791201-1967341,군필,2004-12-22,21,대졸,이화여자대학교,3.8,추천,정규직,,,,두리안정보기술,서울 여의도,영업부,해외영업팀,1,부장,팀원,2,,,woosunwoo_kr@hanmail.net,010-2489-3797,서울시 영등포구 여의도동,118000000,13,12,우리은행,1002-400-134819,가입,89,A,B,A,B,A,,,비해당,공로상,,
EMP0409,현다현,여,50,1977-09-14,770914-2963900,해당없음,2005-05-16,21,대졸,부산대학교,3,인턴전환,정규직,,,,두리안정보기술,경기 판교,인사부,채용팀,3,부장,팀원,2,,,hyundahyun.5@daum.net,010-9353-8160,서울시 송파구 문정동,88000000,18,4,하나은행,181-354988-8771,미가입,91,S,A,B,B,A,빅데이터분석기사,525,해당,,,
EMP0410,박예은,여,25,2002-07-11,020711-4105063,해당없음,2025-10-17,0,대졸,성균관대학교,2.6,경력,정규직,롯데그룹,대리,백엔드개발,두리안정보기술,경기 판교,마케팅부,디지털마케팅팀,1,사원,팀원,1,,,parkyeeun16@hanmail.net,010-2512-7299,경기도 고양시 일산동구 장항동,34000000,13,2,기업은행,010-28-708317,가입,76,,,,,,,,비해당,,,
EMP0411,황지후,남,48,1979-10-22,791022-1567318,면제,2008-08-24,17,대졸,단국대학교,3,인턴전환,정규직,,,,두리안정보기술,서울 강남,기획부,전략기획팀,1,부장,팀원,2,,,hwangjihoo_work@hanmail.net,010-3318-6063,서울시 서초구 방배동,89000000,13,2,카카오뱅크,333-65-4221293,가입,90,S,A,A,B,B,,560,비해당,,,
EMP0412,서현준,남,36,1991-06-25,910625-1822173,군필,2015-06-07,10,대졸,아주대학교,3.1,인턴전환,정규직,,,,두리안정보기술,서울 강남,영업부,해외영업팀,1,차장,팀원,2,,,seohyunjun10@naver.com,010-1551-9697,서울시 노원구 상계동,63000000,17,7,농협은행,302-2112-9931-88,가입,88,A,A,A,A,S,,,비해당,,,
EMP0413,노현준,남,46,1981-06-21,810621-1133247,군필,2009-08-08,16,대졸,전남대학교,2.5,추천,정규직,,,,두리안정보기술,서울 강남,마케팅부,브랜드팀,1,부장,팀원,2,,,nohhyunjun29@gmail.com,010-2396-3093,경기도 수원시 영통구 매탄동,81000000,19,5,신한은행,140-566-220998,가입,91,B,B,A,A,B,,,비해당,,정직,복무규정위반
EMP0414,곽준서,남,32,1995-12-06,951206-1329389,군필,2020-02-24,6,전문대졸,경북전문대학교,3.9,인턴전환,정규직,,,,두리안정보기술,서울 여의도,인사부,교육팀,3,과장,팀원,1,,,kwakjunseo14@daum.net,010-9179-4358,서울시 강동구 천호동,51000000,24,0,카카오뱅크,333-38-6104474,미가입,87,C,B,B,C,B,컴퓨터활용능력1급,,해당,,,
EMP0415,임예원,여,32,1995-08-14,950814-2528626,해당없음,2019-07-03,6,전문대졸,경북전문대학교,3.7,경력,계약직,현대자동차,차장,프로젝트관리,두리안정보기술,서울 여의도,인사부,채용팀,3,대리,팀원,1,,,limyewon.3@gmail.com,010-4402-6924,서울시 강남구 역삼동,46000000,18,9,국민은행,726866-93-752465,가입,76,B,B,B,B,B,,539,비해당,,,
EMP0416,백하준,남,35,1992-05-05,920505-1939940,군필,2016-10-16,9,고졸,,,공채,정규직,,,,두리안정보기술,서울 여의도,인사부,교육팀,3,과장,팀원,1,,,baekhajun_226@hanmail.net,010-2315-9703,서울시 서초구 방배동,50000000,28,2,카카오뱅크,333-54-0952951,가입,87,A,B,B,A,B,컴퓨터활용능력1급,588,해당,MVP,,
EMP0417,황서연,여,42,1985-06-22,850622-2295546,해당없음,2013-05-08,13,전문대졸,명지전문대학,3.4,인턴전환,정규직,,,,두리안정보기술,경기 판교,영업부,국내영업팀,1,차장,팀원,2,,,hwangseoyeon10@naver.com,010-2646-9277,서울시 은평구 불광동,69000000,15,12,국민은행,478426-50-821128,가입,79,C,C,B,B,B,정보보안기사,836,해당,,,
EMP0418,최도현,남,24,2003-08-18,030818-3897504,군필,2026-02-20,0,대졸,경희대학교,2.8,공채,정규직,,,,두리안정보기술,서울 강남,개발부,백엔드팀,1,사원,팀원,1,,,choidohyun.8@daum.net,010-6974-1154,경기도 용인시 기흥구 영덕동,33000000,15,8,신한은행,100-865-397092,가입,61,,,,,,,822,비해당,,,
EMP0419,정건우,남,36,1991-03-23,910323-1764527,군필,2019-06-17,6,대졸,국민대학교,3.3,추천,계약직,,,,두리안정보기술,경기 판교,개발부,인프라팀,1,과장,팀원,1,권고사직,2025-09-14,junggunwoo_648@gmail.com,010-8330-7868,경기도 수원시 영통구 매탄동,53900000,22,15,국민은행,196904-06-746095,가입,81,C,B,B,A,A,AWS Solutions Architect,603,해당,,,
EMP0420,김현우,남,35,1992-12-18,921218-1372191,미필,2023-11-24,2,고졸,,,공채,계약직,,,,두리안정보기술,서울 여의도,영업부,해외영업팀,1,대리,팀원,1,계약만료,2025-09-20,kimhyunwoo50@kakao.com,010-2939-5028,경기도 고양시 일산동구 장항동,43000000,20,0,하나은행,111-122698-9544,가입,83,,,,B,B,,,비해당,,,
EMP0421,원지아,여,29,1998-07-10,980710-2205836,해당없음,2025-12-04,0,대졸,서울대학교,2.8,경력,정규직,카카오,대리,프론트엔드개발,두리안정보기술,서울 강남,마케팅부,디지털마케팅팀,1,사원,팀원,1,계약만료,2026-06-02,wonjia99@nate.com,010-5015-4786,인천시 부평구 부평동,32000000,6,15,하나은행,200-142354-6113,가입,72,,,,,,SQLD,,해당,,,
EMP0422,권수빈,여,32,1995-01-27,950127-2240494,해당없음,2020-01-11,6,대졸,동국대학교,3.3,추천,정규직,,,,두리안정보기술,서울 강남,영업부,해외영업팀,1,과장,팀원,1,,,kwonsubin_200@kakao.com,010-1747-8567,서울시 마포구 상암동,49000000,27,15,카카오뱅크,333-22-2494973,가입,79,C,B,B,C,B,,,비해당,,,
EMP0423,방성민,남,26,2001-12-27,011227-3410909,군필,2024-05-14,2,전문대졸,명지전문대학,2.6,경력,정규직,삼성전자,차장,프론트엔드개발,두리안정보기술,서울 여의도,영업부,해외영업팀,1,사원,팀원,1,자발적퇴직,2025-05-27,bangsungmin_570@hanmail.net,010-3830-6444,서울시 송파구 문정동,35000000,18,10,기업은행,010-78-895798,가입,69,,,,,D,정보보안기사,616,해당,,,
EMP0424,엄수연,여,29,1998-09-27,980927-2804456,해당없음,2021-03-18,5,대졸,숙명여자대학교,2.5,경력,정규직,쿠팡,대리,데이터분석,두리안정보기술,서울 여의도,개발부,인프라팀,1,대리,팀원,1,,,umsuyeon_dev@daum.net,010-4855-5255,서울시 강남구 역삼동,46200000,22,12,토스뱅크,100-8443-0811,가입,76,,B,B,B,D,빅데이터분석기사,,해당,,,
EMP0425,이수연,여,38,1989-07-24,890724-2600020,해당없음,2012-04-19,14,대졸,숙명여자대학교,3,공채,정규직,,,,두리안정보기술,서울 강남,영업부,해외영업팀,1,차장,팀원,2,,,leesuyeon_846@naver.com,010-3412-8899,서울시 서초구 서초동,61000000,21,4,기업은행,020-87-277434,가입,89,A,A,A,A,A,SQLD,941,해당,팀워크상,,
EMP0426,현시우,남,36,1991-10-04,911004-1114590,군필,2015-08-14,10,전문대졸,경북전문대학교,2.7,인턴전환,정규직,,,,두리안정보기술,경기 판교,개발부,인프라팀,1,과장,팀원,1,,,hyunsiwoo.7@gmail.com,010-2170-8382,서울시 강서구 마곡동,60500000,22,12,하나은행,162-443398-9593,가입,76,B,D,C,B,C,AWS Solutions Architect,,해당,,,
EMP0427,신주원,남,30,1997-11-01,971101-1372744,군필,2020-01-11,6,대졸,이화여자대학교,2.8,추천,정규직,,,,두리안정보기술,서울 여의도,영업부,국내영업팀,1,대리,팀원,1,,,shinjuwon_815@kakao.com,010-3588-9081,서울시 마포구 상암동,38000000,12,10,하나은행,162-346323-3555,가입,79,B,B,B,C,B,,,비해당,MVP,,
EMP0428,한동현,남,30,1997-01-10,970110-1955705,군필,2025-06-21,0,고졸,,,추천,정규직,,,,두리안정보기술,서울 여의도,개발부,프론트팀,1,사원,팀원,1,,,handonghyun.1@gmail.com,010-2692-3814,인천시 부평구 부평동,39600000,11,11,우리은행,1002-338-627012,가입,75,,,,,,ADsP,,해당,,,
EMP0429,한현우,남,48,1979-04-20,790420-1444520,군필,2002-05-27,23,대졸,중앙대학교,3.4,공채,정규직,,,,두리안정보기술,서울 여의도,영업부,해외영업팀,1,부장,팀원,2,,,hanhyunwoo_902@naver.com,010-3657-5825,서울시 송파구 잠실동,101000000,11,9,하나은행,200-579813-2852,가입,94,A,S,S,A,B,,530,비해당,공로상,,
EMP0430,한하영,여,29,1998-06-19,980619-2391352,해당없음,2023-09-01,2,대졸,한양대학교,2.6,인턴전환,정규직,,,,두리안정보기술,서울 여의도,인사부,채용팀,3,대리,팀원,1,,,hanhayoung.2@naver.com,010-8342-6601,인천시 부평구 부평동,46000000,11,12,국민은행,975222-29-579392,가입,68,,,,D,C,ADsP,538,해당,,,
EMP0431,우지후,남,30,1997-04-04,970404-1430726,군필,2023-02-23,3,전문대졸,인하공업전문대학,3.8,추천,정규직,,,,두리안정보기술,서울 여의도,영업부,국내영업팀,1,사원,팀원,1,,,woojihoo_822@daum.net,010-6810-1162,서울시 용산구 이태원동,37000000,9,6,카카오뱅크,333-07-8466391,가입,61,,,,D,C,정보처리기사,581,해당,,,
EMP0432,송건우,남,43,1984-02-10,840210-1606569,군필,2010-10-21,15,대졸,국민대학교,2.9,경력,계약직,카카오,대리,데이터분석,두리안정보기술,경기 판교,개발부,인프라팀,1,부장,팀원,2,,,songgunwoo_491@hanmail.net,010-8045-6804,서울시 서초구 서초동,90200000,12,15,신한은행,180-725-339353,가입,88,B,A,S,B,A,,,비해당,,,
EMP0433,민서현,여,29,1998-11-10,981110-2918035,해당없음,2023-12-18,2,전문대졸,인하공업전문대학,3.6,인턴전환,정규직,,,,두리안정보기술,서울 강남,영업부,국내영업팀,1,사원,팀원,1,,,minseohyun_501@naver.com,010-6740-1141,서울시 서초구 서초동,36000000,16,2,우리은행,1006-142-114943,가입,71,,,,C,B,AWS Solutions Architect,,해당,,,
EMP0434,문성호,남,28,1999-07-07,990707-1478857,군필,2023-03-18,3,대학원졸,서울대학교,2.9,경력,계약직,KT,대리,백엔드개발,두리안정보기술,경기 판교,인사부,채용팀,3,사원,팀원,1,,,moonsungho62@nate.com,010-4794-2226,서울시 강남구 삼성동,34000000,8,2,국민은행,839944-27-539840,가입,65,,,,C,C,,,비해당,,,
EMP0435,주우진,남,32,1995-03-05,950305-1847873,면제,2022-09-20,3,대졸,고려대학교,3.1,경력,정규직,포스코,대리,프로젝트관리,두리안정보기술,경기 판교,영업부,해외영업팀,1,대리,팀원,1,자발적퇴직,2026-01-26,juwoojin35@gmail.com,010-8285-7973,서울시 서초구 방배동,40000000,10,10,토스뱅크,100-5614-2981,가입,68,,,C,C,D,,,비해당,,,
EMP0436,엄지호,남,27,2000-11-26,001126-3406517,군필,2023-02-01,3,고졸,,,경력,정규직,쿠팡,과장,마케팅기획,두리안정보기술,경기 판교,영업부,국내영업팀,1,사원,팀원,1,,,umjiho_kr@gmail.com,010-9382-8231,서울시 강남구 역삼동,34000000,14,8,농협은행,301-8910-7364-23,가입,61,,,,D,D,,939,비해당,,,
EMP0437,노우혁,남,45,1982-12-06,821206-1881563,군필,2013-03-10,13,전문대졸,명지전문대학,2.9,인턴전환,정규직,,,,두리안정보기술,서울 여의도,인사부,교육팀,3,차장,팀원,2,,,nohwoohyuk_672@naver.com,010-9449-8108,서울시 송파구 문정동,60000000,21,4,우리은행,1002-059-242295,가입,90,A,B,A,A,A,,683,비해당,,,
EMP0438,진민준,남,29,1998-06-21,980621-1389204,군필,2025-09-28,0,대졸,이화여자대학교,2.9,인턴전환,정규직,,,,두리안정보기술,서울 여의도,마케팅부,브랜드팀,1,사원,팀원,1,,,jinminjun_kr@kakao.com,010-5200-7784,서울시 강서구 마곡동,35000000,12,12,국민은행,246288-42-565400,가입,61,,,,,,,733,비해당,,,
EMP0439,엄성민,남,50,1977-02-12,770212-1360024,군필,2000-09-26,25,대졸,덕성여자대학교,3.9,공채,계약직,,,,두리안정보기술,경기 판교,개발부,AI팀,1,부장,팀원,2,,,umsungmin_127@gmail.com,010-7628-8716,서울시 서초구 서초동,119900000,12,7,우리은행,1006-352-125409,가입,94,A,B,A,S,B,리눅스마스터,885,해당,,경고,지각반복
EMP0440,오현우,남,33,1994-05-25,940525-1989360,군필,2020-10-21,5,대졸,아주대학교,3,추천,정규직,,,,두리안정보기술,서울 여의도,기획부,전략기획팀,1,대리,팀원,1,,,ohhyunwoo18@daum.net,010-7923-2273,경기도 수원시 영통구 매탄동,39000000,20,4,국민은행,430158-77-391588,가입,77,B,B,B,B,B,,746,비해당,,감봉,업무태만
EMP0441,엄은별,여,30,1997-01-25,970125-2586172,해당없음,2023-04-06,3,대졸,국민대학교,3.2,공채,정규직,,,,두리안정보기술,서울 강남,마케팅부,디지털마케팅팀,1,사원,팀원,1,,,umeunbyul.7@daum.net,010-3584-1494,서울시 마포구 합정동,31000000,12,13,우리은행,1006-046-833708,가입,60,,,,C,D,정보보안기사,,해당,,,
EMP0442,강민재,남,31,1996-12-01,961201-1920835,군필,2019-11-20,6,대학원졸,광운대학교,3.2,추천,정규직,,,,두리안정보기술,서울 강남,영업부,해외영업팀,1,대리,팀원,1,,,kangminjae_kr@nate.com,010-4633-2866,서울시 용산구 이태원동,39000000,17,13,신한은행,140-248-150815,가입,71,C,D,C,C,C,컴퓨터활용능력1급,,해당,,,
EMP0443,조성민,남,40,1987-02-11,870211-1282298,군필,2014-11-17,11,대졸,건국대학교,2.6,추천,정규직,,,,두리안정보기술,경기 판교,인사부,교육팀,3,차장,팀원,2,,,josungmin.3@hanmail.net,010-6552-4012,경기도 용인시 기흥구 영덕동,60000000,19,10,농협은행,302-0148-5123-92,가입,86,B,C,A,A,B,AWS Solutions Architect,770,해당,,,
EMP0444,나나은,여,25,2002-07-19,020719-4782581,해당없음,2025-09-01,0,대학원졸,경북대학교,3.1,추천,정규직,,,,두리안정보기술,경기 판교,기획부,사업기획팀,1,사원,팀원,1,,,nanaeun_796@gmail.com,010-5837-3336,서울시 강동구 천호동,31000000,15,10,국민은행,292053-15-195387,가입,68,,,,,,컴퓨터활용능력1급,611,해당,,,
EMP0445,지태양,남,30,1997-02-05,970205-1832326,미필,2022-01-19,4,대학원졸,서강대학교,3.4,인턴전환,계약직,,,,두리안정보기술,서울 강남,마케팅부,브랜드팀,1,사원,팀원,1,,,jitaeyang90@naver.com,010-7555-5456,경기도 성남시 분당구 정자동,33000000,9,2,국민은행,147105-14-737529,가입,76,,,B,B,B,,,비해당,,,
EMP0446,윤지훈,남,50,1977-09-12,770912-1273838,미필,2004-08-08,21,대졸,서강대학교,3.1,경력,계약직,KT,차장,마케팅기획,두리안정보기술,서울 강남,마케팅부,브랜드팀,1,부장,팀원,2,,,yoonjihoon_507@naver.com,010-6648-7176,인천시 부평구 부평동,83000000,14,12,신한은행,110-174-592626,가입,82,B,B,B,B,A,,,비해당,,,
EMP0447,우재현,남,49,1978-09-24,780924-1522000,군필,2008-04-11,18,대졸,동국대학교,3.9,인턴전환,정규직,,,,두리안정보기술,서울 강남,마케팅부,브랜드팀,1,부장,팀원,2,,,woojaehyun93@naver.com,010-2103-5996,경기도 용인시 기흥구 영덕동,90000000,12,2,하나은행,200-458803-1097,가입,82,B,B,B,C,B,리눅스마스터,,해당,,,
EMP0448,박정우,남,50,1977-02-01,770201-1453195,군필,2010-04-10,16,대졸,강원대학교,2.7,추천,정규직,,,,두리안정보기술,서울 강남,기획부,사업기획팀,1,부장,팀원,2,,,parkjungwoo.5@hanmail.net,010-7564-3049,경기도 고양시 일산동구 장항동,81000000,12,15,기업은행,030-73-471434,가입,91,B,A,A,A,A,,,비해당,,,
EMP0449,진태양,남,35,1992-08-22,920822-1303603,군필,2022-01-03,4,대졸,세종대학교,2.7,추천,계약직,,,,두리안정보기술,경기 판교,인사부,채용팀,3,대리,팀원,1,,,jintaeyang73@naver.com,010-3778-2200,경기도 성남시 분당구 판교동,43000000,20,12,토스뱅크,100-9395-7180,가입,78,,,C,B,B,SQLD,,해당,,,
EMP0450,최소희,여,28,1999-01-05,990105-2912087,해당없음,2022-11-06,3,대졸,인하대학교,2.8,추천,정규직,,,,두리안정보기술,서울 강남,기획부,전략기획팀,1,대리,팀원,1,,,choisohee89@hanmail.net,010-2168-8720,경기도 용인시 기흥구 영덕동,43000000,15,0,하나은행,111-823265-5835,가입,70,,,C,C,C,빅데이터분석기사,883,해당,,,
EMP0451,원승준,남,58,1969-04-22,690422-1360965,군필,2000-08-23,25,대학원졸,건국대학교,3,인턴전환,정규직,,,,두리안정보기술,서울 여의도,기획부,전략기획팀,1,부장,팀원,2,,,wonseungjun.1@naver.com,010-1206-6103,서울시 용산구 이태원동,145000000,8,15,신한은행,110-946-418559,가입,90,A,A,A,A,A,,867,비해당,,,
EMP0452,윤보미,여,27,2000-12-18,001218-4500699,해당없음,2023-10-26,2,대졸,경희대학교,3.4,경력,정규직,현대자동차,사원,영업관리,두리안정보기술,서울 강남,인사부,채용팀,3,대리,팀원,1,,,yoonbomi_839@naver.com,010-1909-4110,인천시 부평구 부평동,40000000,21,6,기업은행,020-58-122362,가입,81,,,,A,A,,664,비해당,,,
EMP0453,전예원,여,24,2003-09-24,030924-4295528,해당없음,2025-08-02,0,대졸,경희대학교,3.4,공채,정규직,,,,두리안정보기술,서울 강남,마케팅부,디지털마케팅팀,1,사원,팀원,1,,,jeonyewon_dev@naver.com,010-8706-1114,경기도 성남시 분당구 판교동,38000000,6,1,농협은행,356-4970-4826-26,가입,72,,,,,,,787,비해당,공로상,,
EMP0454,송하늘,여,45,1982-12-26,821226-2480949,해당없음,2007-08-24,18,대졸,부산대학교,3.6,추천,정규직,,,,두리안정보기술,서울 강남,기획부,전략기획팀,1,부장,팀원,2,,,songhaneul_work@kakao.com,010-8346-1097,서울시 마포구 합정동,76000000,12,12,신한은행,100-106-688817,가입,84,B,B,B,B,B,빅데이터분석기사,667,해당,,,
EMP0455,곽소연,여,29,1998-01-13,980113-2482558,해당없음,2025-07-08,0,전문대졸,영진전문대학교,2.7,공채,정규직,,,,두리안정보기술,서울 강남,인사부,교육팀,3,사원,팀원,1,,,kwaksoyeon.6@kakao.com,010-7007-4789,서울시 서초구 서초동,36000000,5,10,신한은행,110-633-444852,가입,68,,,,,,,,비해당,공로상,,
EMP0456,배도윤,남,30,1997-08-12,970812-1525873,군필,2026-03-28,0,대졸,한양대학교,2.6,경력,정규직,KT,과장,마케팅기획,두리안정보기술,서울 여의도,영업부,해외영업팀,1,사원,팀원,1,,,baedoyoon20@daum.net,010-7674-7224,서울시 강남구 역삼동,37000000,18,11,기업은행,030-31-665876,가입,65,,,,,,리눅스마스터,929,해당,,,
EMP0457,백하준,남,29,1998-01-15,980115-1543806,군필,2021-09-14,4,대졸,경북대학교,3.9,추천,정규직,,,,두리안정보기술,서울 여의도,영업부,해외영업팀,1,대리,팀원,1,,,baekhajun48@naver.com,010-5018-6347,서울시 강동구 천호동,38000000,15,1,기업은행,010-36-690967,가입,82,,B,B,B,B,,,비해당,MVP,,
EMP0458,주예원,여,30,1997-06-07,970607-2437923,해당없음,2024-12-24,1,대졸,숭실대학교,2.7,추천,계약직,,,,두리안정보기술,서울 강남,영업부,해외영업팀,1,사원,팀원,1,,,juyewon51@naver.com,010-4979-8835,경기도 성남시 분당구 판교동,31000000,9,14,신한은행,180-332-949370,가입,77,,,,,B,,698,비해당,,,
EMP0459,성현준,남,27,2000-03-06,000306-3722580,군필,2023-02-19,3,대졸,홍익대학교,2.8,경력,정규직,KT,차장,영업관리,두리안정보기술,경기 판교,기획부,사업기획팀,1,대리,팀원,1,,,sunghyunjun_dev@nate.com,010-3305-1765,서울시 서초구 방배동,38000000,14,14,우리은행,1002-897-940888,가입,73,,,,B,C,,,비해당,,,
EMP0460,엄현우,남,25,2002-02-14,020214-3926909,군필,2025-12-01,0,대졸,숙명여자대학교,2.8,경력,정규직,KT,대리,백엔드개발,두리안정보기술,서울 여의도,인사부,채용팀,3,사원,팀원,1,,,umhyunwoo_892@kakao.com,010-8362-8658,서울시 강서구 마곡동,33000000,8,4,토스뱅크,100-4497-3679,가입,66,,,,,,SQLD,613,해당,우수사원상,,
EMP0461,신시우,남,35,1992-07-10,920710-1779481,군필,2018-01-13,8,고졸,,,인턴전환,계약직,,,,두리안정보기술,경기 판교,개발부,인프라팀,1,대리,팀원,1,정년퇴직,2019-06-03,shinsiwoo.6@gmail.com,010-8040-3619,서울시 강남구 역삼동,49500000,17,5,기업은행,010-54-668893,가입,79,B,B,C,B,B,,,비해당,MVP,,
EMP0462,황성호,남,29,1998-12-03,981203-1876043,군필,2023-05-14,3,대졸,중앙대학교,3.5,추천,정규직,,,,두리안정보기술,경기 판교,기획부,사업기획팀,1,사원,팀원,1,,,hwangsungho28@daum.net,010-4546-3089,서울시 서초구 방배동,34000000,18,0,하나은행,200-921392-1371,가입,70,,,,C,B,,967,비해당,,,
EMP0463,우현준,남,28,1999-12-18,991218-1621884,면제,2022-02-06,4,대졸,가천대학교,3,공채,정규직,,,,두리안정보기술,서울 여의도,기획부,전략기획팀,1,대리,팀원,1,,,woohyunjun51@hanmail.net,010-9211-9623,서울시 서초구 방배동,47000000,12,10,하나은행,111-330747-3464,가입,73,,,B,B,C,리눅스마스터,,해당,,,
EMP0464,신재원,남,41,1986-01-11,860111-1302163,군필,2016-11-16,9,대졸,세종대학교,4,공채,정규직,,,,두리안정보기술,서울 여의도,기획부,사업기획팀,1,과장,팀원,1,,,shinjaewon.1@gmail.com,010-3305-7835,서울시 강남구 논현동,58000000,18,14,기업은행,020-34-670656,가입,87,B,B,B,B,C,,851,비해당,,,
EMP0465,배수아,여,25,2002-06-24,020624-4947623,해당없음,2025-06-12,0,대졸,전남대학교,3.5,추천,정규직,,,,두리안정보기술,서울 여의도,기획부,사업기획팀,1,사원,팀원,1,,,baesua@gmail.com,010-3521-3869,서울시 송파구 문정동,37000000,9,11,카카오뱅크,333-32-5982171,가입,61,,,,,,정보처리기사,768,해당,,,
EMP0466,안하은,여,55,1972-03-26,720326-2281779,해당없음,1999-05-01,27,전문대졸,명지전문대학,2.5,추천,정규직,,,,두리안정보기술,서울 강남,인사부,,3,이사,팀원,3,,,ahnhaeun_work@nate.com,010-1198-8098,경기도 용인시 기흥구 영덕동,106000000,13,7,기업은행,030-27-298069,가입,88,A,A,A,B,A,,969,비해당,,,
EMP0467,구태호,남,43,1984-05-11,840511-1119753,군필,2009-03-27,17,전문대졸,인하공업전문대학,3.4,추천,정규직,,,,두리안정보기술,경기 판교,기획부,사업기획팀,1,차장,팀원,2,,,kootaeho.3@daum.net,010-5428-3410,경기도 용인시 기흥구 영덕동,62000000,24,1,국민은행,008315-11-710104,가입,88,A,A,A,A,A,,827,비해당,,,
EMP0468,권주원,남,35,1992-09-09,920909-1435544,군필,2019-03-11,7,대졸,한양대학교,2.6,경력,계약직,포스코,차장,프로젝트관리,두리안정보기술,경기 판교,개발부,인프라팀,1,대리,팀원,1,정년퇴직,2025-05-06,kwonjuwon_530@kakao.com,010-1510-6907,경기도 수원시 영통구 매탄동,51700000,21,3,기업은행,030-01-627204,가입,76,C,B,B,D,C,,756,비해당,,,
EMP0469,천유진,여,51,1976-08-10,760810-2540830,해당없음,2004-08-14,21,대졸,연세대학교,3.5,경력,정규직,현대자동차,대리,프론트엔드개발,두리안정보기술,서울 강남,인사부,채용팀,3,부장,팀원,2,,,chunyujin93@kakao.com,010-9234-1441,서울시 서초구 방배동,116000000,11,14,기업은행,020-53-755646,가입,90,B,A,A,B,A,정보보안기사,712,해당,,,
EMP0470,권태호,남,45,1982-07-11,820711-1885327,면제,2016-01-23,10,고졸,,,인턴전환,정규직,,,,두리안정보기술,서울 여의도,기획부,사업기획팀,1,차장,팀원,2,,,kwontaeho.8@gmail.com,010-5956-7055,경기도 성남시 분당구 정자동,64000000,22,2,기업은행,020-17-080531,가입,86,B,A,B,A,A,,,비해당,,,
EMP0471,한소연,여,34,1993-09-15,930915-2635553,해당없음,2016-05-18,10,대졸,전북대학교,3.1,추천,정규직,,,,두리안정보기술,서울 강남,인사부,채용팀,3,과장,팀원,1,,,hansoyeon1@gmail.com,010-8449-3161,서울시 송파구 잠실동,54000000,30,15,카카오뱅크,333-35-5870712,가입,74,B,B,D,B,C,,,비해당,MVP,,
EMP0472,함지아,여,44,1983-10-08,831008-2347595,해당없음,2014-07-18,11,대졸,광운대학교,3.9,추천,정규직,,,,두리안정보기술,서울 여의도,영업부,해외영업팀,1,차장,팀원,2,,,hamjia_work@kakao.com,010-1536-6856,서울시 서초구 방배동,63000000,17,6,기업은행,030-00-330923,가입,90,A,A,B,A,A,,853,비해당,,,
EMP0473,곽태호,남,45,1982-12-27,821227-1572209,미필,2013-09-09,12,대졸,중앙대학교,2.7,경력,계약직,삼성전자,사원,데이터분석,두리안정보기술,서울 여의도,영업부,국내영업팀,1,차장,팀원,2,자발적퇴직,2021-08-10,kwaktaeho_work@kakao.com,010-9394-5782,서울시 송파구 문정동,64000000,23,4,하나은행,200-136281-8345,가입,78,C,C,B,C,B,,538,비해당,,,
EMP0474,심아름,여,27,2000-07-10,000710-4318499,해당없음,2023-07-24,2,전문대졸,명지전문대학,3.2,인턴전환,정규직,,,,두리안정보기술,경기 판교,개발부,인프라팀,1,대리,팀원,1,,,shimareum_477@naver.com,010-3868-5916,서울시 강남구 논현동,41800000,12,10,하나은행,111-607036-6736,가입,70,,,,C,D,ADsP,760,해당,,,
EMP0475,공하늘,여,29,1998-10-14,981014-2180659,해당없음,2024-09-08,1,대졸,전남대학교,3.7,인턴전환,정규직,,,,두리안정보기술,서울 강남,개발부,인프라팀,1,사원,팀원,1,,,konghaneul_work@daum.net,010-8856-7334,서울시 강남구 삼성동,39600000,11,2,농협은행,351-1525-3819-58,가입,78,,,,,B,SQLD,726,해당,우수사원상,,
EMP0476,차예린,여,48,1979-12-05,791205-2282343,해당없음,2004-05-01,22,대학원졸,홍익대학교,3.7,경력,정규직,네이버,사원,재무회계,두리안정보기술,서울 여의도,기획부,사업기획팀,1,부장,팀원,2,권고사직,2014-11-09,chayerin88@gmail.com,010-4420-8171,서울시 영등포구 여의도동,79000000,14,4,우리은행,1005-453-258127,가입,84,B,B,B,A,B,,660,비해당,,,
EMP0477,백정수,남,36,1991-08-28,910828-1502370,군필,2018-01-04,8,대졸,한국외국어대학교,2.9,인턴전환,정규직,,,,두리안정보기술,경기 판교,기획부,전략기획팀,1,대리,팀원,1,,,baekjungsu.7@nate.com,010-6486-6832,경기도 고양시 일산동구 장항동,45000000,17,12,국민은행,477474-62-670421,가입,72,B,B,B,B,B,,914,비해당,,,
EMP0478,나현우,남,41,1986-05-26,860526-1169315,미필,2017-07-28,8,대졸,강원대학교,2.5,인턴전환,정규직,,,,두리안정보기술,서울 강남,영업부,국내영업팀,1,과장,팀원,1,,,nahyunwoo_kr@hanmail.net,010-4243-3438,서울시 노원구 상계동,49000000,23,12,기업은행,010-71-937452,가입,78,C,B,B,B,B,AWS Solutions Architect,774,해당,,감봉,지각반복
EMP0479,윤현준,남,50,1977-08-19,770819-1196573,군필,2004-09-17,21,대학원졸,숙명여자대학교,3.4,공채,정규직,,,,두리안정보기술,서울 여의도,인사부,채용팀,3,부장,팀원,2,,,yoonhyunjun62@kakao.com,010-9986-2271,경기도 수원시 영통구 매탄동,85000000,16,13,카카오뱅크,333-51-8731873,가입,85,C,B,B,B,A,,,비해당,공로상,,
EMP0480,조지우,여,46,1981-06-14,810614-2626597,해당없음,2010-11-17,15,대졸,덕성여자대학교,3.1,공채,계약직,,,,두리안정보기술,서울 강남,인사부,교육팀,3,차장,팀원,2,,,jojiwoo_work@nate.com,010-2565-2570,서울시 강동구 천호동,64000000,20,10,국민은행,877369-69-600101,가입,88,A,A,A,A,S,,706,비해당,공로상,,
EMP0481,이성호,남,34,1993-02-09,930209-1875065,군필,2023-02-11,3,대졸,연세대학교,3.8,추천,정규직,,,,두리안정보기술,경기 판교,기획부,전략기획팀,1,대리,팀원,1,,,leesungho.4@gmail.com,010-4152-4732,경기도 용인시 기흥구 영덕동,43000000,11,6,우리은행,1005-991-988413,가입,71,,,,D,B,,693,비해당,우수사원상,,
EMP0482,양현우,남,37,1990-04-24,900424-1886803,군필,2020-04-06,6,고졸,,,인턴전환,계약직,,,,두리안정보기술,서울 여의도,영업부,해외영업팀,1,과장,팀원,1,,,yanghyunwoo_dev@naver.com,010-8731-4801,서울시 노원구 상계동,57000000,28,15,카카오뱅크,333-51-6584427,가입,84,A,B,B,B,B,정보처리기사,,해당,,,
EMP0483,함하린,여,29,1998-06-19,980619-2555398,해당없음,2021-07-12,4,대졸,세종대학교,3.1,경력,정규직,포스코,사원,재무회계,두리안정보기술,서울 여의도,영업부,해외영업팀,1,대리,팀원,1,,,hamharin@nate.com,010-5093-3524,서울시 강동구 천호동,39000000,20,10,카카오뱅크,333-02-1003410,가입,75,,B,B,B,B,ADsP,,해당,,,
EMP0484,천성민,남,40,1987-06-16,870616-1925573,군필,2019-05-04,7,대졸,세종대학교,3.6,경력,정규직,카카오,대리,마케팅기획,두리안정보기술,경기 판교,인사부,교육팀,3,과장,팀원,1,,,chunsungmin.7@nate.com,010-4223-8567,서울시 강남구 논현동,49000000,24,11,카카오뱅크,333-88-1326465,가입,75,B,B,C,B,B,ADsP,621,해당,,,
EMP0485,황서준,남,34,1993-01-16,930116-1391473,면제,2017-03-13,9,대학원졸,중앙대학교,3.7,추천,정규직,,,,두리안정보기술,경기 판교,인사부,채용팀,3,과장,팀원,1,,,hwangseojun_962@naver.com,010-2783-8536,서울시 서초구 방배동,59000000,29,5,국민은행,646030-32-200350,가입,83,B,B,A,C,B,컴퓨터활용능력1급,,해당,,,
EMP0486,김예린,여,36,1991-11-03,911103-2128877,해당없음,2021-09-28,4,대학원졸,단국대학교,3.6,추천,정규직,,,,두리안정보기술,경기 판교,개발부,프론트팀,1,대리,팀원,1,,,kimyerin_699@naver.com,010-5459-5454,서울시 마포구 합정동,52800000,16,8,신한은행,110-141-904975,미가입,75,,B,C,B,B,SQLD,,해당,팀워크상,,
EMP0487,지수진,여,41,1986-05-18,860518-2149870,해당없음,2014-04-22,12,대졸,명지대학교,2.6,인턴전환,정규직,,,,두리안정보기술,서울 강남,개발부,AI팀,1,과장,팀원,1,자발적퇴직,2025-01-01,jisujin63@hanmail.net,010-1540-2185,인천시 부평구 부평동,66000000,28,1,카카오뱅크,333-32-4559808,가입,76,B,C,C,B,B,,,비해당,,,
EMP0488,황정우,남,25,2002-12-11,021211-3241933,군필,2025-05-17,1,대졸,부산대학교,3,경력,정규직,LG전자,차장,프론트엔드개발,두리안정보기술,서울 강남,기획부,사업기획팀,1,사원,팀원,1,자발적퇴직,2026-05-17,hwangjungwoo67@naver.com,010-9742-8526,경기도 용인시 기흥구 영덕동,34000000,12,5,하나은행,111-655540-6665,가입,60,,,,,,AWS Solutions Architect,,해당,팀워크상,,
EMP0489,홍수아,여,32,1995-07-16,950716-2186403,해당없음,2018-10-07,7,대졸,경북대학교,2.9,공채,정규직,,,,두리안정보기술,서울 강남,영업부,해외영업팀,1,과장,팀원,1,,,hongsua94@gmail.com,010-7660-9976,서울시 송파구 문정동,56000000,21,1,신한은행,110-596-371236,가입,79,B,B,C,B,B,AWS Solutions Architect,645,해당,,,
EMP0490,고지유,여,29,1998-05-03,980503-2464766,해당없음,2021-08-24,4,대졸,한국외국어대학교,3.9,공채,계약직,,,,두리안정보기술,서울 여의도,인사부,교육팀,3,대리,팀원,1,,,kojiyu65@kakao.com,010-3556-7385,서울시 은평구 불광동,38000000,13,11,농협은행,302-1279-4787-04,가입,79,,B,B,B,B,SQLD,821,해당,,,
EMP0491,현태양,남,32,1995-01-16,950116-1609462,면제,2023-05-13,3,전문대졸,명지전문대학,2.7,인턴전환,정규직,,,,두리안정보기술,서울 강남,개발부,백엔드팀,1,대리,팀원,1,,,hyuntaeyang61@gmail.com,010-6753-3643,서울시 서초구 방배동,41800000,18,0,카카오뱅크,333-35-7949437,가입,72,,,,B,B,빅데이터분석기사,806,해당,팀워크상,,
EMP0492,임승준,남,26,2001-05-01,010501-3917646,군필,2025-09-05,0,전문대졸,경북전문대학교,3,경력,계약직,삼성전자,사원,마케팅기획,두리안정보기술,서울 여의도,영업부,해외영업팀,1,사원,팀원,1,,,limseungjun@kakao.com,010-1670-8608,경기도 성남시 분당구 정자동,38000000,7,4,신한은행,140-091-807248,가입,65,,,,,,정보처리기사,,해당,,,
EMP0493,이지후,남,31,1996-05-04,960504-1773684,면제,2019-02-01,7,대졸,연세대학교,3.7,경력,정규직,카카오,과장,프로젝트관리,두리안정보기술,경기 판교,영업부,해외영업팀,1,과장,팀원,1,,,leejihoo72@naver.com,010-8284-5105,서울시 송파구 잠실동,57000000,28,14,카카오뱅크,333-79-6812100,가입,77,C,D,B,B,B,,697,비해당,,,
EMP0494,구아름,여,29,1998-06-16,980616-2582028,해당없음,2024-09-11,1,고졸,,,인턴전환,정규직,,,,두리안정보기술,서울 여의도,기획부,사업기획팀,1,사원,팀원,1,,,kooareum_kr@naver.com,010-8277-7789,서울시 강남구 논현동,35000000,8,8,국민은행,083636-35-711871,미가입,74,,,,,C,,693,비해당,우수사원상,,
EMP0495,백승준,남,28,1999-03-12,990312-1282566,군필,2022-09-02,3,대졸,한국외국어대학교,3.4,추천,정규직,,,,두리안정보기술,서울 여의도,개발부,AI팀,1,사원,팀원,1,,,baekseungjun_132@daum.net,010-2812-6423,서울시 용산구 이태원동,36300000,9,0,카카오뱅크,333-60-1163586,가입,76,,,C,B,D,,,비해당,,,
EMP0496,배재현,남,29,1998-08-10,980810-1337355,군필,2022-06-11,3,대졸,광운대학교,2.5,추천,정규직,,,,두리안정보기술,서울 여의도,마케팅부,디지털마케팅팀,1,사원,팀원,1,,,baejaehyun33@naver.com,010-2625-8952,서울시 강동구 천호동,30000000,9,4,국민은행,918850-97-214585,가입,60,,,D,D,D,,775,비해당,,,
EMP0497,구지후,남,24,2003-08-18,030818-3151116,군필,2026-02-14,0,대졸,광운대학교,3.8,경력,정규직,삼성전자,차장,영업관리,두리안정보기술,경기 판교,개발부,AI팀,1,사원,팀원,1,,,koojihoo28@hanmail.net,010-2012-1033,서울시 강남구 삼성동,35200000,14,7,우리은행,1002-210-737857,가입,67,,,,,,,,비해당,공로상,경고,업무태만
EMP0498,오성준,남,41,1986-03-06,860306-1905704,군필,2010-02-13,16,전문대졸,영진전문대학교,3,인턴전환,정규직,,,,두리안정보기술,경기 판교,마케팅부,브랜드팀,1,차장,팀원,2,,,ohsungjun38@nate.com,010-2937-5844,서울시 노원구 상계동,65000000,19,12,토스뱅크,100-3457-2012,가입,83,B,A,B,B,A,리눅스마스터,697,해당,,,
EMP0499,엄우혁,남,42,1985-08-14,850814-1759763,군필,2010-11-15,15,대졸,이화여자대학교,2.6,추천,계약직,,,,두리안정보기술,서울 여의도,마케팅부,브랜드팀,1,부장,팀원,2,권고사직,2024-04-16,umwoohyuk32@hanmail.net,010-6828-3544,서울시 강남구 논현동,88000000,18,10,기업은행,030-91-241904,가입,85,B,B,B,B,B,ADsP,,해당,,,
EMP0500,손준서,남,45,1982-08-03,820803-1848269,미필,2006-07-08,19,전문대졸,명지전문대학,3.9,공채,정규직,,,,두리안정보기술,경기 판교,영업부,국내영업팀,1,부장,팀원,2,,,sonjunseo@naver.com,010-9581-3284,서울시 강남구 삼성동,77000000,13,6,하나은행,162-286421-7855,가입,89,A,A,A,A,B,빅데이터분석기사,606,해당,MVP,,
EMP0501,조선우,남,36,1991-12-14,911214-1717276,미필,2014-06-06,11,대졸,덕성여자대학교,3.8,경력,계약직,롯데그룹,대리,마케팅기획,두리안정보기술,서울 여의도,영업부,국내영업팀,1,차장,팀원,2,,,josunwoo_work@kakao.com,010-3262-6159,서울시 강남구 역삼동,66000000,17,8,기업은행,030-66-319314,가입,80,B,B,B,B,A,,,비해당,,,
EMP0502,우수아,여,37,1990-06-28,900628-2489281,해당없음,2018-07-18,7,고졸,,,추천,정규직,,,,두리안정보기술,경기 판교,인사부,채용팀,3,과장,팀원,1,,,woosua@daum.net,010-9073-8596,서울시 서초구 방배동,49000000,20,6,토스뱅크,100-5663-0786,가입,76,B,C,B,D,B,AWS Solutions Architect,794,해당,MVP,,
EMP0503,윤수연,여,27,2000-04-21,000421-4218304,해당없음,2023-01-07,3,대졸,연세대학교,3.7,경력,정규직,현대자동차,사원,마케팅기획,두리안정보기술,서울 강남,기획부,전략기획팀,1,대리,팀원,1,,,yoonsuyeon_837@kakao.com,010-5147-9898,서울시 마포구 합정동,47000000,12,0,기업은행,030-91-905865,가입,72,,,,B,D,,,비해당,,,
EMP0504,현건우,남,34,1993-01-26,930126-1900690,미필,2018-10-13,7,대졸,단국대학교,3.5,공채,정규직,,,,두리안정보기술,서울 여의도,인사부,교육팀,3,대리,팀원,1,,,hyungunwoo_kr@daum.net,010-7414-2797,경기도 성남시 분당구 판교동,46000000,19,11,농협은행,302-6278-2769-63,가입,74,B,C,B,B,C,,943,비해당,,,
EMP0505,곽서현,여,31,1996-09-19,960919-2144106,해당없음,2019-09-24,6,고졸,,,공채,정규직,,,,두리안정보기술,서울 강남,개발부,AI팀,1,과장,팀원,1,,,kwakseohyun24@hanmail.net,010-5296-1591,서울시 강남구 논현동,63800000,19,10,신한은행,110-952-068268,가입,80,B,B,B,B,B,리눅스마스터,734,해당,,,
EMP0506,임민호,남,37,1990-12-18,901218-1662361,군필,2013-10-17,12,대졸,세종대학교,2.7,공채,정규직,,,,두리안정보기술,서울 여의도,인사부,교육팀,3,차장,팀원,2,,,limminho85@daum.net,010-8204-3456,경기도 수원시 영통구 매탄동,70000000,20,8,카카오뱅크,333-29-3151883,가입,81,A,B,A,B,C,,533,비해당,,감봉,지각반복
EMP0507,황하늘,여,30,1997-09-06,970906-2265245,해당없음,2020-11-19,5,전문대졸,영진전문대학교,3.2,공채,계약직,,,,두리안정보기술,서울 강남,인사부,교육팀,3,대리,팀원,1,,,hwanghaneul56@nate.com,010-7078-2003,서울시 마포구 상암동,42000000,12,12,토스뱅크,100-0134-8447,가입,83,B,B,B,C,B,,947,비해당,,정직,복무규정위반
EMP0508,장수연,여,31,1996-01-26,960126-2826971,해당없음,2020-02-08,6,대졸,부산대학교,2.7,추천,계약직,,,,두리안정보기술,서울 강남,마케팅부,디지털마케팅팀,1,대리,팀원,1,,,jangsuyeon1@naver.com,010-2199-1787,서울시 서초구 방배동,46000000,20,6,국민은행,196198-68-572078,가입,80,C,B,C,B,B,SQLD,889,해당,,,
EMP0509,임다은,여,31,1996-01-12,960112-2401541,해당없음,2020-04-22,6,고졸,,,추천,정규직,,,,두리안정보기술,서울 강남,마케팅부,브랜드팀,1,대리,팀원,1,,,limdaeun_work@naver.com,010-8518-4281,서울시 마포구 상암동,48000000,10,11,토스뱅크,100-2860-1758,가입,68,B,C,D,C,C,,,비해당,,,
EMP0510,강성준,남,28,1999-01-15,990115-1374364,군필,2025-10-23,0,대졸,홍익대학교,2.6,추천,계약직,,,,두리안정보기술,경기 판교,영업부,해외영업팀,1,사원,팀원,1,,,kangsungjun_426@daum.net,010-9060-2462,인천시 부평구 부평동,30000000,10,6,신한은행,140-353-153901,가입,74,,,,,,정보처리기사,678,해당,,,
EMP0511,조정우,남,37,1990-05-13,900513-1808104,면제,2017-10-03,8,전문대졸,인하공업전문대학,3.7,경력,정규직,롯데그룹,대리,재무회계,두리안정보기술,경기 판교,기획부,사업기획팀,1,과장,팀원,1,권고사직,2019-10-13,jojungwoo86@daum.net,010-2409-1394,경기도 수원시 영통구 매탄동,51000000,18,12,카카오뱅크,333-42-2405704,가입,82,B,A,B,B,C,,565,비해당,,경고,업무태만
EMP0512,송예린,여,31,1996-04-24,960424-2452240,해당없음,2025-07-21,0,대졸,이화여자대학교,3.1,경력,정규직,SK하이닉스,사원,프론트엔드개발,두리안정보기술,서울 강남,인사부,채용팀,3,사원,팀원,1,,,songyerin80@daum.net,010-4614-8266,서울시 영등포구 여의도동,30000000,6,5,국민은행,057369-49-176939,가입,70,,,,,,컴퓨터활용능력1급,,해당,,정직,업무태만
EMP0513,강지원,여,53,1974-11-01,741101-2807100,해당없음,2000-03-18,26,대졸,서강대학교,3.3,추천,정규직,,,,두리안정보기술,서울 강남,개발부,,1,이사,팀원,3,,,kangjiwon@naver.com,010-2550-3044,서울시 강동구 천호동,127600000,8,13,농협은행,302-4777-6105-03,미가입,97,S,S,A,A,S,,,비해당,팀워크상,,
EMP0514,지승환,남,39,1988-06-21,880621-1269308,군필,2011-07-24,14,대졸,세종대학교,3.5,추천,계약직,,,,두리안정보기술,경기 판교,개발부,인프라팀,1,차장,팀원,2,정년퇴직,2023-04-18,jiseunghwan.8@nate.com,010-9435-1183,경기도 고양시 일산동구 장항동,66000000,21,5,우리은행,1005-896-772408,가입,80,B,B,A,B,B,SQLD,,해당,,,
EMP0515,유성호,남,30,1997-09-21,970921-1845099,군필,2024-03-06,2,대졸,광운대학교,3.7,경력,정규직,네이버,과장,프로젝트관리,두리안정보기술,서울 강남,기획부,전략기획팀,1,사원,팀원,1,,,yoosungho.4@gmail.com,010-3278-6775,서울시 은평구 불광동,38000000,6,3,토스뱅크,100-1025-4551,가입,74,,,,,B,,,비해당,,,
EMP0516,강보미,여,38,1989-05-17,890517-2229489,해당없음,2020-11-04,5,대졸,경희대학교,3.6,공채,정규직,,,,두리안정보기술,서울 강남,개발부,백엔드팀,1,과장,팀원,1,,,kangbomi92@nate.com,010-1591-9083,서울시 송파구 문정동,59400000,29,10,농협은행,302-1095-1051-73,가입,76,B,B,C,C,B,,,비해당,,,
EMP0517,주서준,남,36,1991-03-08,910308-1126091,군필,2021-03-06,5,대졸,국민대학교,3.1,공채,정규직,,,,두리안정보기술,서울 여의도,마케팅부,디지털마케팅팀,1,대리,팀원,1,,,juseojun_work@gmail.com,010-7232-9892,경기도 성남시 분당구 판교동,41000000,17,8,토스뱅크,100-0048-0166,가입,70,,B,C,B,C,ADsP,740,해당,,,
EMP0518,양재원,남,32,1995-12-03,951203-1555267,미필,2022-05-11,4,고졸,,,추천,계약직,,,,두리안정보기술,서울 강남,마케팅부,브랜드팀,1,대리,팀원,1,,,yangjaewon.6@kakao.com,010-1074-9321,인천시 부평구 부평동,42000000,14,7,하나은행,111-645304-6402,가입,78,,,B,B,D,,581,비해당,,,
EMP0519,황지유,여,57,1970-04-22,700422-2153620,해당없음,2000-10-18,25,고졸,,,추천,계약직,,,,두리안정보기술,서울 강남,영업부,,1,이사,팀원,3,,,hwangjiyu82@kakao.com,010-4723-9028,서울시 서초구 방배동,120000000,11,5,기업은행,010-85-067165,가입,92,B,A,S,A,A,AWS Solutions Architect,705,해당,,,
EMP0520,송민지,여,46,1981-01-03,810103-2964408,해당없음,2016-04-18,10,대졸,숭실대학교,3,공채,정규직,,,,두리안정보기술,서울 강남,인사부,교육팀,3,차장,팀원,2,,,songminji_180@nate.com,010-6776-1478,서울시 송파구 문정동,66000000,22,10,국민은행,647590-37-922251,가입,87,B,B,B,B,B,,895,비해당,,,
EMP0521,배지훈,남,31,1996-07-27,960727-1460731,군필,2024-03-18,2,대학원졸,성균관대학교,3.2,인턴전환,정규직,,,,두리안정보기술,서울 여의도,인사부,교육팀,3,사원,팀원,1,,,baejihoon_132@hanmail.net,010-2763-7811,서울시 강서구 마곡동,36000000,10,14,기업은행,030-72-628498,미가입,67,,,,,C,,665,비해당,MVP,,
EMP0522,황재원,남,33,1994-02-22,940222-1452349,군필,2023-03-28,3,대졸,전북대학교,3.6,경력,정규직,쿠팡,사원,마케팅기획,두리안정보기술,경기 판교,마케팅부,브랜드팀,1,대리,팀원,1,,,hwangjaewon_443@naver.com,010-7861-8220,서울시 송파구 잠실동,43000000,16,1,신한은행,180-088-620347,가입,83,,,,B,B,,904,비해당,,,
EMP0523,오건우,남,30,1997-01-10,970110-1407027,미필,2020-09-17,5,대졸,국민대학교,2.6,경력,정규직,쿠팡,과장,인사관리,두리안정보기술,서울 여의도,영업부,국내영업팀,1,대리,팀원,1,,,ohgunwoo_187@kakao.com,010-7103-4686,서울시 강남구 논현동,46000000,21,8,국민은행,749466-16-382207,가입,77,B,C,B,B,C,빅데이터분석기사,810,해당,,,
EMP0524,엄준우,남,45,1982-11-21,821121-1263179,군필,2009-08-04,16,대졸,국민대학교,3.9,공채,정규직,,,,두리안정보기술,경기 판교,영업부,국내영업팀,1,차장,팀원,2,,,umjunwoo_680@nate.com,010-8544-8129,경기도 성남시 분당구 판교동,61000000,16,7,카카오뱅크,333-46-2878343,가입,87,B,B,B,B,B,,,비해당,,,
EMP0525,함서준,남,29,1998-08-16,980816-1157975,군필,2021-09-22,4,대졸,중앙대학교,3.1,공채,정규직,,,,두리안정보기술,서울 여의도,마케팅부,브랜드팀,1,대리,팀원,1,,,hamseojun58@daum.net,010-1139-4370,서울시 송파구 문정동,38000000,19,12,기업은행,020-76-945314,미가입,78,,B,B,B,B,정보처리기사,,해당,,,
EMP0526,엄하은,여,41,1986-09-23,860923-2934765,해당없음,2012-11-03,13,대졸,인하대학교,2.6,공채,정규직,,,,두리안정보기술,서울 여의도,인사부,채용팀,3,차장,팀원,2,,,umhaeun.7@gmail.com,010-7735-4641,서울시 영등포구 여의도동,71000000,17,6,우리은행,1006-043-541497,가입,78,B,B,C,B,B,AWS Solutions Architect,620,해당,,,
EMP0527,황민석,남,41,1986-11-23,861123-1978654,군필,2015-11-03,10,대학원졸,인하대학교,3.5,인턴전환,정규직,,,,두리안정보기술,경기 판교,인사부,교육팀,3,과장,팀원,1,,,hwangminseok.2@gmail.com,010-5338-5979,서울시 노원구 상계동,55000000,19,6,국민은행,728840-71-170623,가입,76,B,B,C,C,C,리눅스마스터,686,해당,,정직,업무태만
EMP0528,양수진,여,43,1984-06-11,840611-2329385,해당없음,2014-10-13,11,전문대졸,명지전문대학,2.9,공채,정규직,,,,두리안정보기술,경기 판교,개발부,프론트팀,1,차장,팀원,2,,,yangsujin.9@kakao.com,010-5693-1762,서울시 마포구 상암동,72600000,20,15,신한은행,100-534-923860,가입,83,A,A,B,B,A,,,비해당,,,
EMP0529,신정우,남,42,1985-07-13,850713-1374655,군필,2015-05-10,11,고졸,,,공채,계약직,,,,두리안정보기술,서울 여의도,마케팅부,브랜드팀,1,차장,팀원,2,,,shinjungwoo85@gmail.com,010-4546-7183,경기도 수원시 영통구 매탄동,62000000,15,12,신한은행,140-630-144667,가입,82,A,B,B,A,B,빅데이터분석기사,,해당,,,
EMP0530,김서준,남,35,1992-10-21,921021-1264498,면제,2022-08-22,3,전문대졸,경북전문대학교,3.4,인턴전환,정규직,,,,두리안정보기술,경기 판교,마케팅부,디지털마케팅팀,1,대리,팀원,1,,,kimseojun3@kakao.com,010-6483-8343,경기도 성남시 분당구 정자동,41000000,17,6,신한은행,110-158-879146,가입,71,,,C,C,C,AWS Solutions Architect,541,해당,,,
EMP0531,주채영,여,36,1991-10-02,911002-2428605,해당없음,2019-08-20,6,전문대졸,인하공업전문대학,2.9,공채,계약직,,,,두리안정보기술,경기 판교,인사부,채용팀,3,대리,팀원,1,,,juchaeyoung_kr@daum.net,010-8350-3916,서울시 영등포구 여의도동,43000000,13,13,기업은행,020-37-996507,가입,71,C,C,C,D,C,ADsP,910,해당,,,
EMP0532,백재현,남,36,1991-09-17,910917-1180616,군필,2020-04-16,6,대졸,단국대학교,3.1,공채,계약직,,,,두리안정보기술,서울 강남,개발부,프론트팀,1,대리,팀원,1,,,baekjaehyun_137@kakao.com,010-3676-6853,서울시 강동구 천호동,42900000,19,8,국민은행,304613-30-486005,가입,78,C,C,C,B,B,빅데이터분석기사,853,해당,,,
EMP0533,곽혜린,여,34,1993-04-22,930422-2288223,해당없음,2018-12-14,7,대졸,전북대학교,3.4,경력,정규직,네이버,과장,프론트엔드개발,두리안정보기술,서울 여의도,기획부,전략기획팀,1,과장,팀원,1,,,kwakhyerin25@naver.com,010-5278-6865,서울시 송파구 문정동,57000000,29,6,토스뱅크,100-2940-7087,가입,76,C,C,C,C,D,,,비해당,,,
EMP0534,신승준,남,32,1995-07-07,950707-1212838,군필,2022-02-11,4,전문대졸,영진전문대학교,3.3,추천,계약직,,,,두리안정보기술,경기 판교,기획부,전략기획팀,1,대리,팀원,1,,,shinseungjun.7@gmail.com,010-2090-4378,서울시 마포구 합정동,38000000,17,10,국민은행,529466-96-440714,가입,74,,,C,B,D,,883,비해당,,,
EMP0535,서미래,여,31,1996-02-16,960216-2198717,해당없음,2019-12-05,6,대졸,동국대학교,2.7,인턴전환,정규직,,,,두리안정보기술,서울 강남,인사부,교육팀,3,과장,팀원,1,,,seomirae_dev@naver.com,010-1504-3577,서울시 송파구 문정동,58000000,28,9,우리은행,1005-046-565640,가입,86,B,B,B,B,C,,875,비해당,,,
EMP0536,현태양,남,28,1999-12-03,991203-1964710,군필,2023-07-12,2,대졸,숭실대학교,4,추천,정규직,,,,두리안정보기술,경기 판교,기획부,사업기획팀,1,사원,팀원,1,계약만료,2024-10-24,hyuntaeyang_dev@hanmail.net,010-5377-3969,경기도 고양시 일산동구 장항동,31000000,11,2,기업은행,020-27-354549,가입,62,,,,D,C,정보보안기사,,해당,,,
EMP0537,박현우,남,34,1993-07-19,930719-1102307,군필,2020-12-13,5,전문대졸,경북전문대학교,2.9,인턴전환,계약직,,,,두리안정보기술,서울 여의도,마케팅부,디지털마케팅팀,1,대리,팀원,1,,,parkhyunwoo.5@hanmail.net,010-4769-4901,서울시 송파구 문정동,48000000,16,6,농협은행,301-2276-5847-06,가입,73,D,B,C,B,C,,643,비해당,,,
EMP0538,심태양,남,30,1997-12-02,971202-1491347,군필,2023-10-09,2,대졸,동국대학교,2.9,인턴전환,정규직,,,,두리안정보기술,경기 판교,마케팅부,브랜드팀,1,사원,팀원,1,,,shimtaeyang_537@daum.net,010-2574-8705,서울시 은평구 불광동,38000000,12,7,우리은행,1006-236-588075,가입,60,,,,D,C,,,비해당,,,
EMP0539,박예원,여,32,1995-04-01,950401-2189132,해당없음,2018-09-17,7,대졸,아주대학교,3.9,경력,정규직,KT,차장,재무회계,두리안정보기술,서울 강남,기획부,사업기획팀,1,과장,팀원,1,,,parkyewon77@gmail.com,010-6516-7425,경기도 성남시 분당구 판교동,48000000,27,2,카카오뱅크,333-25-9493065,가입,81,A,B,A,A,B,,942,비해당,,,
EMP0540,백미래,여,46,1981-02-18,810218-2286591,해당없음,2011-11-11,14,전문대졸,경북전문대학교,2.8,경력,계약직,네이버,차장,인사관리,두리안정보기술,서울 여의도,개발부,백엔드팀,1,부장,팀원,2,,,baekmirae43@naver.com,010-6413-1912,서울시 송파구 잠실동,96800000,13,5,국민은행,765390-06-146231,가입,89,A,A,S,A,A,정보보안기사,569,해당,,,
EMP0541,천지영,여,29,1998-02-21,980221-2486791,해당없음,2021-05-17,5,대졸,명지대학교,3.8,추천,정규직,,,,두리안정보기술,경기 판교,인사부,교육팀,3,대리,팀원,1,,,chunjiyoung_636@kakao.com,010-6366-7798,서울시 서초구 방배동,44000000,21,14,카카오뱅크,333-32-3844622,가입,83,,B,B,B,C,빅데이터분석기사,,해당,공로상,감봉,업무태만
EMP0542,서승환,남,28,1999-04-21,990421-1281465,군필,2024-11-10,1,대학원졸,단국대학교,2.8,경력,계약직,현대자동차,대리,영업관리,두리안정보기술,서울 여의도,마케팅부,브랜드팀,1,사원,팀원,1,,,seoseunghwan.1@hanmail.net,010-9001-9124,서울시 송파구 문정동,34000000,7,7,기업은행,030-48-083136,가입,72,,,,,C,,943,비해당,,,
EMP0543,함하늘,여,40,1987-05-27,870527-2432493,해당없음,2012-11-08,13,전문대졸,경북전문대학교,3.2,경력,계약직,카카오,사원,영업관리,두리안정보기술,서울 강남,영업부,국내영업팀,1,차장,팀원,2,,,hamhaneul.1@daum.net,010-1548-7701,서울시 노원구 상계동,68000000,18,6,토스뱅크,100-1191-7391,가입,88,A,A,A,B,A,SQLD,727,해당,,,
EMP0544,문예은,여,27,2000-06-08,000608-4479241,해당없음,2024-12-09,1,고졸,,,경력,계약직,현대자동차,차장,재무회계,두리안정보기술,경기 판교,영업부,해외영업팀,1,사원,팀원,1,,,moonyeeun_kr@hanmail.net,010-4523-8337,서울시 송파구 문정동,38000000,6,12,국민은행,507125-13-799511,가입,62,,,,,C,정보처리기사,,해당,,,
EMP0545,허하은,여,31,1996-02-17,960217-2865455,해당없음,2020-08-14,5,대졸,숙명여자대학교,3.6,추천,정규직,,,,두리안정보기술,서울 강남,마케팅부,브랜드팀,1,대리,팀원,1,,,heohaeun50@nate.com,010-4964-9765,서울시 영등포구 여의도동,48000000,19,15,카카오뱅크,333-44-3295049,가입,73,B,B,C,B,C,SQLD,584,해당,,,
EMP0546,임시우,남,27,2000-02-18,000218-3274570,군필,2023-02-07,3,대졸,한양대학교,3.8,추천,정규직,,,,두리안정보기술,경기 판교,마케팅부,디지털마케팅팀,1,대리,팀원,1,,,limsiwoo62@kakao.com,010-5955-2564,서울시 마포구 합정동,44000000,22,7,신한은행,100-581-151078,가입,83,,,,B,B,컴퓨터활용능력1급,508,해당,,,
EMP0547,신태양,남,27,2000-09-12,000912-3680911,면제,2026-03-12,0,대학원졸,인하대학교,3,공채,계약직,,,,두리안정보기술,서울 강남,영업부,해외영업팀,1,사원,팀원,1,,,shintaeyang_571@hanmail.net,010-4367-2590,경기도 고양시 일산동구 장항동,33000000,10,3,기업은행,020-83-777014,가입,71,,,,,,,953,비해당,,,
EMP0548,전민석,남,56,1971-01-24,710124-1409531,군필,2005-09-23,20,대졸,부산대학교,3.8,인턴전환,정규직,,,,두리안정보기술,서울 강남,인사부,채용팀,3,부장,팀원,2,,,jeonminseok_dev@daum.net,010-4207-1884,서울시 강남구 논현동,101000000,9,12,우리은행,1002-727-193338,가입,92,B,S,B,A,S,SQLD,763,해당,,,
EMP0549,권지우,여,24,2003-08-15,030815-4537231,해당없음,2026-05-01,0,대졸,강원대학교,3,추천,정규직,,,,두리안정보기술,서울 강남,개발부,백엔드팀,1,사원,팀원,1,,,kwonjiwoo98@nate.com,010-2528-1282,서울시 강남구 삼성동,41800000,15,3,기업은행,010-63-495788,가입,62,,,,,,AWS Solutions Architect,550,해당,팀워크상,,
EMP0550,한현준,남,25,2002-07-27,020727-3794208,군필,2025-09-05,0,고졸,,,추천,정규직,,,,두리안정보기술,서울 강남,인사부,채용팀,3,사원,팀원,1,,,hanhyunjun_742@naver.com,010-1499-1763,경기도 용인시 기흥구 영덕동,38000000,12,4,우리은행,1006-875-949032,가입,64,,,,,,,,비해당,우수사원상,정직,지각반복
EMP0551,송지현,여,36,1991-05-26,910526-2921219,해당없음,2020-12-05,5,대졸,경북대학교,2.6,인턴전환,정규직,,,,두리안정보기술,서울 여의도,기획부,사업기획팀,1,대리,팀원,1,,,songjihyun58@nate.com,010-1381-5213,서울시 강남구 논현동,41000000,14,8,국민은행,831091-81-771867,가입,83,B,B,B,B,B,빅데이터분석기사,782,해당,공로상,,
EMP0552,허소연,여,45,1982-07-11,820711-2302930,해당없음,2008-01-04,18,대졸,인하대학교,3.6,추천,계약직,,,,두리안정보기술,경기 판교,마케팅부,디지털마케팅팀,1,부장,팀원,2,,,heosoyeon_383@hanmail.net,010-1273-4396,서울시 용산구 이태원동,86000000,12,15,카카오뱅크,333-46-4246668,가입,86,A,B,B,B,B,,,비해당,우수사원상,,
EMP0553,현현준,남,40,1987-04-18,870418-1865621,군필,2014-06-24,11,전문대졸,영진전문대학교,2.9,공채,계약직,,,,두리안정보기술,경기 판교,기획부,사업기획팀,1,과장,팀원,1,,,hyunhyunjun90@daum.net,010-7225-3445,경기도 고양시 일산동구 장항동,50000000,25,8,기업은행,020-68-557444,가입,74,B,B,B,C,B,,,비해당,,,
EMP0554,양민석,남,38,1989-12-18,891218-1342274,군필,2014-09-06,11,대졸,한양대학교,2.6,경력,정규직,쿠팡,과장,재무회계,두리안정보기술,서울 강남,개발부,프론트팀,1,차장,팀원,2,,,yangminseok.6@nate.com,010-3599-9240,인천시 부평구 부평동,66000000,25,2,토스뱅크,100-3372-2568,가입,81,B,A,B,B,A,컴퓨터활용능력1급,925,해당,,,
EMP0555,송보미,여,48,1979-02-23,790223-2522893,해당없음,2007-02-22,19,대학원졸,경북대학교,3.2,추천,계약직,,,,두리안정보기술,경기 판교,기획부,사업기획팀,1,부장,팀원,2,,,songbomi_kr@nate.com,010-9262-4009,서울시 강남구 삼성동,84000000,20,13,신한은행,110-067-156362,가입,91,A,A,A,A,A,,,비해당,,,
EMP0556,배도현,남,25,2002-11-21,021121-3105251,군필,2025-10-16,0,대졸,중앙대학교,3.6,인턴전환,정규직,,,,두리안정보기술,경기 판교,인사부,교육팀,3,사원,팀원,1,,,baedohyun57@kakao.com,010-8962-2709,서울시 노원구 상계동,32000000,18,7,우리은행,1005-074-282984,가입,70,,,,,,정보처리기사,906,해당,,,
EMP0557,안나은,여,27,2000-03-13,000313-4874777,해당없음,2023-04-19,3,전문대졸,인하공업전문대학,3.4,추천,정규직,,,,두리안정보기술,서울 여의도,기획부,사업기획팀,1,대리,팀원,1,,,ahnnaeun.4@naver.com,010-1321-9144,서울시 강서구 마곡동,38000000,22,1,우리은행,1005-649-693342,가입,79,,,,B,C,,771,비해당,,,
EMP0558,홍지현,여,25,2002-07-09,020709-4260617,해당없음,2025-07-06,0,대학원졸,국민대학교,2.9,인턴전환,정규직,,,,두리안정보기술,서울 강남,기획부,사업기획팀,1,사원,팀원,1,,,hongjihyun78@kakao.com,010-5515-9871,서울시 마포구 상암동,33000000,9,9,토스뱅크,100-8044-9448,가입,63,,,,,,,758,비해당,MVP,,
EMP0559,곽수현,남,45,1982-08-14,820814-1970389,군필,2009-05-15,17,대졸,경희대학교,2.5,추천,정규직,,,,두리안정보기술,서울 강남,마케팅부,브랜드팀,1,차장,팀원,2,,,kwaksoohyun_dev@naver.com,010-6897-8599,서울시 강서구 마곡동,65000000,24,15,농협은행,356-9206-0874-55,가입,78,B,B,C,D,B,,,비해당,,,
EMP0560,최예준,남,25,2002-08-15,020815-3429330,군필,2025-11-09,0,대졸,성균관대학교,3.5,인턴전환,정규직,,,,두리안정보기술,경기 판교,영업부,해외영업팀,1,사원,팀원,1,,,choiyejun96@nate.com,010-5938-8992,서울시 노원구 상계동,33000000,8,11,기업은행,010-13-518233,가입,64,,,,,,정보보안기사,,해당,,,
EMP0561,진준혁,남,27,2000-05-21,000521-3357485,면제,2023-09-25,2,대졸,홍익대학교,3.6,경력,정규직,카카오,차장,백엔드개발,두리안정보기술,경기 판교,개발부,프론트팀,1,대리,팀원,1,,,jinjunhyuk76@daum.net,010-7108-7593,서울시 강남구 삼성동,52800000,11,10,농협은행,301-8436-3784-59,가입,79,,,,C,C,,,비해당,,,
EMP0562,남서준,남,30,1997-08-12,970812-1544827,군필,2026-01-03,0,대졸,경희대학교,3.2,추천,계약직,,,,두리안정보기술,경기 판교,개발부,백엔드팀,1,사원,팀원,1,,,namseojun@nate.com,010-6833-9637,인천시 부평구 부평동,33000000,11,11,국민은행,913543-93-475897,가입,67,,,,,,정보보안기사,899,해당,,,
EMP0563,박지영,여,31,1996-09-07,960907-2905962,해당없음,2025-03-18,1,대졸,한양대학교,3.6,공채,정규직,,,,두리안정보기술,서울 여의도,개발부,프론트팀,1,사원,팀원,1,,,parkjiyoung95@nate.com,010-4740-6967,경기도 용인시 기흥구 영덕동,37400000,16,0,신한은행,100-711-420400,가입,68,,,,,,리눅스마스터,864,해당,,,
EMP0564,양지현,여,30,1997-06-06,970606-2714026,해당없음,2025-09-06,0,대졸,숙명여자대학교,2.7,공채,계약직,,,,두리안정보기술,서울 강남,인사부,교육팀,3,사원,팀원,1,,,yangjihyun60@daum.net,010-5470-7185,서울시 노원구 상계동,36000000,17,4,카카오뱅크,333-66-9372095,가입,77,,,,,,,943,비해당,,,
EMP0565,오태양,남,46,1981-02-17,810217-1379930,군필,2007-05-03,19,대졸,아주대학교,3.3,경력,정규직,포스코,사원,영업관리,두리안정보기술,서울 여의도,기획부,사업기획팀,1,부장,팀원,2,계약만료,2011-07-28,ohtaeyang_273@gmail.com,010-9325-8891,서울시 은평구 불광동,78000000,13,5,토스뱅크,100-0620-3691,가입,83,B,B,B,A,A,AWS Solutions Architect,984,해당,공로상,,
EMP0566,남채영,여,24,2003-08-14,030814-4967287,해당없음,2025-11-22,0,대졸,세종대학교,3.6,경력,정규직,롯데그룹,차장,프로젝트관리,두리안정보기술,서울 강남,기획부,전략기획팀,1,사원,팀원,1,,,namchaeyoung52@hanmail.net,010-2365-7574,서울시 강남구 삼성동,31000000,11,10,신한은행,100-756-087001,미가입,69,,,,,,컴퓨터활용능력1급,699,해당,,,
EMP0567,천소희,여,46,1981-05-26,810526-2587112,해당없음,2016-07-26,9,전문대졸,명지전문대학,3.5,추천,정규직,,,,두리안정보기술,서울 여의도,기획부,전략기획팀,1,차장,팀원,2,,,chunsohee18@nate.com,010-3269-6585,서울시 마포구 상암동,72000000,22,5,우리은행,1005-945-384312,가입,82,B,B,C,B,B,,703,비해당,,,
EMP0568,김수아,여,25,2002-01-18,020118-4454494,해당없음,2025-10-24,0,대학원졸,인하대학교,2.7,공채,정규직,,,,두리안정보기술,서울 여의도,마케팅부,브랜드팀,1,사원,팀원,1,,,kimsua_806@nate.com,010-2335-5984,서울시 강남구 삼성동,38000000,11,6,하나은행,181-444252-6513,가입,78,,,,,,ADsP,911,해당,,,
EMP0569,임민석,남,30,1997-06-17,970617-1667143,군필,2023-10-11,2,대졸,경희대학교,3,경력,정규직,LG전자,차장,프로젝트관리,두리안정보기술,서울 여의도,기획부,사업기획팀,1,대리,팀원,1,,,limminseok31@hanmail.net,010-8430-7614,서울시 강서구 마곡동,48000000,22,6,신한은행,180-570-309652,가입,78,,,,B,B,컴퓨터활용능력1급,,해당,,경고,복무규정위반
EMP0570,지미래,여,24,2003-05-11,030511-4984680,해당없음,2026-05-08,0,대졸,아주대학교,2.6,경력,정규직,카카오,차장,프로젝트관리,두리안정보기술,서울 강남,인사부,채용팀,3,사원,팀원,1,,,jimirae47@gmail.com,010-8454-6896,경기도 고양시 일산동구 장항동,37000000,13,11,기업은행,030-74-989413,미가입,62,,,,,,컴퓨터활용능력1급,,해당,,,
EMP0571,심수진,여,25,2002-10-16,021016-4999962,해당없음,2026-01-16,0,대졸,국민대학교,3.1,인턴전환,정규직,,,,두리안정보기술,경기 판교,영업부,해외영업팀,1,사원,팀원,1,,,shimsujin56@naver.com,010-9509-3166,서울시 영등포구 여의도동,36000000,16,0,토스뱅크,100-8269-1478,가입,73,,,,,,정보처리기사,,해당,,,
EMP0572,박유진,여,54,1973-10-12,731012-2931493,해당없음,1999-08-15,26,대졸,홍익대학교,2.7,추천,정규직,,,,두리안정보기술,경기 판교,개발부,,1,이사,팀원,3,,,parkyujin_306@gmail.com,010-3344-4533,인천시 부평구 부평동,125400000,14,5,토스뱅크,100-7206-5374,가입,96,S,S,S,S,S,정보보안기사,783,해당,,,
EMP0573,안선우,남,27,2000-07-19,000719-3357329,미필,2023-12-01,2,대졸,숭실대학교,2.8,경력,정규직,네이버,대리,마케팅기획,두리안정보기술,서울 여의도,인사부,채용팀,3,대리,팀원,1,,,ahnsunwoo.3@gmail.com,010-6308-5056,서울시 강서구 마곡동,42000000,11,8,신한은행,110-356-961831,가입,68,,,,D,D,,,비해당,,,
EMP0574,현수빈,여,29,1998-09-28,980928-2950510,해당없음,2024-01-16,2,대학원졸,경희대학교,2.6,경력,계약직,현대자동차,대리,프론트엔드개발,두리안정보기술,경기 판교,기획부,사업기획팀,1,사원,팀원,1,,,hyunsubin@naver.com,010-6074-6935,서울시 영등포구 여의도동,36000000,14,15,하나은행,162-181242-9871,가입,76,,,,,C,,,비해당,,,
EMP0575,주지호,남,41,1986-05-04,860504-1655564,군필,2016-07-10,9,대졸,중앙대학교,3.2,공채,계약직,,,,두리안정보기술,서울 여의도,개발부,프론트팀,1,과장,팀원,1,자발적퇴직,2025-05-22,jujiho_989@kakao.com,010-6235-1293,서울시 서초구 서초동,59400000,27,2,토스뱅크,100-3872-3388,가입,76,B,B,B,C,B,ADsP,687,해당,,,
EMP0576,한소연,여,51,1976-03-27,760327-2451873,해당없음,2004-05-09,22,대졸,명지대학교,2.9,인턴전환,계약직,,,,두리안정보기술,서울 여의도,인사부,교육팀,3,부장,팀원,2,,,hansoyeon_kr@hanmail.net,010-2633-8541,서울시 강남구 역삼동,76000000,14,4,하나은행,181-703069-4858,미가입,85,B,C,A,B,B,,,비해당,,,
EMP0577,양도윤,남,42,1985-08-22,850822-1661539,군필,2008-08-20,17,대졸,경희대학교,3.8,공채,정규직,,,,두리안정보기술,서울 여의도,개발부,프론트팀,1,부장,팀원,2,,,yangdoyoon55@daum.net,010-3701-1317,서울시 강서구 마곡동,86900000,17,2,기업은행,020-35-240824,가입,83,A,B,B,B,B,ADsP,758,해당,,,
EMP0578,남수빈,여,42,1985-09-26,850926-2411497,해당없음,2008-03-10,18,대졸,중앙대학교,3.3,공채,정규직,,,,두리안정보기술,서울 여의도,인사부,교육팀,3,부장,팀원,2,,,namsubin_737@hanmail.net,010-7166-6929,경기도 성남시 분당구 판교동,89000000,16,10,신한은행,110-542-952053,가입,85,B,A,B,B,B,,,비해당,,,
EMP0579,고성호,남,51,1976-11-21,761121-1401972,면제,2003-09-28,22,대졸,광운대학교,3.6,공채,정규직,,,,두리안정보기술,서울 강남,인사부,교육팀,3,부장,팀원,2,,,kosungho17@naver.com,010-7759-4783,서울시 강남구 삼성동,101000000,14,4,국민은행,018173-13-789728,가입,94,A,S,A,A,A,SQLD,681,해당,,,
EMP0580,천선우,남,36,1991-03-15,910315-1354129,군필,2015-11-11,10,대졸,동국대학교,3.1,경력,정규직,네이버,차장,백엔드개발,두리안정보기술,경기 판교,개발부,백엔드팀,1,차장,팀원,2,,,chunsunwoo_592@hanmail.net,010-1325-3765,서울시 마포구 상암동,69300000,24,13,국민은행,635527-21-452800,가입,84,B,B,C,B,B,,656,비해당,,,
EMP0581,함지유,여,45,1982-04-13,820413-2284587,해당없음,2005-12-25,20,대졸,중앙대학교,3.4,공채,정규직,,,,두리안정보기술,서울 여의도,개발부,백엔드팀,1,부장,팀원,2,,,hamjiyu_kr@daum.net,010-4680-4218,서울시 강동구 천호동,93500000,13,15,국민은행,550559-60-303043,가입,88,B,A,A,A,B,정보보안기사,837,해당,,,
EMP0582,엄동현,남,36,1991-04-24,910424-1341175,군필,2023-05-11,3,대학원졸,단국대학교,2.8,인턴전환,계약직,,,,두리안정보기술,서울 강남,기획부,전략기획팀,1,대리,팀원,1,,,umdonghyun.1@hanmail.net,010-7132-4127,서울시 강서구 마곡동,48000000,14,5,기업은행,010-08-427109,가입,71,,,,B,C,리눅스마스터,,해당,,,
EMP0583,최민재,남,29,1998-07-02,980702-1997424,군필,2025-06-03,0,대졸,성균관대학교,3.6,추천,정규직,,,,두리안정보기술,서울 여의도,인사부,채용팀,3,사원,팀원,1,,,choiminjae66@hanmail.net,010-2493-5087,서울시 노원구 상계동,32000000,7,7,토스뱅크,100-0974-1105,가입,70,,,,,,정보보안기사,536,해당,공로상,,
EMP0584,문우진,남,45,1982-12-28,821228-1553588,군필,2007-02-20,19,고졸,,,인턴전환,정규직,,,,두리안정보기술,경기 판교,개발부,AI팀,1,부장,팀원,2,,,moonwoojin1@daum.net,010-3520-1896,서울시 용산구 이태원동,99000000,17,0,카카오뱅크,333-51-5396643,미가입,84,C,B,C,B,C,빅데이터분석기사,936,해당,팀워크상,,
EMP0585,하민지,여,46,1981-08-03,810803-2354880,해당없음,2010-10-15,15,대학원졸,세종대학교,3.9,공채,정규직,,,,두리안정보기술,서울 여의도,인사부,채용팀,3,차장,팀원,2,,,haminji_work@kakao.com,010-1749-6742,경기도 용인시 기흥구 영덕동,64000000,21,15,국민은행,731416-15-183098,가입,86,B,B,C,C,A,SQLD,606,해당,MVP,,
EMP0586,지성준,남,32,1995-03-13,950313-1564985,군필,2020-09-18,5,전문대졸,경북전문대학교,2.7,추천,정규직,,,,두리안정보기술,경기 판교,인사부,채용팀,3,대리,팀원,1,자발적퇴직,2025-06-27,jisungjun37@daum.net,010-7349-8877,서울시 송파구 문정동,45000000,11,11,농협은행,351-0864-8248-93,가입,76,B,B,C,B,C,,773,비해당,,,
EMP0587,허성민,남,39,1988-06-03,880603-1351895,군필,2015-07-15,10,대졸,연세대학교,3.1,인턴전환,계약직,,,,두리안정보기술,서울 강남,영업부,해외영업팀,1,과장,팀원,1,,,heosungmin22@nate.com,010-8881-2773,경기도 고양시 일산동구 장항동,56000000,29,15,기업은행,020-77-752047,미가입,81,A,B,B,B,B,AWS Solutions Architect,516,해당,팀워크상,,
EMP0588,백하준,남,31,1996-03-01,960301-1634775,군필,2019-08-22,6,대졸,동국대학교,3.9,인턴전환,계약직,,,,두리안정보기술,경기 판교,인사부,교육팀,3,대리,팀원,1,,,baekhajun_dev@naver.com,010-9620-4600,서울시 강남구 삼성동,39000000,12,12,국민은행,108075-98-360395,미가입,77,B,D,B,D,B,,753,비해당,,,
EMP0589,이성준,남,28,1999-10-10,991010-1523855,군필,2025-06-06,0,대졸,단국대학교,2.7,인턴전환,정규직,,,,두리안정보기술,경기 판교,개발부,인프라팀,1,사원,팀원,1,,,leesungjun32@daum.net,010-7262-8669,서울시 강서구 마곡동,36300000,5,4,카카오뱅크,333-16-4386919,가입,65,,,,,,,672,비해당,,,
EMP0590,오태양,남,29,1998-01-27,980127-1247361,군필,2022-10-24,3,고졸,,,공채,계약직,,,,두리안정보기술,서울 여의도,개발부,프론트팀,1,사원,팀원,1,,,ohtaeyang_410@daum.net,010-3444-5113,경기도 수원시 영통구 매탄동,37400000,11,9,카카오뱅크,333-89-5830667,가입,70,,,C,D,C,정보처리기사,695,해당,,,
EMP0591,서하은,여,34,1993-05-12,930512-2695445,해당없음,2022-08-03,3,대학원졸,덕성여자대학교,3.9,공채,정규직,,,,두리안정보기술,경기 판교,인사부,채용팀,3,대리,팀원,1,권고사직,2025-09-19,seohaeun48@hanmail.net,010-4463-5742,서울시 강남구 논현동,38000000,11,10,카카오뱅크,333-70-8031923,가입,72,,,B,C,B,정보처리기사,976,해당,,,
EMP0592,권현준,남,28,1999-02-17,990217-1792670,군필,2026-04-25,0,전문대졸,명지전문대학,3.5,공채,계약직,,,,두리안정보기술,서울 여의도,개발부,백엔드팀,1,사원,팀원,1,,,kwonhyunjun43@daum.net,010-6156-8762,서울시 서초구 방배동,34100000,13,2,신한은행,100-436-506930,가입,66,,,,,,,,비해당,,,
EMP0593,남재민,남,43,1984-12-09,841209-1467623,군필,2012-01-15,14,전문대졸,인하공업전문대학,2.9,인턴전환,정규직,,,,두리안정보기술,서울 여의도,인사부,채용팀,3,차장,팀원,2,,,namjaemin45@gmail.com,010-1438-9746,인천시 부평구 부평동,60000000,16,1,토스뱅크,100-4048-5614,가입,89,A,A,A,B,A,빅데이터분석기사,,해당,MVP,경고,복무규정위반
EMP0594,진혜린,여,33,1994-04-13,940413-2156158,해당없음,2023-03-11,3,대졸,연세대학교,2.9,추천,계약직,,,,두리안정보기술,서울 강남,마케팅부,브랜드팀,1,대리,팀원,1,,,jinhyerin72@daum.net,010-6078-4232,서울시 마포구 합정동,38000000,22,0,토스뱅크,100-3758-5387,가입,82,,,,B,B,정보처리기사,,해당,,,
EMP0595,유준서,남,25,2002-10-23,021023-3862202,군필,2025-08-04,0,대졸,성균관대학교,3.9,경력,정규직,네이버,과장,재무회계,두리안정보기술,서울 강남,개발부,백엔드팀,1,사원,팀원,1,,,yoojunseo89@nate.com,010-7622-6701,서울시 마포구 합정동,39600000,10,0,토스뱅크,100-7920-1345,가입,67,,,,,,AWS Solutions Architect,555,해당,,,
EMP0596,천채원,여,50,1977-08-08,770808-2929456,해당없음,2004-11-27,21,대학원졸,충남대학교,2.9,경력,정규직,현대자동차,대리,인사관리,두리안정보기술,서울 강남,마케팅부,디지털마케팅팀,1,부장,팀원,2,,,chunchaewon@hanmail.net,010-2659-8826,서울시 송파구 잠실동,78000000,19,12,카카오뱅크,333-48-5517844,가입,91,A,S,A,A,A,SQLD,,해당,,,
EMP0597,남세연,여,25,2002-06-01,020601-4859482,해당없음,2025-07-05,0,대졸,전남대학교,3.1,인턴전환,계약직,,,,두리안정보기술,서울 강남,기획부,전략기획팀,1,사원,팀원,1,,,namseyeon_dev@gmail.com,010-3844-7380,서울시 강남구 삼성동,36000000,11,4,토스뱅크,100-4686-6785,가입,78,,,,,,,567,비해당,,,
EMP0598,최주원,남,24,2003-02-14,030214-3901281,군필,2025-06-14,0,대졸,한양대학교,4,인턴전환,계약직,,,,두리안정보기술,서울 강남,기획부,사업기획팀,1,사원,팀원,1,,,choijuwon_kr@hanmail.net,010-3045-9090,서울시 강서구 마곡동,31000000,12,6,신한은행,140-804-467884,가입,64,,,,,,,,비해당,,,
EMP0599,나준혁,남,32,1995-10-05,951005-1544135,군필,2018-07-03,7,고졸,,,추천,정규직,,,,두리안정보기술,서울 강남,개발부,프론트팀,1,대리,팀원,1,,,najunhyuk_544@naver.com,010-2109-4737,서울시 마포구 상암동,44000000,15,13,카카오뱅크,333-40-8719547,가입,70,C,D,B,C,D,컴퓨터활용능력1급,,해당,,,
EMP0600,장보미,여,30,1997-07-20,970720-2631938,해당없음,2023-02-06,3,대학원졸,광운대학교,3.8,인턴전환,정규직,,,,두리안정보기술,서울 여의도,마케팅부,브랜드팀,1,사원,팀원,1,,,jangbomi38@daum.net,010-1398-9515,서울시 강남구 역삼동,33000000,18,2,우리은행,1005-918-960856,가입,63,,,,D,C,,,비해당,,,
EMP0601,차지영,여,32,1995-12-12,951212-2326874,해당없음,2018-06-11,7,고졸,,,추천,정규직,,,,두리안정보기술,서울 강남,개발부,인프라팀,1,과장,팀원,1,,,chajiyoung_kr@nate.com,010-9023-8674,서울시 송파구 잠실동,62700000,21,9,국민은행,345734-02-394882,가입,79,B,C,B,B,B,빅데이터분석기사,870,해당,,,
EMP0602,주다은,여,41,1986-06-03,860603-2315258,해당없음,2009-10-11,16,대졸,숙명여자대학교,2.6,공채,정규직,,,,두리안정보기술,서울 강남,인사부,교육팀,3,차장,팀원,2,,,judaeun70@nate.com,010-9325-3394,경기도 고양시 일산동구 장항동,69000000,15,0,하나은행,111-133158-4914,가입,90,A,A,A,B,A,SQLD,985,해당,,,
EMP0603,나현준,남,44,1983-04-27,830427-1899048,군필,2014-09-15,11,대졸,전북대학교,2.6,경력,정규직,쿠팡,과장,마케팅기획,두리안정보기술,서울 여의도,개발부,백엔드팀,1,차장,팀원,2,,,nahyunjun9@nate.com,010-1319-1300,서울시 노원구 상계동,68200000,25,10,기업은행,010-16-719022,가입,84,B,B,A,C,C,SQLD,866,해당,,,
EMP0604,박도현,남,28,1999-03-05,990305-1248421,군필,2022-05-23,3,대졸,경희대학교,3.1,경력,정규직,SK하이닉스,과장,백엔드개발,두리안정보기술,경기 판교,인사부,채용팀,3,사원,팀원,1,,,parkdohyun25@hanmail.net,010-7316-8720,서울시 강동구 천호동,36000000,18,13,우리은행,1005-765-731786,가입,63,,,D,C,D,ADsP,604,해당,,,
EMP0605,황건우,남,28,1999-02-01,990201-1433291,군필,2024-05-09,2,대졸,광운대학교,2.5,추천,정규직,,,,두리안정보기술,서울 강남,개발부,인프라팀,1,사원,팀원,1,,,hwanggunwoo_848@nate.com,010-6429-7102,서울시 마포구 상암동,39600000,15,13,기업은행,030-41-318699,가입,73,,,,,B,,800,비해당,우수사원상,,
EMP0606,원준우,남,24,2003-09-07,030907-3585497,군필,2025-09-27,0,대졸,한양대학교,3.9,공채,계약직,,,,두리안정보기술,서울 강남,마케팅부,브랜드팀,1,사원,팀원,1,,,wonjunwoo_dev@hanmail.net,010-1306-4898,서울시 강남구 역삼동,37000000,16,5,카카오뱅크,333-93-0678123,가입,77,,,,,,,,비해당,,,
EMP0607,문보미,여,31,1996-02-27,960227-2334356,해당없음,2019-10-16,6,대졸,숙명여자대학교,2.8,경력,정규직,SK하이닉스,과장,인사관리,두리안정보기술,경기 판교,마케팅부,디지털마케팅팀,1,과장,팀원,1,,,moonbomi_dev@nate.com,010-2705-2437,서울시 은평구 불광동,56000000,29,10,농협은행,301-0651-7595-72,가입,78,B,C,B,B,B,SQLD,596,해당,,,
EMP0608,차동현,남,35,1992-02-12,920212-1977764,군필,2019-08-02,6,대졸,서강대학교,3.1,경력,계약직,삼성전자,사원,영업관리,두리안정보기술,경기 판교,인사부,채용팀,3,대리,팀원,1,,,chadonghyun14@naver.com,010-4461-9533,경기도 성남시 분당구 판교동,48000000,19,14,농협은행,302-7640-7159-85,가입,72,B,B,B,B,B,ADsP,962,해당,우수사원상,,
EMP0609,임예은,여,35,1992-09-21,920921-2585023,해당없음,2019-09-13,6,고졸,,,추천,정규직,,,,두리안정보기술,서울 여의도,기획부,사업기획팀,1,대리,팀원,1,,,limyeeun.7@naver.com,010-7980-3219,서울시 은평구 불광동,39000000,22,8,하나은행,200-316770-3740,가입,77,B,B,C,B,B,,,비해당,,,
EMP0610,류소희,여,34,1993-12-13,931213-2421475,해당없음,2021-10-04,4,전문대졸,영진전문대학교,3.9,경력,정규직,KT,사원,프로젝트관리,두리안정보기술,서울 강남,영업부,국내영업팀,1,대리,팀원,1,,,ryusohee97@kakao.com,010-2538-4167,서울시 용산구 이태원동,38000000,17,1,카카오뱅크,333-45-0700876,가입,74,,C,B,C,C,,744,비해당,,,
EMP0611,진민준,남,39,1988-10-06,881006-1428793,군필,2016-04-13,10,대졸,숙명여자대학교,2.9,공채,정규직,,,,두리안정보기술,서울 강남,인사부,채용팀,3,과장,팀원,1,,,jinminjun_561@naver.com,010-3096-5025,서울시 송파구 문정동,50000000,30,9,기업은행,030-38-677496,가입,75,B,B,C,C,B,,,비해당,,,
EMP0612,노하은,여,33,1994-10-08,941008-2361390,해당없음,2019-06-02,6,대졸,이화여자대학교,3.9,공채,정규직,,,,두리안정보기술,경기 판교,영업부,해외영업팀,1,대리,팀원,1,,,nohhaeun87@kakao.com,010-7639-2693,서울시 서초구 방배동,43000000,20,15,국민은행,844291-28-500660,가입,72,C,C,C,B,C,ADsP,,해당,공로상,,
EMP0613,임민석,남,39,1988-05-10,880510-1529855,면제,2016-06-13,9,대졸,성균관대학교,3.1,인턴전환,정규직,,,,두리안정보기술,서울 여의도,기획부,사업기획팀,1,차장,팀원,2,,,limminseok.1@naver.com,010-5000-7558,경기도 고양시 일산동구 장항동,66000000,24,1,기업은행,020-99-091334,가입,89,B,A,A,S,S,,,비해당,,,
EMP0614,방지아,여,36,1991-03-05,910305-2598727,해당없음,2023-03-22,3,대졸,숭실대학교,3.1,공채,정규직,,,,두리안정보기술,경기 판교,기획부,사업기획팀,1,대리,팀원,1,,,bangjia_175@hanmail.net,010-2188-3581,경기도 고양시 일산동구 장항동,38000000,11,5,국민은행,612556-04-487999,가입,80,,,,B,A,,658,비해당,,,
EMP0615,진유진,여,25,2002-01-16,020116-4519670,해당없음,2025-06-08,0,대졸,부산대학교,3.8,공채,정규직,,,,두리안정보기술,서울 강남,인사부,채용팀,3,사원,팀원,1,,,jinyujin11@daum.net,010-5238-7815,서울시 영등포구 여의도동,31000000,7,0,우리은행,1006-711-307446,가입,65,,,,,,ADsP,,해당,,,
EMP0616,하하영,여,29,1998-07-01,980701-2536809,해당없음,2021-05-16,5,대졸,가천대학교,3.2,인턴전환,정규직,,,,두리안정보기술,서울 여의도,마케팅부,디지털마케팅팀,1,대리,팀원,1,,,hahayoung.9@hanmail.net,010-8434-3509,경기도 수원시 영통구 매탄동,47000000,17,14,농협은행,351-5802-3337-77,가입,82,,B,B,A,B,,501,비해당,,,
EMP0617,임소연,여,31,1996-09-26,960926-2705267,해당없음,2019-10-05,6,대졸,숙명여자대학교,3.2,공채,정규직,,,,두리안정보기술,서울 여의도,마케팅부,디지털마케팅팀,1,과장,팀원,1,권고사직,2026-04-14,limsoyeon_dev@naver.com,010-6914-4903,서울시 노원구 상계동,50000000,28,4,신한은행,100-143-992721,가입,75,B,B,B,B,B,,,비해당,,,
EMP0618,강소연,여,25,2002-10-18,021018-4497732,해당없음,2025-10-03,0,대졸,경희대학교,3.2,공채,계약직,,,,두리안정보기술,경기 판교,기획부,전략기획팀,1,사원,팀원,1,,,kangsoyeon53@gmail.com,010-1008-1839,경기도 성남시 분당구 판교동,34000000,16,9,카카오뱅크,333-06-2599630,가입,64,,,,,,리눅스마스터,780,해당,,,
EMP0619,조정수,남,36,1991-01-12,910112-1424253,군필,2020-12-06,5,대졸,동국대학교,3.6,경력,정규직,삼성전자,대리,프로젝트관리,두리안정보기술,경기 판교,인사부,교육팀,3,과장,팀원,1,,,jojungsu20@daum.net,010-2366-7626,서울시 강동구 천호동,48000000,30,11,기업은행,030-12-328120,가입,76,C,B,B,B,D,,804,비해당,,,
EMP0620,문건우,남,35,1992-06-03,920603-1938796,군필,2020-11-28,5,대졸,경북대학교,3.7,추천,정규직,,,,두리안정보기술,서울 강남,인사부,교육팀,3,과장,팀원,1,,,moongunwoo.5@hanmail.net,010-1571-9446,서울시 강남구 삼성동,51000000,26,12,토스뱅크,100-0737-3301,가입,78,B,B,C,B,B,,,비해당,,,
EMP0621,고도현,남,29,1998-11-12,981112-1739304,군필,2021-12-02,4,대졸,중앙대학교,2.8,추천,정규직,,,,두리안정보기술,경기 판교,영업부,해외영업팀,1,대리,팀원,1,,,kodohyun10@hanmail.net,010-4434-1857,서울시 강서구 마곡동,45000000,19,5,기업은행,020-79-740344,가입,75,,B,B,B,B,SQLD,,해당,,,
EMP0622,진선우,남,49,1978-03-22,780322-1364314,군필,2011-01-05,15,전문대졸,인하공업전문대학,2.5,경력,계약직,현대자동차,차장,프론트엔드개발,두리안정보기술,경기 판교,영업부,국내영업팀,1,부장,팀원,2,,,jinsunwoo@hanmail.net,010-1776-5447,서울시 노원구 상계동,88000000,14,8,우리은행,1006-056-772858,미가입,83,C,B,A,B,A,리눅스마스터,,해당,,,
EMP0623,민현우,남,34,1993-09-21,930921-1556093,미필,2020-10-17,5,전문대졸,인하공업전문대학,2.9,인턴전환,정규직,,,,두리안정보기술,경기 판교,마케팅부,브랜드팀,1,대리,팀원,1,,,minhyunwoo_165@hanmail.net,010-1445-2816,서울시 서초구 방배동,47000000,21,10,농협은행,351-7185-5929-45,가입,82,A,B,A,B,B,,955,비해당,,,
EMP0624,곽다현,여,34,1993-12-26,931226-2136829,해당없음,2019-04-14,7,전문대졸,경북전문대학교,3.1,인턴전환,정규직,,,,두리안정보기술,서울 여의도,영업부,해외영업팀,1,대리,팀원,1,,,kwakdahyun_406@kakao.com,010-3887-9061,서울시 강남구 논현동,48000000,21,14,우리은행,1005-765-224643,가입,72,C,B,C,C,C,컴퓨터활용능력1급,943,해당,,,
EMP0625,나지유,여,31,1996-04-28,960428-2130117,해당없음,2020-06-14,5,대졸,홍익대학교,3.2,공채,정규직,,,,두리안정보기술,경기 판교,개발부,프론트팀,1,대리,팀원,1,,,najiyu.9@kakao.com,010-8090-1679,서울시 용산구 이태원동,42900000,20,10,토스뱅크,100-7128-5201,가입,73,B,B,D,B,B,리눅스마스터,666,해당,,,
EMP0626,손하영,여,50,1977-09-06,770906-2836544,해당없음,2007-03-18,19,대졸,서울대학교,3.8,경력,정규직,KT,차장,프론트엔드개발,두리안정보기술,경기 판교,마케팅부,디지털마케팅팀,1,부장,팀원,2,,,sonhayoung_573@gmail.com,010-9287-8915,서울시 강서구 마곡동,84000000,14,4,우리은행,1006-006-229158,가입,89,A,A,A,A,B,,,비해당,,,
EMP0627,송재원,남,24,2003-09-08,030908-3913641,군필,2026-03-22,0,전문대졸,영진전문대학교,3.2,인턴전환,계약직,,,,두리안정보기술,서울 강남,영업부,해외영업팀,1,사원,팀원,1,,,songjaewon_452@daum.net,010-1684-3496,서울시 용산구 이태원동,33000000,8,5,하나은행,181-890146-2542,가입,64,,,,,,정보보안기사,,해당,,,
EMP0628,고다현,여,35,1992-12-22,921222-2498578,해당없음,2019-12-26,6,전문대졸,영진전문대학교,2.9,공채,정규직,,,,두리안정보기술,서울 여의도,기획부,사업기획팀,1,대리,팀원,1,,,kodahyun_787@naver.com,010-3921-2155,서울시 마포구 상암동,41000000,14,8,토스뱅크,100-6143-7883,미가입,76,C,B,C,B,C,,700,비해당,,,
EMP0629,성세연,여,32,1995-08-01,950801-2827511,해당없음,2019-08-23,6,대졸,중앙대학교,3.9,인턴전환,정규직,,,,두리안정보기술,서울 강남,마케팅부,디지털마케팅팀,1,대리,팀원,1,,,sungseyeon_484@daum.net,010-7951-1873,서울시 용산구 이태원동,38000000,13,2,농협은행,351-7654-9629-08,가입,83,C,A,B,A,B,,940,비해당,,,
EMP0630,박민석,남,36,1991-04-07,910407-1126652,군필,2015-06-27,10,대졸,이화여자대학교,2.7,공채,정규직,,,,두리안정보기술,서울 여의도,영업부,국내영업팀,1,차장,팀원,2,,,parkminseok27@gmail.com,010-5921-9420,서울시 노원구 상계동,67000000,20,7,토스뱅크,100-3859-9238,가입,88,A,A,A,A,A,ADsP,675,해당,,,
EMP0631,정지현,여,29,1998-03-24,980324-2637805,해당없음,2025-12-11,0,대학원졸,전북대학교,3.7,경력,정규직,LG전자,대리,프론트엔드개발,두리안정보기술,서울 강남,인사부,채용팀,3,사원,팀원,1,계약만료,2026-04-30,jungjihyun_471@nate.com,010-5661-5681,서울시 강남구 역삼동,35000000,9,6,농협은행,302-2521-9768-73,가입,61,,,,,,빅데이터분석기사,,해당,,,
EMP0632,우도현,남,53,1974-01-19,740119-1417180,군필,2003-05-21,23,대졸,한국외국어대학교,3.7,공채,계약직,,,,두리안정보기술,서울 여의도,개발부,AI팀,1,부장,팀원,2,,,woodohyun.5@nate.com,010-7011-8749,서울시 강남구 논현동,118800000,8,2,우리은행,1002-509-054442,가입,89,A,A,A,A,A,AWS Solutions Architect,,해당,,,
EMP0633,신재현,남,57,1970-08-14,700814-1532190,군필,2000-12-06,25,대졸,연세대학교,2.9,경력,정규직,현대자동차,사원,데이터분석,두리안정보기술,경기 판교,마케팅부,디지털마케팅팀,1,부장,팀원,2,,,shinjaehyun.1@naver.com,010-2148-4554,서울시 마포구 합정동,117000000,13,6,신한은행,100-034-316177,가입,90,A,A,A,B,A,,,비해당,우수사원상,,
EMP0634,배지현,여,44,1983-04-25,830425-2721211,해당없음,2010-08-05,15,전문대졸,영진전문대학교,3.9,공채,정규직,,,,두리안정보기술,서울 여의도,마케팅부,브랜드팀,1,부장,팀원,2,권고사직,2023-11-18,baejihyun10@nate.com,010-9125-8434,서울시 노원구 상계동,88000000,18,15,신한은행,140-591-613879,가입,82,B,B,B,A,A,AWS Solutions Architect,954,해당,,,
EMP0635,문민호,남,27,2000-12-07,001207-3462146,군필,2025-07-25,0,전문대졸,명지전문대학,3.9,추천,정규직,,,,두리안정보기술,서울 강남,마케팅부,디지털마케팅팀,1,사원,팀원,1,,,moonminho_719@nate.com,010-8556-1971,서울시 강남구 역삼동,31000000,11,12,국민은행,598161-88-197185,가입,72,,,,,,,717,비해당,,,
EMP0636,조지수,여,31,1996-08-28,960828-2668054,해당없음,2019-01-19,7,전문대졸,영진전문대학교,2.9,경력,정규직,쿠팡,과장,프로젝트관리,두리안정보기술,서울 여의도,영업부,국내영업팀,1,과장,팀원,1,,,jojisu_380@hanmail.net,010-2873-7894,서울시 강남구 역삼동,49000000,28,10,농협은행,351-3477-0729-15,가입,79,B,B,C,B,B,,,비해당,,,
EMP0637,전준서,남,27,2000-09-07,000907-3579585,군필,2023-08-18,2,전문대졸,경북전문대학교,2.7,경력,정규직,카카오,대리,재무회계,두리안정보기술,서울 강남,마케팅부,디지털마케팅팀,1,사원,팀원,1,,,jeonjunseo_kr@hanmail.net,010-5946-1079,경기도 성남시 분당구 정자동,38000000,10,14,농협은행,356-7226-9442-05,가입,65,,,,C,C,빅데이터분석기사,892,해당,우수사원상,,
EMP0638,윤선우,남,28,1999-09-04,990904-1283972,군필,2022-08-06,3,고졸,,,추천,계약직,,,,두리안정보기술,서울 여의도,인사부,교육팀,3,대리,팀원,1,,,yoonsunwoo39@gmail.com,010-5373-1447,서울시 마포구 합정동,42000000,18,12,농협은행,301-6952-0091-82,가입,75,,,B,C,B,정보보안기사,,해당,,,
EMP0639,엄나은,여,46,1981-10-12,811012-2509551,해당없음,2011-05-11,15,대졸,서울대학교,3.8,공채,정규직,,,,두리안정보기술,서울 강남,마케팅부,브랜드팀,1,차장,팀원,2,정년퇴직,2015-06-11,umnaeun@gmail.com,010-2393-7658,서울시 노원구 상계동,70000000,23,1,우리은행,1006-421-777880,미가입,83,B,B,B,B,B,,,비해당,,,
EMP0640,성지호,남,27,2000-05-28,000528-3742836,군필,2023-12-26,2,대졸,국민대학교,3.3,인턴전환,계약직,,,,두리안정보기술,서울 여의도,인사부,교육팀,3,사원,팀원,1,,,sungjiho_kr@kakao.com,010-3136-8776,서울시 용산구 이태원동,30000000,11,10,토스뱅크,100-6151-7383,가입,78,,,,B,B,SQLD,592,해당,,,
EMP0641,하민준,남,25,2002-02-21,020221-3155596,군필,2025-12-23,0,대학원졸,중앙대학교,3.5,인턴전환,정규직,,,,두리안정보기술,서울 강남,인사부,교육팀,3,사원,팀원,1,,,haminjun_dev@kakao.com,010-7636-2227,서울시 송파구 잠실동,37000000,12,14,기업은행,030-71-349361,가입,60,,,,,,,,비해당,,,
EMP0642,송동현,남,35,1992-05-06,920506-1595298,미필,2021-02-23,5,대졸,명지대학교,3.7,경력,정규직,SK하이닉스,대리,프로젝트관리,두리안정보기술,경기 판교,인사부,교육팀,3,대리,팀원,1,,,songdonghyun94@nate.com,010-9548-5548,서울시 강남구 논현동,48000000,11,4,우리은행,1005-666-629187,가입,78,,B,B,B,B,AWS Solutions Architect,666,해당,,,
EMP0643,노동현,남,25,2002-05-13,020513-3352890,군필,2025-02-03,1,대졸,건국대학교,4,공채,계약직,,,,두리안정보기술,서울 강남,영업부,해외영업팀,1,사원,팀원,1,,,nohdonghyun72@kakao.com,010-2982-3408,서울시 용산구 이태원동,34000000,16,9,토스뱅크,100-5723-2612,가입,75,,,,,,,833,비해당,,,
EMP0644,오수현,남,26,2001-09-27,010927-3655332,군필,2025-11-24,0,전문대졸,명지전문대학,3.4,추천,정규직,,,,두리안정보기술,경기 판교,기획부,전략기획팀,1,사원,팀원,1,,,ohsoohyun11@gmail.com,010-5029-8985,경기도 성남시 분당구 정자동,30000000,6,0,카카오뱅크,333-28-1052906,가입,60,,,,,,,532,비해당,,,
EMP0645,곽도현,남,53,1974-03-02,740302-1389592,군필,2000-10-08,25,대학원졸,가천대학교,2.9,경력,정규직,쿠팡,차장,마케팅기획,두리안정보기술,경기 판교,개발부,인프라팀,1,부장,팀원,2,,,kwakdohyun.8@daum.net,010-1057-1661,서울시 마포구 합정동,126500000,10,3,토스뱅크,100-1622-9725,가입,96,S,S,S,S,S,,726,비해당,MVP,,
EMP0646,고수아,여,49,1978-03-13,780313-2553698,해당없음,2006-03-14,20,대졸,서울대학교,3.5,추천,정규직,,,,두리안정보기술,서울 강남,인사부,채용팀,3,부장,팀원,2,,,kosua_509@daum.net,010-4278-8900,경기도 용인시 기흥구 영덕동,119000000,10,8,기업은행,030-32-421024,가입,90,A,A,A,S,A,,889,비해당,MVP,,
EMP0647,최지훈,남,30,1997-04-05,970405-1107241,군필,2023-10-07,2,대학원졸,한양대학교,2.7,경력,정규직,현대자동차,대리,프로젝트관리,두리안정보기술,서울 강남,마케팅부,디지털마케팅팀,1,사원,팀원,1,,,choijihoon_309@naver.com,010-4821-4221,서울시 서초구 서초동,37000000,7,8,우리은행,1005-842-241781,가입,66,,,,C,D,,,비해당,,,
EMP0648,성선우,남,33,1994-06-21,940621-1972413,군필,2018-02-05,8,대졸,서강대학교,2.7,추천,정규직,,,,두리안정보기술,경기 판교,기획부,전략기획팀,1,대리,팀원,1,,,sungsunwoo69@daum.net,010-1493-6295,서울시 마포구 합정동,45000000,11,15,기업은행,030-94-717464,가입,79,C,C,C,B,B,,932,비해당,,,
EMP0649,나재원,남,30,1997-10-07,971007-1936625,면제,2022-09-12,3,대졸,광운대학교,2.8,공채,정규직,,,,두리안정보기술,서울 여의도,인사부,채용팀,3,사원,팀원,1,,,najaewon60@nate.com,010-9585-7632,경기도 용인시 기흥구 영덕동,34000000,17,0,토스뱅크,100-9767-5010,가입,62,,,C,C,D,,,비해당,,,
EMP0650,배민호,남,28,1999-02-28,990228-1733043,군필,2023-07-16,2,대졸,중앙대학교,3.6,인턴전환,정규직,,,,두리안정보기술,경기 판교,기획부,사업기획팀,1,사원,팀원,1,자발적퇴직,2025-03-08,baeminho51@daum.net,010-8134-7029,서울시 마포구 합정동,34000000,14,9,우리은행,1002-153-676133,가입,70,,,,B,D,,793,비해당,,,
EMP0651,심예준,남,38,1989-03-24,890324-1799957,군필,2019-01-02,7,전문대졸,명지전문대학,3.5,추천,계약직,,,,두리안정보기술,서울 여의도,개발부,프론트팀,1,과장,팀원,1,,,shimyejun_kr@hanmail.net,010-9509-8058,서울시 은평구 불광동,53900000,18,3,우리은행,1006-954-083025,가입,86,B,C,C,A,B,,788,비해당,,,
EMP0652,공재원,남,26,2001-08-25,010825-3850541,군필,2024-05-10,2,고졸,,,인턴전환,정규직,,,,두리안정보기술,서울 강남,기획부,전략기획팀,1,사원,팀원,1,,,kongjaewon.4@kakao.com,010-9996-1933,서울시 용산구 이태원동,38000000,11,9,농협은행,302-8620-6783-89,가입,73,,,,,C,정보보안기사,,해당,,감봉,복무규정위반
EMP0653,하동현,남,29,1998-02-18,980218-1968953,군필,2023-07-12,2,대학원졸,아주대학교,3.4,공채,계약직,,,,두리안정보기술,경기 판교,마케팅부,브랜드팀,1,사원,팀원,1,,,hadonghyun_work@hanmail.net,010-7646-6406,서울시 마포구 상암동,33000000,9,5,하나은행,111-378215-4530,가입,72,,,,B,B,AWS Solutions Architect,,해당,공로상,정직,업무태만
EMP0654,오하준,남,46,1981-04-17,810417-1146430,군필,2005-01-27,21,대졸,연세대학교,3.1,인턴전환,정규직,,,,두리안정보기술,서울 여의도,개발부,백엔드팀,1,부장,팀원,2,,,ohhajun.2@nate.com,010-1727-1694,서울시 강동구 천호동,97900000,18,10,농협은행,351-2115-5393-91,가입,93,B,S,B,S,S,,541,비해당,,,
EMP0655,홍준서,남,39,1988-03-28,880328-1947689,군필,2013-04-12,13,대졸,서울대학교,3,인턴전환,정규직,,,,두리안정보기술,경기 판교,마케팅부,브랜드팀,1,차장,팀원,2,자발적퇴직,2018-01-11,hongjunseo_work@gmail.com,010-2554-4647,경기도 고양시 일산동구 장항동,68000000,24,3,토스뱅크,100-8706-5111,가입,82,B,B,B,B,B,SQLD,,해당,,,
EMP0656,성은별,여,30,1997-01-18,970118-2809070,해당없음,2023-02-16,3,대졸,홍익대학교,3.6,경력,정규직,포스코,과장,백엔드개발,두리안정보기술,서울 여의도,영업부,국내영업팀,1,사원,팀원,1,,,sungeunbyul59@daum.net,010-9862-1113,서울시 은평구 불광동,30000000,12,11,토스뱅크,100-6280-1059,가입,75,,,,B,B,정보보안기사,569,해당,팀워크상,경고,지각반복
EMP0657,조하은,여,43,1984-12-02,841202-2305171,해당없음,2007-12-05,18,고졸,,,추천,정규직,,,,두리안정보기술,서울 강남,개발부,인프라팀,1,부장,팀원,2,,,johaeun75@kakao.com,010-3468-4623,서울시 서초구 서초동,90200000,14,11,신한은행,100-894-830324,가입,87,B,B,A,C,B,리눅스마스터,,해당,,,
EMP0658,지혜린,여,42,1985-12-13,851213-2667400,해당없음,2015-01-19,11,대졸,부산대학교,3,인턴전환,정규직,,,,두리안정보기술,서울 강남,개발부,인프라팀,1,차장,팀원,2,,,jihyerin.7@daum.net,010-5319-5595,경기도 고양시 일산동구 장항동,77000000,24,3,신한은행,110-348-075562,가입,85,B,B,B,B,B,정보처리기사,882,해당,,,
EMP0659,이소연,여,29,1998-03-23,980323-2898066,해당없음,2022-01-14,4,고졸,,,경력,정규직,포스코,과장,백엔드개발,두리안정보기술,경기 판교,영업부,해외영업팀,1,사원,팀원,1,,,leesoyeon78@kakao.com,010-5680-9116,서울시 서초구 방배동,37000000,12,12,토스뱅크,100-9566-8402,미가입,72,,,B,B,B,ADsP,,해당,,,
EMP0660,윤채영,여,33,1994-01-05,940105-2782063,해당없음,2019-06-19,6,전문대졸,인하공업전문대학,2.6,추천,정규직,,,,두리안정보기술,서울 여의도,마케팅부,디지털마케팅팀,1,대리,팀원,1,,,yoonchaeyoung49@naver.com,010-2030-6962,경기도 성남시 분당구 판교동,48000000,11,11,카카오뱅크,333-91-5324864,가입,80,B,B,B,B,B,,823,비해당,,,
EMP0661,신주원,남,43,1984-03-07,840307-1533805,군필,2007-03-09,19,대졸,경희대학교,3.3,공채,정규직,,,,두리안정보기술,서울 여의도,인사부,교육팀,3,부장,팀원,2,,,shinjuwon_779@nate.com,010-3024-1108,인천시 부평구 부평동,85000000,17,7,농협은행,302-1345-0721-88,가입,91,A,A,A,A,S,리눅스마스터,892,해당,우수사원상,,
EMP0662,임성준,남,31,1996-02-26,960226-1693336,면제,2019-04-24,7,대졸,강원대학교,3.3,추천,정규직,,,,두리안정보기술,경기 판교,개발부,AI팀,1,대리,팀원,1,,,limsungjun_923@kakao.com,010-6632-8588,경기도 성남시 분당구 정자동,46200000,18,0,하나은행,111-436100-8376,가입,71,D,C,C,C,D,SQLD,771,해당,우수사원상,,
EMP0663,신혜린,여,35,1992-06-28,920628-2341593,해당없음,2020-08-10,5,대학원졸,숙명여자대학교,2.8,경력,정규직,롯데그룹,대리,인사관리,두리안정보기술,서울 여의도,마케팅부,디지털마케팅팀,1,대리,팀원,1,,,shinhyerin60@kakao.com,010-7207-1725,경기도 수원시 영통구 매탄동,40000000,18,5,농협은행,302-2473-9592-89,가입,83,B,A,B,A,B,,669,비해당,공로상,,
EMP0664,성민석,남,35,1992-09-15,920915-1400056,군필,2018-12-23,7,전문대졸,인하공업전문대학,3.6,경력,정규직,SK하이닉스,사원,인사관리,두리안정보기술,서울 여의도,인사부,채용팀,3,과장,팀원,1,,,sungminseok_460@naver.com,010-2132-8845,서울시 서초구 서초동,49000000,20,12,우리은행,1006-353-108980,가입,83,C,B,B,A,B,,825,비해당,,감봉,지각반복
EMP0665,엄태양,남,27,2000-10-15,001015-3636593,군필,2025-05-26,0,대졸,아주대학교,2.6,공채,계약직,,,,두리안정보기술,서울 여의도,기획부,사업기획팀,1,사원,팀원,1,,,umtaeyang_686@kakao.com,010-8161-4597,경기도 성남시 분당구 정자동,32000000,5,3,농협은행,351-5269-1387-69,가입,64,,,,,,SQLD,,해당,,,
EMP0666,노정우,남,31,1996-03-06,960306-1521754,군필,2019-04-04,7,대졸,연세대학교,2.9,공채,정규직,,,,두리안정보기술,서울 여의도,인사부,교육팀,3,과장,팀원,1,,,nohjungwoo_834@gmail.com,010-3965-9827,서울시 서초구 방배동,50000000,18,14,농협은행,302-6450-1423-57,가입,84,B,B,B,B,B,리눅스마스터,710,해당,,,
EMP0667,우건우,남,37,1990-08-18,900818-1689741,군필,2014-09-06,11,대졸,서강대학교,2.8,경력,정규직,KT,차장,데이터분석,두리안정보기술,경기 판교,영업부,해외영업팀,1,과장,팀원,1,계약만료,2023-10-10,woogunwoo_459@gmail.com,010-1476-7370,서울시 송파구 잠실동,60000000,19,9,국민은행,060165-46-175026,미가입,82,B,C,B,B,A,컴퓨터활용능력1급,674,해당,,,
EMP0668,차하린,여,31,1996-12-08,961208-2822833,해당없음,2019-09-23,6,전문대졸,명지전문대학,3.6,추천,계약직,,,,두리안정보기술,서울 강남,마케팅부,브랜드팀,1,과장,팀원,1,,,chaharin.7@kakao.com,010-8802-8997,서울시 노원구 상계동,60000000,23,15,기업은행,030-87-719065,가입,83,B,A,B,B,C,,,비해당,,,
EMP0669,양승준,남,28,1999-08-09,990809-1100233,군필,2022-05-03,4,대졸,중앙대학교,3.9,공채,정규직,,,,두리안정보기술,경기 판교,개발부,AI팀,1,대리,팀원,1,,,yangseungjun53@daum.net,010-1209-2425,서울시 강남구 역삼동,51700000,14,6,우리은행,1005-698-899101,가입,73,,,D,B,B,정보처리기사,538,해당,우수사원상,,
EMP0670,조예진,여,57,1970-01-10,700110-2553350,해당없음,1994-12-20,31,대졸,건국대학교,4,인턴전환,정규직,,,,두리안정보기술,서울 강남,기획부,,1,이사,본부장,3,,,joyejin_472@daum.net,010-6948-8683,서울시 서초구 서초동,160000000,6,5,국민은행,008401-11-858491,가입,100,S,S,S,A,S,,910,비해당,,,
EMP0671,양은별,여,39,1988-01-04,880104-2310204,해당없음,2014-08-15,11,대졸,건국대학교,3.5,추천,정규직,,,,두리안정보기술,서울 여의도,영업부,해외영업팀,1,차장,팀원,2,,,yangeunbyul99@daum.net,010-5448-9129,서울시 강남구 삼성동,61000000,23,15,우리은행,1005-716-758082,가입,84,B,C,B,A,B,,886,비해당,팀워크상,,
EMP0672,손도현,남,31,1996-07-26,960726-1779240,군필,2023-08-22,2,대학원졸,명지대학교,3.6,인턴전환,정규직,,,,두리안정보기술,서울 여의도,기획부,사업기획팀,1,사원,팀원,1,,,sondohyun40@naver.com,010-1091-5471,경기도 성남시 분당구 정자동,35000000,16,8,카카오뱅크,333-05-0008594,가입,64,,,,C,C,,937,비해당,,,
EMP0673,홍소희,여,45,1982-04-15,820415-2332166,해당없음,2012-06-01,13,대학원졸,경희대학교,3.3,추천,계약직,,,,두리안정보기술,서울 여의도,영업부,해외영업팀,1,차장,팀원,2,,,hongsohee_460@nate.com,010-5219-1480,서울시 용산구 이태원동,72000000,18,8,하나은행,200-215592-2414,가입,78,B,B,B,B,C,정보처리기사,,해당,,,
EMP0674,박준서,남,32,1995-09-15,950915-1843138,군필,2019-04-28,7,대졸,한양대학교,3.2,추천,정규직,,,,두리안정보기술,서울 강남,기획부,사업기획팀,1,대리,팀원,1,,,parkjunseo65@hanmail.net,010-2805-6372,서울시 서초구 서초동,48000000,11,2,카카오뱅크,333-64-5425705,가입,69,C,C,C,C,C,,557,비해당,,,
EMP0675,전수연,여,36,1991-11-16,911116-2133244,해당없음,2020-08-19,5,대졸,부산대학교,2.6,추천,정규직,,,,두리안정보기술,서울 여의도,기획부,전략기획팀,1,대리,팀원,1,,,jeonsuyeon52@gmail.com,010-8878-2395,경기도 용인시 기흥구 영덕동,41000000,22,0,기업은행,030-40-139904,가입,82,B,B,B,A,B,,,비해당,,,
EMP0676,한재현,남,27,2000-04-19,000419-3481016,면제,2023-02-28,3,대졸,숙명여자대학교,3.4,인턴전환,정규직,,,,두리안정보기술,경기 판교,인사부,채용팀,3,사원,팀원,1,,,hanjaehyun_607@hanmail.net,010-5937-8231,경기도 성남시 분당구 정자동,31000000,5,8,신한은행,180-968-030098,가입,73,,,,B,C,SQLD,,해당,,,
EMP0677,하다은,여,27,2000-06-15,000615-4186724,해당없음,2024-09-27,1,대졸,단국대학교,3.8,공채,계약직,,,,두리안정보기술,경기 판교,마케팅부,브랜드팀,1,사원,팀원,1,,,hadaeun96@hanmail.net,010-6168-4532,서울시 강남구 역삼동,33000000,12,10,우리은행,1006-754-260095,가입,76,,,,,C,,,비해당,,,
EMP0678,오도윤,남,41,1986-12-27,861227-1223039,군필,2018-07-01,7,대학원졸,건국대학교,2.7,인턴전환,정규직,,,,두리안정보기술,경기 판교,인사부,교육팀,3,과장,팀원,1,,,ohdoyoon24@gmail.com,010-3391-6853,서울시 마포구 합정동,53000000,22,1,우리은행,1002-006-771886,가입,86,C,B,B,B,B,빅데이터분석기사,501,해당,,정직,업무태만
EMP0679,차재민,남,24,2003-02-22,030222-3729148,면제,2026-03-07,0,전문대졸,영진전문대학교,3.9,추천,계약직,,,,두리안정보기술,서울 여의도,인사부,채용팀,3,사원,팀원,1,,,chajaemin_950@hanmail.net,010-2719-7139,서울시 강남구 논현동,38000000,8,4,농협은행,301-0480-1607-98,가입,78,,,,,,ADsP,764,해당,,,
EMP0680,노준서,남,39,1988-03-19,880319-1208332,군필,2014-07-09,11,전문대졸,경북전문대학교,3.5,인턴전환,정규직,,,,두리안정보기술,서울 여의도,개발부,AI팀,1,차장,팀원,2,,,nohjunseo_work@nate.com,010-1498-9362,경기도 고양시 일산동구 장항동,71500000,15,9,신한은행,140-059-053513,가입,89,A,A,S,A,A,,,비해당,,,
EMP0681,진현준,남,33,1994-04-11,940411-1384698,군필,2018-05-02,8,대졸,숭실대학교,3.7,인턴전환,정규직,,,,두리안정보기술,서울 여의도,마케팅부,브랜드팀,1,대리,팀원,1,,,jinhyunjun.4@kakao.com,010-3431-5726,경기도 고양시 일산동구 장항동,38000000,19,11,하나은행,111-032277-2275,가입,73,B,C,C,C,B,,893,비해당,,,
EMP0682,심재현,남,40,1987-01-23,870123-1568452,군필,2020-01-16,6,전문대졸,인하공업전문대학,3.2,추천,정규직,,,,두리안정보기술,서울 여의도,영업부,해외영업팀,1,과장,팀원,1,,,shimjaehyun29@naver.com,010-8908-7509,서울시 노원구 상계동,52000000,27,0,신한은행,180-734-943039,가입,85,A,B,B,B,B,리눅스마스터,515,해당,,,
EMP0683,정정우,남,28,1999-05-04,990504-1156590,군필,2022-11-07,3,전문대졸,인하공업전문대학,3.3,인턴전환,정규직,,,,두리안정보기술,경기 판교,개발부,백엔드팀,1,대리,팀원,1,,,jungjungwoo13@nate.com,010-1832-5812,서울시 마포구 합정동,49500000,22,9,기업은행,030-02-787429,가입,68,,,C,C,D,ADsP,,해당,,,
EMP0684,심주원,남,32,1995-06-25,950625-1306468,미필,2018-08-18,7,고졸,,,추천,정규직,,,,두리안정보기술,경기 판교,개발부,인프라팀,1,대리,팀원,1,,,shimjuwon_kr@gmail.com,010-1540-4110,서울시 송파구 잠실동,44000000,11,11,하나은행,181-842203-0513,가입,71,C,C,B,C,C,정보처리기사,,해당,팀워크상,,
EMP0685,주승환,남,34,1993-01-22,930122-1637398,군필,2019-01-06,7,고졸,,,공채,정규직,,,,두리안정보기술,서울 여의도,인사부,교육팀,3,대리,팀원,1,,,juseunghwan65@daum.net,010-3439-7767,서울시 강동구 천호동,48000000,12,5,농협은행,301-1837-7641-17,가입,77,C,C,B,B,B,,,비해당,,,
EMP0686,이예원,여,41,1986-11-25,861125-2196313,해당없음,2016-04-25,10,대졸,명지대학교,3.3,인턴전환,정규직,,,,두리안정보기술,서울 강남,마케팅부,브랜드팀,1,과장,팀원,1,,,leeyewon52@naver.com,010-7207-1182,경기도 수원시 영통구 매탄동,50000000,23,13,토스뱅크,100-1744-6138,가입,86,B,C,B,C,B,리눅스마스터,,해당,,,
EMP0687,송하영,여,33,1994-09-03,940903-2646126,해당없음,2020-11-26,5,대졸,광운대학교,2.9,경력,정규직,현대자동차,과장,재무회계,두리안정보기술,경기 판교,기획부,전략기획팀,1,대리,팀원,1,,,songhayoung_work@nate.com,010-8362-7543,경기도 용인시 기흥구 영덕동,39000000,17,1,토스뱅크,100-4754-8385,가입,75,C,B,C,B,B,,763,비해당,,,
EMP0688,남예은,여,35,1992-06-11,920611-2634880,해당없음,2018-01-02,8,대졸,아주대학교,2.9,추천,계약직,,,,두리안정보기술,경기 판교,인사부,교육팀,3,대리,팀원,1,,,namyeeun_202@daum.net,010-2356-2518,경기도 고양시 일산동구 장항동,39000000,17,14,농협은행,301-3242-2149-48,가입,76,B,B,C,B,B,컴퓨터활용능력1급,531,해당,,,
EMP0689,지서윤,여,33,1994-04-08,940408-2674585,해당없음,2021-11-04,4,전문대졸,명지전문대학,4,인턴전환,정규직,,,,두리안정보기술,서울 강남,기획부,사업기획팀,1,대리,팀원,1,,,jiseoyoon96@daum.net,010-3475-3079,인천시 부평구 부평동,43000000,10,1,우리은행,1002-004-226471,가입,80,,B,C,C,B,,,비해당,팀워크상,,
EMP0690,곽선우,남,34,1993-07-12,930712-1142098,군필,2018-05-19,8,대졸,서강대학교,2.5,추천,계약직,,,,두리안정보기술,서울 강남,기획부,전략기획팀,1,대리,팀원,1,,,kwaksunwoo@daum.net,010-4295-8535,서울시 서초구 서초동,47000000,11,4,카카오뱅크,333-01-7470094,가입,68,C,B,C,D,D,ADsP,959,해당,,,
EMP0691,유지원,여,24,2003-10-05,031005-4807214,해당없음,2026-04-03,0,대졸,동국대학교,3.1,추천,정규직,,,,두리안정보기술,서울 강남,영업부,국내영업팀,1,사원,팀원,1,,,yoojiwon19@daum.net,010-8153-8986,서울시 강남구 삼성동,37000000,11,1,국민은행,229824-83-130242,가입,75,,,,,,정보보안기사,576,해당,,,
EMP0692,우서연,여,34,1993-02-23,930223-2840571,해당없음,2023-02-06,3,대졸,단국대학교,3.7,경력,정규직,네이버,대리,영업관리,두리안정보기술,서울 강남,개발부,인프라팀,1,대리,팀원,1,,,wooseoyeon_work@nate.com,010-6421-2808,경기도 고양시 일산동구 장항동,50600000,10,8,하나은행,200-003583-7190,가입,72,,,,B,C,정보처리기사,,해당,,,
EMP0693,임도윤,남,28,1999-12-10,991210-1344619,군필,2022-02-11,4,대졸,건국대학교,3.4,공채,계약직,,,,두리안정보기술,서울 여의도,기획부,전략기획팀,1,대리,팀원,1,,,limdoyoon11@gmail.com,010-2823-4013,서울시 용산구 이태원동,46000000,17,4,기업은행,020-71-756551,미가입,69,,,C,C,D,ADsP,,해당,팀워크상,,
EMP0694,차우진,남,31,1996-09-12,960912-1852326,군필,2025-08-21,0,대학원졸,광운대학교,3.1,추천,정규직,,,,두리안정보기술,서울 강남,기획부,전략기획팀,1,사원,팀원,1,,,chawoojin.9@nate.com,010-5222-5914,서울시 강남구 삼성동,36000000,12,6,하나은행,162-448462-0732,가입,78,,,,,,,,비해당,,,
EMP0695,문다현,여,29,1998-04-27,980427-2789593,해당없음,2021-06-19,4,대졸,덕성여자대학교,3.8,추천,계약직,,,,두리안정보기술,경기 판교,마케팅부,디지털마케팅팀,1,대리,팀원,1,계약만료,2024-08-29,moondahyun.1@naver.com,010-8143-1052,경기도 고양시 일산동구 장항동,43000000,22,3,우리은행,1006-847-547751,가입,70,,D,C,C,C,,,비해당,,,
EMP0696,우선우,남,31,1996-11-15,961115-1729038,미필,2019-09-03,6,대졸,세종대학교,3.3,경력,계약직,포스코,차장,프로젝트관리,두리안정보기술,경기 판교,개발부,프론트팀,1,과장,팀원,1,,,woosunwoo.6@daum.net,010-7395-2836,경기도 고양시 일산동구 장항동,52800000,22,0,토스뱅크,100-0769-1673,가입,80,B,B,B,B,B,,671,비해당,,,
EMP0697,임도윤,남,28,1999-04-28,990428-1799051,군필,2022-06-13,3,대졸,명지대학교,3,경력,정규직,카카오,차장,프로젝트관리,두리안정보기술,경기 판교,마케팅부,브랜드팀,1,대리,팀원,1,계약만료,2024-01-15,limdoyoon69@naver.com,010-6745-3369,서울시 강남구 삼성동,47000000,20,6,하나은행,111-233204-4106,가입,77,,,B,B,B,ADsP,,해당,,,
EMP0698,민도현,남,30,1997-10-04,971004-1346857,군필,2024-07-21,1,대학원졸,성균관대학교,3.9,추천,정규직,,,,두리안정보기술,서울 강남,마케팅부,브랜드팀,1,사원,팀원,1,,,mindohyun.3@nate.com,010-5534-9992,경기도 성남시 분당구 판교동,32000000,18,5,하나은행,200-204701-2007,가입,70,,,,,C,,877,비해당,,,
EMP0699,심예은,여,25,2002-07-19,020719-4918911,해당없음,2025-09-06,0,대졸,서강대학교,3.7,경력,정규직,SK하이닉스,사원,프로젝트관리,두리안정보기술,서울 여의도,영업부,해외영업팀,1,사원,팀원,1,,,shimyeeun_work@naver.com,010-6730-5057,경기도 성남시 분당구 정자동,33000000,12,6,토스뱅크,100-1676-2233,가입,69,,,,,,정보처리기사,746,해당,,,
EMP0700,정수현,남,36,1991-08-06,910806-1700446,군필,2020-10-05,5,대졸,홍익대학교,3.4,추천,정규직,,,,두리안정보기술,서울 여의도,기획부,사업기획팀,1,과장,팀원,1,,,jungsoohyun35@daum.net,010-3390-8975,경기도 고양시 일산동구 장항동,48000000,21,8,기업은행,010-56-746807,가입,86,B,A,A,A,A,,,비해당,,,
EMP0701,안유진,여,29,1998-02-01,980201-2487376,해당없음,2024-10-05,1,대졸,가천대학교,3.4,추천,계약직,,,,두리안정보기술,서울 여의도,기획부,전략기획팀,1,사원,팀원,1,,,ahnyujin_dev@daum.net,010-6297-5650,서울시 영등포구 여의도동,31000000,5,13,신한은행,110-648-185336,가입,62,,,,,D,SQLD,666,해당,,경고,복무규정위반
EMP0702,김현우,남,27,2000-07-20,000720-3698401,군필,2024-12-09,1,대학원졸,경희대학교,3.8,추천,정규직,,,,두리안정보기술,서울 강남,인사부,채용팀,3,사원,팀원,1,정년퇴직,2026-04-14,kimhyunwoo14@daum.net,010-2399-3905,서울시 강남구 역삼동,32000000,5,11,하나은행,111-355060-7193,가입,74,,,,,B,,,비해당,우수사원상,,
EMP0703,한정우,남,37,1990-02-13,900213-1678735,군필,2013-06-13,12,대졸,국민대학교,3.3,공채,정규직,,,,두리안정보기술,서울 여의도,개발부,AI팀,1,차장,팀원,2,,,hanjungwoo.3@gmail.com,010-6393-3911,서울시 강동구 천호동,74800000,22,3,신한은행,180-162-397196,가입,88,A,S,S,A,B,,,비해당,,,
EMP0704,한주원,남,32,1995-11-10,951110-1259537,군필,2018-11-04,7,고졸,,,공채,정규직,,,,두리안정보기술,서울 강남,기획부,사업기획팀,1,과장,팀원,1,,,hanjuwon.9@hanmail.net,010-7406-7606,서울시 노원구 상계동,50000000,27,9,기업은행,010-54-516808,가입,82,B,B,B,B,B,AWS Solutions Architect,,해당,MVP,,
EMP0705,성하은,여,49,1978-10-04,781004-2207312,해당없음,2009-08-06,16,전문대졸,영진전문대학교,3.9,공채,정규직,,,,두리안정보기술,서울 강남,마케팅부,브랜드팀,1,부장,팀원,2,,,sunghaeun31@nate.com,010-3054-3417,서울시 송파구 문정동,82000000,18,5,농협은행,301-2189-8988-45,가입,90,A,A,A,A,A,SQLD,531,해당,,,
EMP0706,오소연,여,32,1995-03-01,950301-2592585,해당없음,2018-04-25,8,대졸,전남대학교,2.9,경력,정규직,삼성전자,차장,프로젝트관리,두리안정보기술,서울 여의도,영업부,국내영업팀,1,과장,팀원,1,,,ohsoyeon19@nate.com,010-6538-3924,서울시 강동구 천호동,50000000,18,15,카카오뱅크,333-61-0781270,가입,82,B,B,B,B,B,,861,비해당,,,
EMP0707,이민재,남,24,2003-12-22,031222-3299988,군필,2026-02-01,0,대졸,명지대학교,3,경력,계약직,LG전자,차장,영업관리,두리안정보기술,경기 판교,인사부,교육팀,3,사원,팀원,1,,,leeminjae76@nate.com,010-1650-5492,서울시 마포구 상암동,37000000,15,5,우리은행,1005-675-354101,가입,66,,,,,,,782,비해당,,,
EMP0708,문민호,남,57,1970-10-20,701020-1693853,군필,2003-02-17,23,대졸,성균관대학교,3.5,추천,정규직,,,,두리안정보기술,서울 여의도,기획부,전략기획팀,1,부장,팀원,2,,,moonminho59@naver.com,010-9959-1188,서울시 용산구 이태원동,111000000,14,11,하나은행,111-284456-3731,가입,91,A,A,A,A,S,ADsP,870,해당,,,
EMP0709,정유진,여,57,1970-06-09,700609-2341584,해당없음,1993-05-24,33,대졸,강원대학교,3,인턴전환,계약직,,,,두리안정보기술,경기 판교,인사부,,3,이사,본부장,3,,,jungyujin_kr@gmail.com,010-9048-4888,경기도 성남시 분당구 판교동,145000000,6,11,하나은행,111-906763-5817,가입,96,S,A,S,S,S,SQLD,710,해당,,,
EMP0710,임민재,남,29,1998-09-26,980926-1174035,군필,2021-12-16,4,전문대졸,영진전문대학교,2.8,경력,정규직,포스코,사원,프로젝트관리,두리안정보기술,서울 강남,개발부,프론트팀,1,대리,팀원,1,,,limminjae32@daum.net,010-4372-4909,서울시 서초구 서초동,49500000,17,13,신한은행,180-158-353684,가입,78,,C,C,B,B,,,비해당,,,
EMP0711,성도현,남,29,1998-07-24,980724-1642948,군필,2022-01-27,4,대졸,경희대학교,2.9,공채,정규직,,,,두리안정보기술,서울 강남,기획부,사업기획팀,1,대리,팀원,1,,,sungdohyun_663@naver.com,010-2052-5612,경기도 고양시 일산동구 장항동,43000000,16,13,국민은행,284234-78-952378,가입,70,,,C,C,C,SQLD,,해당,우수사원상,,
EMP0712,김예린,여,38,1989-11-10,891110-2855762,해당없음,2016-05-07,10,대졸,서강대학교,3,인턴전환,계약직,,,,두리안정보기술,서울 강남,마케팅부,브랜드팀,1,차장,팀원,2,,,kimyerin_337@nate.com,010-2394-9013,서울시 은평구 불광동,70000000,17,4,카카오뱅크,333-66-4872677,가입,88,A,A,S,A,B,정보보안기사,881,해당,,,
EMP0713,천준서,남,56,1971-08-23,710823-1478793,군필,1998-10-18,27,대학원졸,아주대학교,3.9,추천,정규직,,,,두리안정보기술,서울 여의도,마케팅부,디지털마케팅팀,1,부장,팀원,2,,,chunjunseo75@nate.com,010-4659-5596,서울시 서초구 서초동,117000000,12,10,토스뱅크,100-8135-3465,가입,93,A,A,B,S,B,,,비해당,MVP,,
EMP0714,노성준,남,42,1985-01-08,850108-1338974,군필,2012-12-22,13,대졸,전남대학교,3.4,인턴전환,정규직,,,,두리안정보기술,서울 여의도,개발부,AI팀,1,차장,팀원,2,,,nohsungjun@naver.com,010-8514-5572,서울시 마포구 상암동,77000000,21,0,기업은행,020-60-385977,가입,85,B,B,B,B,A,,845,비해당,,,
EMP0715,엄지훈,남,32,1995-04-22,950422-1876226,군필,2018-06-25,7,대졸,부산대학교,3.6,추천,정규직,,,,두리안정보기술,서울 강남,영업부,해외영업팀,1,대리,팀원,1,,,umjihoon36@naver.com,010-5834-7595,서울시 서초구 서초동,43000000,17,0,카카오뱅크,333-68-4592448,미가입,72,B,B,B,B,B,,,비해당,,,
EMP0716,양지영,여,31,1996-12-10,961210-2342148,해당없음,2019-02-01,7,고졸,,,인턴전환,정규직,,,,두리안정보기술,서울 강남,마케팅부,브랜드팀,1,과장,팀원,1,,,yangjiyoung_809@gmail.com,010-8595-5002,서울시 서초구 방배동,56000000,20,14,카카오뱅크,333-83-4881793,가입,79,B,B,B,B,B,정보처리기사,,해당,,,
EMP0717,손미래,여,55,1972-10-26,721026-2813123,해당없음,1999-11-09,26,고졸,,,인턴전환,정규직,,,,두리안정보기술,서울 강남,인사부,교육팀,3,부장,팀원,2,,,sonmirae99@daum.net,010-6853-7208,서울시 노원구 상계동,101000000,8,13,하나은행,181-638852-6724,가입,89,B,B,A,A,A,AWS Solutions Architect,511,해당,,,
EMP0718,하지호,남,31,1996-08-02,960802-1169689,군필,2024-10-03,1,대졸,이화여자대학교,2.8,인턴전환,정규직,,,,두리안정보기술,경기 판교,인사부,교육팀,3,사원,팀원,1,,,hajiho_488@nate.com,010-7586-4340,서울시 강남구 삼성동,30000000,14,4,카카오뱅크,333-42-7544559,가입,60,,,,,D,AWS Solutions Architect,537,해당,,,
EMP0719,양지후,남,25,2002-11-28,021128-3900261,군필,2025-05-06,1,대졸,숭실대학교,3.3,경력,정규직,쿠팡,사원,프론트엔드개발,두리안정보기술,서울 여의도,마케팅부,디지털마케팅팀,1,사원,팀원,1,,,yangjihoo68@daum.net,010-6094-1514,서울시 마포구 상암동,36000000,13,12,카카오뱅크,333-97-4357310,가입,64,,,,,,,935,비해당,,,
EMP0720,장도현,남,35,1992-06-17,920617-1596355,군필,2021-10-08,4,대졸,경북대학교,3,공채,계약직,,,,두리안정보기술,경기 판교,인사부,교육팀,3,대리,팀원,1,,,jangdohyun_work@hanmail.net,010-5018-1555,서울시 강동구 천호동,38000000,17,8,국민은행,887084-76-058565,가입,83,,A,B,B,A,컴퓨터활용능력1급,,해당,,,
EMP0721,류서현,여,30,1997-09-28,970928-2125540,해당없음,2025-07-19,0,고졸,,,경력,계약직,롯데그룹,과장,인사관리,두리안정보기술,서울 여의도,인사부,교육팀,3,사원,팀원,1,,,ryuseohyun46@gmail.com,010-8112-1990,경기도 고양시 일산동구 장항동,38000000,7,8,하나은행,181-328417-2443,가입,71,,,,,,,551,비해당,우수사원상,,
EMP0722,임현준,남,31,1996-07-05,960705-1548140,군필,2019-10-05,6,대학원졸,이화여자대학교,2.8,공채,정규직,,,,두리안정보기술,서울 강남,개발부,인프라팀,1,과장,팀원,1,,,limhyunjun@hanmail.net,010-6805-6800,서울시 강서구 마곡동,58300000,30,15,하나은행,111-070678-8104,가입,87,B,A,B,B,A,AWS Solutions Architect,793,해당,,,
EMP0723,오재원,남,44,1983-05-22,830522-1184692,군필,2010-08-23,15,대졸,서강대학교,3.9,인턴전환,정규직,,,,두리안정보기술,서울 강남,마케팅부,디지털마케팅팀,1,부장,팀원,2,,,ohjaewon65@naver.com,010-3150-9714,인천시 부평구 부평동,79000000,20,7,하나은행,111-510267-3031,가입,88,A,A,A,A,A,정보처리기사,972,해당,,,
EMP0724,박태호,남,63,1964-06-19,640619-1907127,군필,1997-11-21,28,대졸,가천대학교,3.2,경력,정규직,롯데그룹,과장,데이터분석,두리안정보기술,서울 여의도,인사부,,3,이사,팀원,3,,,parktaeho58@kakao.com,010-3705-2109,서울시 송파구 문정동,151000000,5,3,하나은행,162-688729-8557,가입,95,S,S,S,S,S,,725,비해당,,,
EMP0725,나현준,남,49,1978-07-26,780726-1388523,군필,2005-10-22,20,대학원졸,충남대학교,2.7,경력,정규직,포스코,대리,프론트엔드개발,두리안정보기술,서울 강남,인사부,교육팀,3,부장,팀원,2,권고사직,2006-11-26,nahyunjun_dev@hanmail.net,010-1439-9609,서울시 서초구 방배동,85000000,16,10,토스뱅크,100-1965-8759,가입,90,A,A,A,A,A,,,비해당,공로상,,
EMP0726,성서윤,여,24,2003-01-18,030118-4567119,해당없음,2026-03-06,0,대학원졸,부산대학교,3,인턴전환,정규직,,,,두리안정보기술,서울 여의도,개발부,프론트팀,1,사원,팀원,1,,,sungseoyoon.1@daum.net,010-2098-8616,서울시 용산구 이태원동,40700000,8,6,기업은행,010-34-824771,가입,65,,,,,,,,비해당,,,
EMP0727,한선우,남,27,2000-09-21,000921-3626075,군필,2026-01-15,0,대졸,인하대학교,3,추천,계약직,,,,두리안정보기술,서울 강남,마케팅부,브랜드팀,1,사원,팀원,1,,,hansunwoo_885@nate.com,010-5430-6307,서울시 강남구 삼성동,38000000,10,3,국민은행,501464-99-467291,가입,63,,,,,,빅데이터분석기사,,해당,,,
EMP0728,배지아,여,31,1996-04-10,960410-2157253,해당없음,2023-05-22,2,대졸,한국외국어대학교,3.2,추천,계약직,,,,두리안정보기술,서울 강남,기획부,사업기획팀,1,사원,팀원,1,,,baejia.2@kakao.com,010-4869-8373,경기도 수원시 영통구 매탄동,33000000,15,14,토스뱅크,100-7652-7072,가입,73,,,,C,B,,661,비해당,,,
EMP0729,신하은,여,31,1996-10-07,961007-2718123,해당없음,2020-03-09,6,고졸,,,경력,정규직,카카오,대리,프로젝트관리,두리안정보기술,경기 판교,마케팅부,브랜드팀,1,과장,팀원,1,,,shinhaeun_dev@kakao.com,010-2930-3309,서울시 노원구 상계동,49000000,30,7,국민은행,822023-35-766888,가입,74,C,B,B,D,B,빅데이터분석기사,,해당,,,
EMP0730,심윤서,여,26,2001-09-25,010925-4961734,해당없음,2025-01-01,1,대졸,건국대학교,2.9,인턴전환,계약직,,,,두리안정보기술,서울 강남,마케팅부,브랜드팀,1,사원,팀원,1,,,shimyunseo_work@hanmail.net,010-8271-8228,서울시 강남구 역삼동,35000000,10,4,우리은행,1002-415-784215,가입,66,,,,,,리눅스마스터,810,해당,공로상,감봉,지각반복
EMP0731,박미래,여,24,2003-02-27,030227-4580700,해당없음,2026-05-13,0,대졸,부산대학교,3.7,공채,계약직,,,,두리안정보기술,경기 판교,인사부,채용팀,3,사원,팀원,1,,,parkmirae@daum.net,010-7138-9218,서울시 영등포구 여의도동,34000000,7,11,신한은행,100-762-741750,미가입,62,,,,,,,,비해당,,,
EMP0732,윤수연,여,28,1999-05-03,990503-2690544,해당없음,2022-12-16,3,대졸,가천대학교,3.4,경력,정규직,KT,차장,데이터분석,두리안정보기술,서울 여의도,인사부,교육팀,3,사원,팀원,1,,,yoonsuyeon_dev@nate.com,010-5474-9379,서울시 송파구 문정동,34000000,5,3,카카오뱅크,333-36-9441353,가입,74,,,C,C,B,,930,비해당,,,
EMP0733,백하은,여,32,1995-02-24,950224-2689445,해당없음,2018-11-09,7,대학원졸,중앙대학교,3.4,경력,정규직,쿠팡,과장,인사관리,두리안정보기술,서울 강남,마케팅부,브랜드팀,1,과장,팀원,1,,,baekhaeun@naver.com,010-2156-9044,서울시 노원구 상계동,55000000,20,10,토스뱅크,100-4110-9289,가입,74,B,B,C,C,B,빅데이터분석기사,940,해당,,,
EMP0734,류동현,남,44,1983-10-18,831018-1552767,군필,2009-09-05,16,전문대졸,경북전문대학교,2.7,인턴전환,정규직,,,,두리안정보기술,서울 여의도,마케팅부,디지털마케팅팀,1,차장,팀원,2,자발적퇴직,2026-01-31,ryudonghyun21@naver.com,010-2457-9912,서울시 마포구 합정동,68000000,24,7,기업은행,010-93-248086,가입,78,B,C,B,D,B,컴퓨터활용능력1급,694,해당,,,
EMP0735,황서준,남,25,2002-11-01,021101-3309420,군필,2025-09-09,0,대졸,숭실대학교,3.3,인턴전환,계약직,,,,두리안정보기술,경기 판교,영업부,해외영업팀,1,사원,팀원,1,,,hwangseojun_457@nate.com,010-4331-9890,경기도 고양시 일산동구 장항동,36000000,16,7,농협은행,356-4038-4895-23,가입,62,,,,,,리눅스마스터,979,해당,,,
EMP0736,천보미,여,41,1986-11-18,861118-2479466,해당없음,2018-02-15,8,대졸,광운대학교,3.7,공채,정규직,,,,두리안정보기술,경기 판교,영업부,해외영업팀,1,과장,팀원,1,,,chunbomi25@gmail.com,010-3148-9101,서울시 강남구 논현동,50000000,25,14,카카오뱅크,333-30-0979975,가입,83,A,C,C,B,A,,,비해당,,,
EMP0737,엄우혁,남,29,1998-11-15,981115-1263220,미필,2023-04-18,3,대졸,한양대학교,3.4,공채,정규직,,,,두리안정보기술,경기 판교,개발부,프론트팀,1,대리,팀원,1,,,umwoohyuk17@daum.net,010-1237-4850,서울시 강남구 삼성동,44000000,13,12,카카오뱅크,333-95-8888574,미가입,72,,,,B,C,리눅스마스터,,해당,,,
EMP0738,홍지수,여,44,1983-05-06,830506-2925999,해당없음,2012-02-22,14,고졸,,,인턴전환,정규직,,,,두리안정보기술,서울 여의도,인사부,교육팀,3,차장,팀원,2,계약만료,2021-06-02,hongjisu_595@naver.com,010-6382-4957,서울시 서초구 방배동,60000000,16,0,국민은행,001994-74-757267,가입,78,B,B,B,B,B,,,비해당,팀워크상,,
EMP0739,심소희,여,37,1990-08-13,900813-2153481,해당없음,2018-06-09,7,대졸,홍익대학교,3,인턴전환,정규직,,,,두리안정보기술,경기 판교,마케팅부,디지털마케팅팀,1,과장,팀원,1,,,shimsohee_200@hanmail.net,010-1828-8154,서울시 마포구 상암동,49000000,19,1,신한은행,180-457-847323,가입,79,B,C,B,B,B,,945,비해당,팀워크상,,
EMP0740,민보미,여,46,1981-05-26,810526-2928134,해당없음,2011-09-06,14,대졸,중앙대학교,3.7,공채,정규직,,,,두리안정보기술,서울 강남,마케팅부,디지털마케팅팀,1,차장,팀원,2,,,minbomi.6@gmail.com,010-1751-1063,서울시 송파구 문정동,67000000,21,5,국민은행,323530-96-577180,가입,88,A,A,B,A,A,ADsP,,해당,팀워크상,,
EMP0741,서소연,여,30,1997-05-07,970507-2730807,해당없음,2020-05-10,6,대졸,숙명여자대학교,2.7,경력,정규직,삼성전자,사원,프로젝트관리,두리안정보기술,서울 강남,기획부,사업기획팀,1,대리,팀원,1,,,seosoyeon6@nate.com,010-7930-4468,경기도 용인시 기흥구 영덕동,40000000,13,6,우리은행,1002-052-904744,가입,79,B,B,C,B,B,,779,비해당,,,
EMP0742,고도현,남,47,1980-05-13,800513-1450418,군필,2004-08-11,21,대학원졸,한국외국어대학교,3.9,인턴전환,정규직,,,,두리안정보기술,서울 강남,기획부,사업기획팀,1,부장,팀원,2,,,kodohyun_223@daum.net,010-2113-9432,서울시 노원구 상계동,86000000,18,6,농협은행,356-5450-4858-36,가입,93,B,A,A,A,A,,,비해당,,,
EMP0743,방정수,남,36,1991-12-27,911227-1867927,면제,2018-07-12,7,대졸,이화여자대학교,2.6,공채,정규직,,,,두리안정보기술,서울 강남,영업부,해외영업팀,1,대리,팀원,1,,,bangjungsu_749@naver.com,010-8940-7496,서울시 영등포구 여의도동,47000000,15,15,하나은행,200-571665-3884,가입,79,B,B,B,B,B,정보처리기사,594,해당,,,
EMP0744,송시우,남,29,1998-01-06,980106-1695345,군필,2021-05-07,5,대졸,홍익대학교,2.7,추천,계약직,,,,두리안정보기술,서울 여의도,마케팅부,디지털마케팅팀,1,대리,팀원,1,,,songsiwoo_924@hanmail.net,010-1891-9941,서울시 강서구 마곡동,47000000,12,0,국민은행,142296-79-790322,가입,76,,B,B,B,B,,866,비해당,,,
EMP0745,지정우,남,54,1973-10-01,731001-1655092,군필,2000-08-22,25,대졸,숙명여자대학교,3.1,인턴전환,정규직,,,,두리안정보기술,서울 강남,마케팅부,디지털마케팅팀,1,부장,팀원,2,,,jijungwoo_906@kakao.com,010-7231-3397,서울시 마포구 합정동,101000000,13,5,농협은행,356-6855-5836-44,가입,97,S,A,S,S,S,AWS Solutions Architect,,해당,,,
EMP0746,홍재원,남,43,1984-05-23,840523-1277006,군필,2007-04-21,19,대학원졸,고려대학교,3.2,인턴전환,계약직,,,,두리안정보기술,서울 여의도,기획부,전략기획팀,1,부장,팀원,2,,,hongjaewon79@naver.com,010-6901-2366,경기도 성남시 분당구 정자동,88000000,20,15,하나은행,181-621567-3742,가입,93,A,A,A,S,A,빅데이터분석기사,524,해당,,,
EMP0747,민지수,여,28,1999-05-02,990502-2677801,해당없음,2022-11-10,3,대졸,홍익대학교,3.3,공채,정규직,,,,두리안정보기술,경기 판교,기획부,전략기획팀,1,대리,팀원,1,,,minjisu.2@daum.net,010-3955-1509,서울시 강남구 역삼동,46000000,11,5,신한은행,140-754-357143,가입,73,,,B,B,B,ADsP,,해당,,,
EMP0748,황성준,남,29,1998-04-08,980408-1210308,군필,2025-04-03,1,대졸,성균관대학교,2.6,경력,정규직,LG전자,차장,프로젝트관리,두리안정보기술,경기 판교,인사부,채용팀,3,사원,팀원,1,,,hwangsungjun.5@naver.com,010-5213-4583,경기도 성남시 분당구 정자동,36000000,12,10,우리은행,1006-246-415779,가입,72,,,,,,정보보안기사,794,해당,,정직,지각반복
EMP0749,윤하늘,여,29,1998-05-14,980514-2978051,해당없음,2024-12-16,1,대졸,부산대학교,2.5,추천,정규직,,,,두리안정보기술,서울 강남,개발부,인프라팀,1,사원,팀원,1,,,yoonhaneul.6@nate.com,010-4517-3915,서울시 송파구 문정동,34100000,7,12,우리은행,1006-739-551034,가입,63,,,,,C,,821,비해당,,,
EMP0750,성우진,남,29,1998-07-06,980706-1726841,군필,2025-12-15,0,대졸,부산대학교,2.7,경력,정규직,카카오,대리,영업관리,두리안정보기술,서울 강남,인사부,채용팀,3,사원,팀원,1,,,sungwoojin42@kakao.com,010-4831-1257,서울시 마포구 상암동,35000000,7,3,우리은행,1002-601-096809,가입,70,,,,,,,924,비해당,,,
EMP0751,박우혁,남,35,1992-06-07,920607-1616043,군필,2020-08-22,5,대졸,서울대학교,3.4,공채,정규직,,,,두리안정보기술,경기 판교,개발부,AI팀,1,과장,팀원,1,,,parkwoohyuk@gmail.com,010-6566-9354,서울시 송파구 잠실동,63800000,29,7,기업은행,010-31-712748,가입,74,B,C,B,B,B,정보처리기사,754,해당,,,
EMP0752,홍서연,여,31,1996-08-21,960821-2130901,해당없음,2025-08-06,0,대학원졸,광운대학교,2.7,공채,정규직,,,,두리안정보기술,서울 여의도,인사부,채용팀,3,사원,팀원,1,,,hongseoyeon_kr@kakao.com,010-2272-2453,서울시 강서구 마곡동,37000000,9,12,하나은행,111-620762-5438,가입,61,,,,,,,537,비해당,,,
EMP0753,지성호,남,35,1992-07-17,920717-1521650,군필,2021-08-19,4,대졸,건국대학교,3.8,경력,계약직,삼성전자,차장,백엔드개발,두리안정보기술,경기 판교,마케팅부,디지털마케팅팀,1,대리,팀원,1,,,jisungho.5@kakao.com,010-1474-2579,경기도 성남시 분당구 판교동,46000000,17,2,농협은행,302-6012-7113-65,가입,81,,B,B,B,B,컴퓨터활용능력1급,,해당,,,
EMP0754,주준서,남,31,1996-02-16,960216-1478285,면제,2023-05-11,3,대졸,전북대학교,3.3,경력,계약직,SK하이닉스,과장,프로젝트관리,두리안정보기술,서울 강남,개발부,프론트팀,1,사원,팀원,1,,,jujunseo37@nate.com,010-1260-3677,서울시 송파구 문정동,40700000,7,5,우리은행,1005-677-353242,가입,74,,,,B,B,,637,비해당,,,
EMP0755,민민재,남,39,1988-04-23,880423-1970775,군필,2017-11-14,8,대학원졸,한양대학교,2.7,인턴전환,정규직,,,,두리안정보기술,서울 강남,기획부,사업기획팀,1,과장,팀원,1,,,minminjae23@naver.com,010-5027-5426,서울시 강남구 삼성동,57000000,22,12,하나은행,181-774333-4217,가입,74,B,C,B,B,C,AWS Solutions Architect,,해당,,,
EMP0756,안지후,남,29,1998-05-23,980523-1703836,군필,2023-12-07,2,대졸,서강대학교,2.8,추천,정규직,,,,두리안정보기술,서울 여의도,인사부,교육팀,3,사원,팀원,1,,,ahnjihoo.2@hanmail.net,010-5903-3943,경기도 용인시 기흥구 영덕동,35000000,9,10,국민은행,002782-34-239742,가입,78,,,,B,C,컴퓨터활용능력1급,,해당,우수사원상,,
EMP0757,손지원,여,32,1995-10-04,951004-2587291,해당없음,2018-02-06,8,대졸,동국대학교,3.5,인턴전환,정규직,,,,두리안정보기술,서울 강남,마케팅부,브랜드팀,1,과장,팀원,1,,,sonjiwon_kr@kakao.com,010-3906-4843,서울시 강남구 삼성동,49000000,30,8,토스뱅크,100-7816-3383,가입,75,C,B,B,C,B,,560,비해당,,,
EMP0758,남지현,여,28,1999-02-01,990201-2567532,해당없음,2024-12-07,1,대졸,한양대학교,3.6,경력,정규직,쿠팡,대리,마케팅기획,두리안정보기술,경기 판교,개발부,프론트팀,1,사원,팀원,1,,,namjihyun86@daum.net,010-1146-7958,서울시 강남구 논현동,41800000,14,4,하나은행,200-899229-6717,가입,63,,,,,D,정보처리기사,942,해당,,,
EMP0759,유하린,여,36,1991-03-11,910311-2883844,해당없음,2023-02-04,3,전문대졸,인하공업전문대학,3.9,공채,정규직,,,,두리안정보기술,서울 여의도,인사부,채용팀,3,대리,팀원,1,,,yooharin.8@daum.net,010-3685-1531,서울시 강남구 삼성동,38000000,12,1,우리은행,1006-138-261340,가입,79,,,,B,B,,588,비해당,MVP,,
EMP0760,류주원,남,31,1996-01-21,960121-1130109,군필,2022-05-13,4,대졸,한국외국어대학교,2.6,추천,정규직,,,,두리안정보기술,서울 강남,인사부,교육팀,3,대리,팀원,1,,,ryujuwon59@gmail.com,010-8684-6109,경기도 용인시 기흥구 영덕동,45000000,15,15,우리은행,1002-811-304956,가입,83,,,A,B,B,ADsP,,해당,,,
EMP0761,박태양,남,39,1988-09-04,880904-1117921,미필,2012-12-22,13,대졸,홍익대학교,4,공채,계약직,,,,두리안정보기술,서울 여의도,개발부,AI팀,1,차장,팀원,2,,,parktaeyang_158@kakao.com,010-3706-3240,서울시 은평구 불광동,71500000,20,5,국민은행,554473-88-440910,가입,79,B,B,B,C,C,,682,비해당,,,
EMP0762,진다현,여,24,2003-10-10,031010-4364248,해당없음,2026-05-12,0,대졸,강원대학교,3,경력,정규직,네이버,대리,마케팅기획,두리안정보기술,서울 여의도,기획부,사업기획팀,1,사원,팀원,1,,,jindahyun_dev@kakao.com,010-8503-1841,서울시 강남구 논현동,30000000,16,10,하나은행,162-055683-7973,가입,64,,,,,,,,비해당,,,
EMP0763,홍지유,여,31,1996-10-09,961009-2435417,해당없음,2022-11-06,3,대졸,중앙대학교,3.2,추천,계약직,,,,두리안정보기술,경기 판교,영업부,국내영업팀,1,사원,팀원,1,,,hongjiyu96@nate.com,010-5057-6467,서울시 마포구 상암동,36000000,10,10,국민은행,810754-16-680809,가입,67,,,C,D,B,SQLD,,해당,,,
EMP0764,백하은,여,29,1998-03-01,980301-2943525,해당없음,2021-07-24,4,전문대졸,영진전문대학교,2.8,경력,계약직,LG전자,사원,프로젝트관리,두리안정보기술,서울 강남,개발부,AI팀,1,대리,팀원,1,,,baekhaeun_dev@daum.net,010-5609-2422,경기도 성남시 분당구 정자동,46200000,10,6,토스뱅크,100-7595-7521,가입,75,,B,C,C,C,정보처리기사,864,해당,,,
EMP0765,황수진,여,42,1985-11-01,851101-2426266,해당없음,2016-11-06,9,대졸,연세대학교,3.6,공채,정규직,,,,두리안정보기술,서울 여의도,기획부,전략기획팀,1,차장,팀원,2,,,hwangsujin80@hanmail.net,010-6420-5097,서울시 마포구 합정동,70000000,20,10,신한은행,180-526-997267,가입,82,A,B,B,B,B,리눅스마스터,,해당,,,
EMP0766,함채원,여,24,2003-04-19,030419-4229285,해당없음,2025-07-20,0,대학원졸,성균관대학교,2.8,경력,정규직,LG전자,대리,인사관리,두리안정보기술,경기 판교,영업부,국내영업팀,1,사원,팀원,1,,,hamchaewon.5@naver.com,010-5177-3225,서울시 강서구 마곡동,35000000,9,15,신한은행,100-448-848712,가입,76,,,,,,빅데이터분석기사,725,해당,,,
EMP0767,황서현,여,28,1999-06-27,990627-2970476,해당없음,2025-07-19,0,대졸,성균관대학교,2.8,경력,정규직,네이버,대리,프로젝트관리,두리안정보기술,서울 여의도,인사부,교육팀,3,사원,팀원,1,,,hwangseohyun_kr@kakao.com,010-5803-5891,서울시 영등포구 여의도동,37000000,6,10,토스뱅크,100-2031-4584,가입,72,,,,,,,,비해당,,,
EMP0768,함지수,여,27,2000-05-03,000503-4812056,해당없음,2023-01-01,3,대졸,전북대학교,3.2,추천,정규직,,,,두리안정보기술,경기 판교,인사부,교육팀,3,사원,팀원,1,,,hamjisu.3@nate.com,010-1456-1938,서울시 강동구 천호동,35000000,11,4,농협은행,351-4288-0592-29,가입,75,,,,C,B,,731,비해당,,,
EMP0769,남태호,남,41,1986-12-28,861228-1613682,군필,2009-04-09,17,전문대졸,인하공업전문대학,2.5,인턴전환,정규직,,,,두리안정보기술,서울 여의도,개발부,프론트팀,1,부장,팀원,2,,,namtaeho54@gmail.com,010-6326-6976,서울시 영등포구 여의도동,96800000,13,1,신한은행,110-564-813219,가입,87,B,A,B,B,B,,,비해당,,,
EMP0770,강수진,여,35,1992-10-08,921008-2523719,해당없음,2019-05-02,7,대학원졸,한국외국어대학교,3,공채,정규직,,,,두리안정보기술,경기 판교,인사부,교육팀,3,대리,팀원,1,,,kangsujin@hanmail.net,010-7354-8964,경기도 수원시 영통구 매탄동,44000000,19,2,기업은행,030-46-773782,가입,72,B,C,B,B,B,정보보안기사,,해당,,,
EMP0771,곽채영,여,39,1988-12-07,881207-2215968,해당없음,2015-10-14,10,대졸,서울대학교,3.4,추천,계약직,,,,두리안정보기술,서울 강남,기획부,사업기획팀,1,과장,팀원,1,,,kwakchaeyoung83@naver.com,010-8646-1278,경기도 성남시 분당구 정자동,49000000,24,3,하나은행,181-951820-5653,미가입,77,B,C,C,B,B,SQLD,644,해당,,,
EMP0772,지민지,여,30,1997-03-06,970306-2267087,해당없음,2025-07-26,0,전문대졸,영진전문대학교,2.8,추천,계약직,,,,두리안정보기술,경기 판교,개발부,인프라팀,1,사원,팀원,1,,,jiminji77@daum.net,010-7241-4391,서울시 용산구 이태원동,36300000,8,6,토스뱅크,100-7831-7736,가입,60,,,,,,정보처리기사,,해당,,,
EMP0773,엄우진,남,33,1994-09-23,940923-1607958,미필,2023-02-18,3,전문대졸,경북전문대학교,3.5,공채,정규직,,,,두리안정보기술,서울 여의도,개발부,프론트팀,1,대리,팀원,1,,,umwoojin.7@daum.net,010-8866-3870,경기도 성남시 분당구 정자동,44000000,22,12,기업은행,020-39-821465,미가입,74,,,,B,D,SQLD,976,해당,,,
EMP0774,진민재,남,30,1997-05-11,970511-1534688,군필,2024-10-17,1,대졸,충남대학교,3.6,공채,계약직,,,,두리안정보기술,서울 여의도,인사부,채용팀,3,사원,팀원,1,,,jinminjae16@hanmail.net,010-8451-2009,서울시 강서구 마곡동,30000000,18,10,국민은행,051557-11-092846,가입,63,,,,,D,,,비해당,MVP,,
EMP0775,장성호,남,29,1998-09-20,980920-1944057,면제,2021-10-10,4,대졸,한국외국어대학교,3.3,경력,계약직,LG전자,과장,프론트엔드개발,두리안정보기술,경기 판교,기획부,사업기획팀,1,대리,팀원,1,,,jangsungho.5@daum.net,010-5857-4108,서울시 송파구 문정동,39000000,11,8,농협은행,301-7840-6239-17,가입,78,,B,B,B,B,정보보안기사,961,해당,,,
EMP0776,남채영,여,33,1994-09-18,940918-2893368,해당없음,2023-12-08,2,고졸,,,공채,정규직,,,,두리안정보기술,경기 판교,영업부,해외영업팀,1,대리,팀원,1,,,namchaeyoung21@gmail.com,010-7800-7272,서울시 서초구 서초동,44000000,16,3,신한은행,100-862-613165,가입,68,,,,C,D,,,비해당,,,
EMP0777,지소희,여,27,2000-09-02,000902-4479162,해당없음,2023-09-16,2,대학원졸,경희대학교,3.9,경력,계약직,포스코,사원,프론트엔드개발,두리안정보기술,서울 여의도,인사부,채용팀,3,대리,팀원,1,,,jisohee_kr@kakao.com,010-5702-4175,경기도 고양시 일산동구 장항동,45000000,17,14,우리은행,1002-299-388000,가입,68,,,,D,C,,896,비해당,,,
EMP0778,노채영,여,29,1998-08-07,980807-2243233,해당없음,2024-07-27,1,대학원졸,중앙대학교,3.4,공채,정규직,,,,두리안정보기술,서울 강남,개발부,인프라팀,1,사원,팀원,1,,,nohchaeyoung41@hanmail.net,010-6370-9448,서울시 강남구 삼성동,36300000,11,4,기업은행,030-40-449972,가입,73,,,,,C,,563,비해당,공로상,,
EMP0779,김하린,여,57,1970-06-20,700620-2767132,해당없음,1995-02-27,31,대졸,서울대학교,3.9,공채,정규직,,,,두리안정보기술,경기 판교,개발부,,1,이사,본부장,3,,,kimharin_kr@hanmail.net,010-7192-9156,서울시 강남구 논현동,169400000,9,8,토스뱅크,100-8224-7484,가입,99,A,S,S,S,S,리눅스마스터,,해당,,,
EMP0780,임하준,남,24,2003-11-18,031118-3684918,군필,2026-05-05,0,전문대졸,명지전문대학,3.9,공채,계약직,,,,두리안정보기술,서울 강남,인사부,교육팀,3,사원,팀원,1,,,limhajun_973@nate.com,010-9578-6245,서울시 강남구 논현동,34000000,15,14,기업은행,020-87-558867,가입,73,,,,,,정보처리기사,,해당,,,
EMP0781,함재원,남,27,2000-08-18,000818-3634097,군필,2023-10-27,2,대졸,한국외국어대학교,2.5,경력,계약직,KT,대리,프로젝트관리,두리안정보기술,서울 여의도,기획부,사업기획팀,1,사원,팀원,1,권고사직,2025-12-17,hamjaewon.2@naver.com,010-3208-1546,서울시 송파구 잠실동,33000000,5,14,국민은행,031168-39-107685,가입,70,,,,B,C,정보보안기사,614,해당,,,
EMP0782,임준서,남,36,1991-01-12,910112-1371333,군필,2014-08-09,11,대졸,홍익대학교,2.5,추천,정규직,,,,두리안정보기술,서울 여의도,기획부,전략기획팀,1,과장,팀원,1,,,limjunseo@kakao.com,010-5922-5868,경기도 성남시 분당구 정자동,56000000,19,9,신한은행,140-893-799935,가입,85,C,B,B,B,A,리눅스마스터,,해당,,,
EMP0783,홍지후,남,47,1980-09-12,800912-1371766,군필,2011-12-04,14,대졸,가천대학교,3.7,경력,계약직,네이버,차장,재무회계,두리안정보기술,서울 강남,개발부,백엔드팀,1,부장,팀원,2,,,hongjihoo50@gmail.com,010-5073-5902,서울시 노원구 상계동,85800000,17,1,농협은행,302-1440-0357-16,미가입,93,A,A,A,S,A,리눅스마스터,607,해당,,,
EMP0784,서지원,여,26,2001-06-05,010605-4821441,해당없음,2025-05-20,0,대졸,서울대학교,3.8,인턴전환,계약직,,,,두리안정보기술,경기 판교,영업부,해외영업팀,1,사원,팀원,1,,,seojiwon62@naver.com,010-6644-5572,경기도 성남시 분당구 판교동,34000000,14,8,토스뱅크,100-2481-0202,가입,74,,,,,,AWS Solutions Architect,693,해당,MVP,,
EMP0785,현윤서,여,35,1992-04-04,920404-2391718,해당없음,2023-10-28,2,대졸,숙명여자대학교,3.7,공채,정규직,,,,두리안정보기술,서울 여의도,인사부,채용팀,3,대리,팀원,1,,,hyunyunseo69@gmail.com,010-4805-6687,서울시 은평구 불광동,47000000,18,10,우리은행,1006-004-905824,가입,73,,,,C,C,컴퓨터활용능력1급,,해당,팀워크상,,
EMP0786,이도현,남,26,2001-06-22,010622-3818507,미필,2024-08-07,1,대졸,이화여자대학교,3,추천,정규직,,,,두리안정보기술,서울 강남,기획부,전략기획팀,1,사원,팀원,1,,,leedohyun.9@nate.com,010-5742-7472,서울시 강서구 마곡동,34000000,8,5,카카오뱅크,333-66-1033506,가입,60,,,,,C,정보보안기사,820,해당,,,
EMP0787,배건우,남,30,1997-09-10,970910-1994680,군필,2025-04-01,1,대학원졸,단국대학교,4,추천,정규직,,,,두리안정보기술,서울 여의도,개발부,백엔드팀,1,사원,팀원,1,,,baegunwoo_162@kakao.com,010-8070-3931,서울시 서초구 방배동,39600000,18,7,하나은행,111-328066-6417,가입,61,,,,,,,,비해당,,,
EMP0788,양지수,여,28,1999-11-11,991111-2118441,해당없음,2022-01-18,4,전문대졸,경북전문대학교,2.6,인턴전환,정규직,,,,두리안정보기술,경기 판교,기획부,사업기획팀,1,대리,팀원,1,,,yangjisu_kr@daum.net,010-2189-1391,서울시 영등포구 여의도동,45000000,17,10,국민은행,605128-98-479470,가입,76,,,B,B,B,,699,비해당,,,
EMP0789,나지영,여,39,1988-04-28,880428-2790780,해당없음,2018-06-16,7,대졸,전북대학교,2.7,인턴전환,정규직,,,,두리안정보기술,경기 판교,개발부,인프라팀,1,과장,팀원,1,,,najiyoung.5@daum.net,010-4833-4643,서울시 마포구 합정동,55000000,23,0,하나은행,162-976639-4102,가입,84,B,B,B,A,B,AWS Solutions Architect,,해당,,,
EMP0790,노주원,남,34,1993-05-24,930524-1896124,군필,2019-06-12,6,대졸,중앙대학교,2.7,경력,정규직,포스코,사원,인사관리,두리안정보기술,서울 여의도,인사부,채용팀,3,대리,팀원,1,,,nohjuwon_867@gmail.com,010-5047-3765,서울시 노원구 상계동,39000000,17,4,우리은행,1005-073-167805,가입,75,B,B,B,C,C,AWS Solutions Architect,720,해당,,,
EMP0791,공준우,남,35,1992-03-26,920326-1160005,군필,2016-07-27,9,대학원졸,성균관대학교,3.2,경력,정규직,KT,과장,데이터분석,두리안정보기술,서울 여의도,기획부,전략기획팀,1,과장,팀원,1,,,kongjunwoo_work@gmail.com,010-3052-4463,서울시 강서구 마곡동,51000000,28,15,기업은행,020-33-963605,가입,82,A,B,B,C,B,리눅스마스터,,해당,,감봉,지각반복
EMP0792,한지민,여,24,2003-05-16,030516-4496739,해당없음,2026-05-10,0,대졸,아주대학교,3.2,공채,계약직,,,,두리안정보기술,경기 판교,기획부,전략기획팀,1,사원,팀원,1,,,hanjimin@kakao.com,010-5314-2696,서울시 서초구 방배동,33000000,11,14,국민은행,313035-34-346459,가입,60,,,,,,ADsP,,해당,,,
EMP0793,차하준,남,31,1996-10-07,961007-1798812,군필,2019-07-17,6,대학원졸,중앙대학교,2.5,인턴전환,정규직,,,,두리안정보기술,서울 강남,인사부,교육팀,3,과장,팀원,1,,,chahajun_635@daum.net,010-2098-5071,서울시 용산구 이태원동,56000000,24,12,기업은행,030-76-627028,가입,77,B,B,C,B,D,,648,비해당,,,
EMP0794,노성민,남,29,1998-10-08,981008-1862853,군필,2021-09-08,4,대학원졸,한양대학교,3.6,경력,계약직,포스코,과장,영업관리,두리안정보기술,서울 여의도,인사부,교육팀,3,대리,팀원,1,,,nohsungmin83@hanmail.net,010-2111-6079,서울시 노원구 상계동,38000000,13,14,우리은행,1002-958-129136,가입,82,,B,B,B,B,,,비해당,,,
EMP0795,고아름,여,38,1989-02-25,890225-2627286,해당없음,2019-10-13,6,대졸,가천대학교,3.3,추천,계약직,,,,두리안정보기술,경기 판교,인사부,교육팀,3,과장,팀원,1,,,koareum83@daum.net,010-9295-8579,서울시 마포구 상암동,48000000,28,2,신한은행,140-678-556791,가입,81,B,B,B,B,B,,,비해당,공로상,,
EMP0796,백민재,남,28,1999-09-28,990928-1370799,미필,2023-01-09,3,대졸,가천대학교,3.9,공채,정규직,,,,두리안정보기술,서울 강남,마케팅부,브랜드팀,1,대리,팀원,1,,,baekminjae.6@daum.net,010-7027-4167,서울시 강서구 마곡동,43000000,19,0,우리은행,1006-354-210838,미가입,80,,,,B,A,,,비해당,,,
EMP0797,최선우,남,31,1996-09-11,960911-1427521,군필,2023-04-04,3,대졸,부산대학교,3.7,추천,정규직,,,,두리안정보기술,서울 여의도,기획부,사업기획팀,1,사원,팀원,1,,,choisunwoo.9@nate.com,010-6409-6005,서울시 서초구 방배동,35000000,12,5,농협은행,302-3538-4396-28,가입,75,,,,B,C,ADsP,523,해당,우수사원상,,
EMP0798,신나은,여,36,1991-12-20,911220-2162744,해당없음,2018-08-19,7,대학원졸,국민대학교,3.5,추천,정규직,,,,두리안정보기술,서울 강남,영업부,국내영업팀,1,대리,팀원,1,,,shinnaeun65@gmail.com,010-6305-4195,서울시 은평구 불광동,40000000,13,11,카카오뱅크,333-22-5090649,가입,72,C,B,B,B,B,,,비해당,,,
EMP0799,함하준,남,35,1992-05-02,920502-1287116,군필,2019-12-01,6,대졸,연세대학교,2.8,공채,계약직,,,,두리안정보기술,서울 여의도,영업부,해외영업팀,1,과장,팀원,1,정년퇴직,2024-08-15,hamhajun89@kakao.com,010-7671-8567,서울시 은평구 불광동,50000000,20,0,우리은행,1005-666-523186,가입,83,B,A,B,A,B,리눅스마스터,,해당,,,
EMP0800,한재원,남,26,2001-02-13,010213-3349097,군필,2024-05-08,2,대졸,한양대학교,2.9,추천,정규직,,,,두리안정보기술,서울 강남,기획부,전략기획팀,1,사원,팀원,1,,,hanjaewon29@kakao.com,010-8193-8134,서울시 은평구 불광동,33000000,5,7,국민은행,894116-24-239113,가입,75,,,,,D,,964,비해당,팀워크상,경고,복무규정위반
EMP0801,류서연,여,30,1997-05-06,970506-2687297,해당없음,2020-11-06,5,대졸,전남대학교,3,경력,계약직,포스코,차장,프론트엔드개발,두리안정보기술,경기 판교,개발부,인프라팀,1,대리,팀원,1,,,ryuseoyeon48@gmail.com,010-8216-1182,서울시 노원구 상계동,52800000,14,10,토스뱅크,100-0854-6960,가입,79,D,C,B,B,C,SQLD,897,해당,,,
EMP0802,노서연,여,29,1998-09-13,980913-2891978,해당없음,2021-06-02,4,대졸,서강대학교,3,경력,계약직,KT,차장,데이터분석,두리안정보기술,경기 판교,마케팅부,브랜드팀,1,대리,팀원,1,,,nohseoyeon.5@daum.net,010-4569-2096,서울시 마포구 상암동,46000000,21,2,기업은행,030-51-718702,가입,79,,B,C,B,B,,544,비해당,,,
EMP0803,서나은,여,51,1976-01-22,760122-2102528,해당없음,2001-09-21,24,대졸,충남대학교,2.7,경력,정규직,쿠팡,사원,재무회계,두리안정보기술,서울 강남,기획부,전략기획팀,1,부장,팀원,2,,,seonaeun.9@daum.net,010-1713-5113,서울시 송파구 잠실동,102000000,12,3,농협은행,302-6131-5356-84,가입,96,S,S,S,S,S,컴퓨터활용능력1급,,해당,,정직,업무태만
EMP0804,함수빈,여,41,1986-12-04,861204-2332108,해당없음,2014-11-24,11,대학원졸,가천대학교,2.5,경력,정규직,포스코,사원,인사관리,두리안정보기술,경기 판교,인사부,교육팀,3,과장,팀원,1,자발적퇴직,2019-07-11,hamsubin76@naver.com,010-2122-2592,서울시 영등포구 여의도동,60000000,28,13,국민은행,754140-91-735171,가입,82,B,C,B,B,B,,,비해당,,,
EMP0805,주수빈,여,27,2000-03-10,000310-4988390,해당없음,2023-11-03,2,대졸,동국대학교,2.7,공채,정규직,,,,두리안정보기술,서울 강남,마케팅부,브랜드팀,1,대리,팀원,1,,,jusubin20@daum.net,010-7836-6799,경기도 성남시 분당구 판교동,44000000,16,4,기업은행,020-21-745961,가입,68,,,,D,C,,961,비해당,,,
EMP0806,현준혁,남,32,1995-02-07,950207-1679426,군필,2020-09-21,5,전문대졸,인하공업전문대학,3.9,경력,계약직,카카오,사원,재무회계,두리안정보기술,경기 판교,영업부,해외영업팀,1,대리,팀원,1,,,hyunjunhyuk_kr@kakao.com,010-5117-6252,경기도 수원시 영통구 매탄동,38000000,16,3,농협은행,302-8535-6643-97,가입,76,C,C,B,B,B,AWS Solutions Architect,,해당,공로상,,
EMP0807,윤예은,여,47,1980-10-08,801008-2534935,해당없음,2003-09-07,22,대졸,숭실대학교,3.5,인턴전환,정규직,,,,두리안정보기술,경기 판교,개발부,AI팀,1,부장,팀원,2,,,yoonyeeun18@naver.com,010-8700-6578,서울시 송파구 잠실동,119900000,15,5,우리은행,1002-128-477197,가입,94,B,A,S,A,B,,813,비해당,,,
EMP0808,윤보미,여,29,1998-09-27,980927-2395566,해당없음,2024-11-16,1,대졸,부산대학교,3.8,공채,정규직,,,,두리안정보기술,경기 판교,인사부,채용팀,3,사원,팀원,1,,,yoonbomi.2@kakao.com,010-7995-8678,경기도 고양시 일산동구 장항동,30000000,14,0,국민은행,942720-66-503731,가입,62,,,,,D,리눅스마스터,,해당,,,
EMP0809,허승환,남,43,1984-11-21,841121-1249387,군필,2012-08-16,13,대졸,서울대학교,2.5,인턴전환,정규직,,,,두리안정보기술,서울 여의도,개발부,백엔드팀,1,차장,팀원,2,,,heoseunghwan_dev@kakao.com,010-8813-8389,서울시 마포구 상암동,68200000,20,7,토스뱅크,100-9744-4423,가입,81,B,B,B,A,B,,,비해당,,,
EMP0810,남예원,여,34,1993-03-04,930304-2756255,해당없음,2018-06-02,7,대졸,성균관대학교,3.3,인턴전환,정규직,,,,두리안정보기술,경기 판교,기획부,사업기획팀,1,대리,팀원,1,,,namyewon.4@naver.com,010-9621-6576,서울시 송파구 잠실동,48000000,15,14,국민은행,019456-45-755364,가입,77,C,B,D,C,B,,901,비해당,팀워크상,,
EMP0811,진예준,남,29,1998-07-23,980723-1340812,군필,2024-07-03,1,대졸,아주대학교,3.3,추천,정규직,,,,두리안정보기술,서울 강남,기획부,사업기획팀,1,사원,팀원,1,,,jinyejun37@hanmail.net,010-7922-3255,서울시 은평구 불광동,37000000,15,2,카카오뱅크,333-40-9373606,가입,61,,,,,C,AWS Solutions Architect,,해당,팀워크상,,
EMP0812,하성준,남,32,1995-08-22,950822-1692510,군필,2021-10-20,4,대졸,인하대학교,3.7,경력,계약직,포스코,사원,백엔드개발,두리안정보기술,서울 강남,기획부,전략기획팀,1,대리,팀원,1,,,hasungjun_kr@hanmail.net,010-8925-4004,서울시 송파구 문정동,45000000,17,0,국민은행,113785-42-554041,가입,71,,C,B,C,C,정보보안기사,943,해당,,,
EMP0813,지현우,남,41,1986-12-19,861219-1323006,군필,2015-05-24,10,전문대졸,인하공업전문대학,3.8,경력,정규직,롯데그룹,사원,프로젝트관리,두리안정보기술,서울 여의도,마케팅부,브랜드팀,1,과장,팀원,1,,,jihyunwoo_work@gmail.com,010-4388-2140,서울시 강남구 역삼동,54000000,29,4,우리은행,1005-199-812874,가입,86,B,B,A,B,B,,845,비해당,,,
EMP0814,천하영,여,40,1987-08-16,870816-2508995,해당없음,2020-05-01,6,대졸,국민대학교,3.2,공채,계약직,,,,두리안정보기술,서울 여의도,인사부,채용팀,3,과장,팀원,1,,,chunhayoung_151@kakao.com,010-7090-3365,서울시 노원구 상계동,49000000,26,7,카카오뱅크,333-38-9423575,가입,84,B,B,A,A,B,SQLD,,해당,,,
EMP0815,성은별,여,47,1980-12-01,801201-2449957,해당없음,2004-04-11,22,대졸,동국대학교,3.5,경력,계약직,롯데그룹,차장,마케팅기획,두리안정보기술,서울 여의도,기획부,전략기획팀,1,부장,팀원,2,,,sungeunbyul75@nate.com,010-6519-7442,서울시 은평구 불광동,90000000,16,7,카카오뱅크,333-93-6196366,가입,86,B,C,B,B,B,리눅스마스터,793,해당,,,
EMP0816,이예준,남,42,1985-12-04,851204-1535804,미필,2013-07-05,12,전문대졸,인하공업전문대학,2.6,인턴전환,정규직,,,,두리안정보기술,경기 판교,개발부,AI팀,1,차장,팀원,2,,,leeyejun84@kakao.com,010-8549-8681,서울시 강남구 삼성동,79200000,17,5,국민은행,151640-87-753678,가입,85,A,A,B,C,B,ADsP,,해당,,,
EMP0817,양수빈,여,40,1987-01-16,870116-2894657,해당없음,2016-12-25,9,대졸,건국대학교,2.9,인턴전환,정규직,,,,두리안정보기술,서울 여의도,인사부,교육팀,3,과장,팀원,1,,,yangsubin.2@daum.net,010-3830-7134,서울시 강남구 논현동,49000000,19,15,토스뱅크,100-9743-9933,가입,79,B,B,C,C,D,,917,비해당,,경고,지각반복
EMP0818,백하린,여,37,1990-09-20,900920-2652762,해당없음,2015-06-11,10,고졸,,,인턴전환,계약직,,,,두리안정보기술,서울 여의도,인사부,채용팀,3,과장,팀원,1,,,baekharin_922@kakao.com,010-9622-6075,경기도 성남시 분당구 판교동,50000000,19,6,국민은행,641100-88-416418,가입,79,B,C,B,C,C,,,비해당,,,
EMP0819,백나은,여,41,1986-11-05,861105-2772923,해당없음,2011-01-15,15,대졸,가천대학교,4,공채,계약직,,,,두리안정보기술,경기 판교,인사부,채용팀,3,차장,팀원,2,,,baeknaeun.2@naver.com,010-8316-9706,경기도 수원시 영통구 매탄동,68000000,22,15,국민은행,758562-10-477906,가입,87,B,B,B,B,B,정보보안기사,833,해당,우수사원상,,
EMP0820,손다은,여,31,1996-04-08,960408-2622963,해당없음,2020-06-08,5,대졸,중앙대학교,4,추천,정규직,,,,두리안정보기술,경기 판교,마케팅부,브랜드팀,1,대리,팀원,1,,,sondaeun42@daum.net,010-1063-5136,경기도 성남시 분당구 판교동,42000000,14,1,토스뱅크,100-9229-3900,가입,78,B,B,B,C,B,정보처리기사,748,해당,,,
EMP0821,현준혁,남,31,1996-10-03,961003-1630542,군필,2022-07-06,3,대졸,세종대학교,2.5,추천,정규직,,,,두리안정보기술,서울 여의도,영업부,해외영업팀,1,사원,팀원,1,,,hyunjunhyuk_kr@daum.net,010-5324-7394,서울시 강남구 논현동,34000000,15,14,기업은행,020-86-578091,가입,71,,,C,B,D,ADsP,,해당,,,
EMP0822,황아름,여,29,1998-08-16,980816-2989552,해당없음,2021-08-09,4,대졸,동국대학교,2.7,공채,정규직,,,,두리안정보기술,경기 판교,영업부,국내영업팀,1,대리,팀원,1,,,hwangareum.6@gmail.com,010-6237-5696,서울시 노원구 상계동,45000000,12,1,토스뱅크,100-6875-4308,가입,73,,B,D,C,B,,691,비해당,,,
EMP0823,유우진,남,32,1995-01-11,950111-1595247,군필,2019-06-10,6,대졸,서강대학교,3.1,인턴전환,정규직,,,,두리안정보기술,경기 판교,개발부,프론트팀,1,대리,팀원,1,,,yoowoojin21@hanmail.net,010-9029-9008,경기도 용인시 기흥구 영덕동,51700000,19,12,토스뱅크,100-6088-2136,가입,68,C,C,B,C,C,정보보안기사,,해당,,,
EMP0824,나채영,여,41,1986-12-26,861226-2773800,해당없음,2014-09-05,11,대졸,경희대학교,3.2,추천,정규직,,,,두리안정보기술,경기 판교,인사부,교육팀,3,과장,팀원,1,,,nachaeyoung_821@hanmail.net,010-1445-2338,서울시 강남구 역삼동,55000000,22,1,하나은행,162-535274-4201,가입,79,B,B,B,D,B,,,비해당,,,
EMP0825,민소희,여,43,1984-03-15,840315-2924730,해당없음,2009-07-12,16,대학원졸,고려대학교,3.5,인턴전환,계약직,,,,두리안정보기술,경기 판교,영업부,해외영업팀,1,부장,팀원,2,,,minsohee.4@gmail.com,010-6973-4207,서울시 은평구 불광동,80000000,12,9,카카오뱅크,333-60-6711045,가입,90,S,S,A,A,A,컴퓨터활용능력1급,,해당,,,
EMP0826,민채영,여,30,1997-10-12,971012-2217062,해당없음,2022-04-28,4,대졸,서강대학교,3.1,공채,정규직,,,,두리안정보기술,서울 강남,마케팅부,디지털마케팅팀,1,사원,팀원,1,,,minchaeyoung70@naver.com,010-1041-7981,서울시 마포구 합정동,30000000,16,5,우리은행,1002-213-023996,가입,78,,,B,B,B,정보보안기사,791,해당,,,
EMP0827,곽태양,남,34,1993-05-22,930522-1950273,군필,2020-07-18,5,고졸,,,공채,정규직,,,,두리안정보기술,서울 강남,인사부,교육팀,3,과장,팀원,1,,,kwaktaeyang_dev@gmail.com,010-3930-6377,경기도 수원시 영통구 매탄동,56000000,23,14,카카오뱅크,333-67-6082254,가입,85,B,B,B,A,B,리눅스마스터,,해당,,,
EMP0828,이민석,남,32,1995-04-11,950411-1190167,군필,2019-08-05,6,대졸,명지대학교,3.4,추천,정규직,,,,두리안정보기술,서울 강남,기획부,사업기획팀,1,대리,팀원,1,자발적퇴직,2022-04-22,leeminseok56@nate.com,010-5513-8216,경기도 용인시 기흥구 영덕동,45000000,20,12,신한은행,100-065-393428,가입,79,C,C,C,B,C,정보처리기사,560,해당,,,
EMP0829,박지우,여,28,1999-01-21,990121-2926813,해당없음,2024-09-10,1,대졸,이화여자대학교,3.1,공채,계약직,,,,두리안정보기술,서울 강남,기획부,전략기획팀,1,사원,팀원,1,,,parkjiwoo@daum.net,010-6328-9355,서울시 서초구 서초동,38000000,8,6,국민은행,296823-54-782681,가입,77,,,,,B,,,비해당,,,
EMP0830,박수연,여,44,1983-05-28,830528-2537380,해당없음,2008-06-03,17,대학원졸,강원대학교,3.1,추천,계약직,,,,두리안정보기술,경기 판교,영업부,해외영업팀,1,부장,팀원,2,,,parksuyeon39@hanmail.net,010-9224-8337,서울시 마포구 합정동,80000000,14,3,국민은행,701535-80-946323,가입,87,B,B,C,C,B,,,비해당,,,
EMP0831,노민준,남,44,1983-09-18,830918-1513833,군필,2015-07-14,10,대학원졸,한국외국어대학교,3.1,인턴전환,정규직,,,,두리안정보기술,서울 여의도,인사부,채용팀,3,차장,팀원,2,,,nohminjun_work@gmail.com,010-1981-9283,인천시 부평구 부평동,61000000,17,11,신한은행,180-655-630752,가입,90,A,A,A,A,A,정보보안기사,555,해당,MVP,,
EMP0832,윤하은,여,27,2000-08-04,000804-4487040,해당없음,2025-06-25,0,대졸,성균관대학교,3.8,인턴전환,정규직,,,,두리안정보기술,경기 판교,개발부,AI팀,1,사원,팀원,1,,,yoonhaeun@hanmail.net,010-9290-8947,서울시 영등포구 여의도동,39600000,6,3,토스뱅크,100-6149-3378,가입,78,,,,,,AWS Solutions Architect,905,해당,,,
EMP0833,이재현,남,27,2000-07-11,000711-3956954,군필,2023-04-20,3,대졸,국민대학교,2.5,추천,계약직,,,,두리안정보기술,서울 강남,영업부,국내영업팀,1,사원,팀원,1,,,leejaehyun_work@gmail.com,010-1145-6760,서울시 송파구 문정동,32000000,16,2,신한은행,100-146-217359,가입,64,,,,D,D,AWS Solutions Architect,674,해당,,,
EMP0834,나태양,남,49,1978-06-13,780613-1573224,군필,2001-06-01,24,대졸,인하대학교,3.5,인턴전환,정규직,,,,두리안정보기술,서울 강남,기획부,사업기획팀,1,부장,팀원,2,,,nataeyang@kakao.com,010-6500-9300,경기도 성남시 분당구 정자동,117000000,11,13,국민은행,446827-92-944869,가입,90,S,A,B,A,A,SQLD,,해당,,,
EMP0835,우정우,남,53,1974-12-15,741215-1446380,군필,1998-08-21,27,대졸,광운대학교,2.9,인턴전환,정규직,,,,두리안정보기술,경기 판교,기획부,,1,이사,팀원,3,,,woojungwoo_613@gmail.com,010-7501-3022,서울시 마포구 합정동,109000000,14,14,하나은행,111-411872-2306,가입,94,A,S,S,B,A,,,비해당,,,
EMP0836,심재원,남,36,1991-01-07,910107-1873432,미필,2014-04-10,12,대졸,성균관대학교,3.7,인턴전환,정규직,,,,두리안정보기술,경기 판교,기획부,전략기획팀,1,차장,팀원,2,,,shimjaewon.8@gmail.com,010-6889-8941,서울시 송파구 잠실동,68000000,18,3,신한은행,110-441-408176,가입,79,B,C,B,B,C,,,비해당,,,
EMP0837,강지수,여,32,1995-07-01,950701-2772371,해당없음,2020-11-13,5,대졸,경희대학교,3.1,인턴전환,정규직,,,,두리안정보기술,서울 여의도,마케팅부,디지털마케팅팀,1,과장,팀원,1,,,kangjisu44@hanmail.net,010-5736-1543,서울시 강남구 논현동,56000000,30,7,카카오뱅크,333-79-4874436,가입,86,B,A,B,B,C,,900,비해당,,,
EMP0838,심유진,여,38,1989-03-23,890323-2156535,해당없음,2015-01-13,11,전문대졸,명지전문대학,2.8,인턴전환,계약직,,,,두리안정보기술,서울 강남,기획부,전략기획팀,1,과장,팀원,1,,,shimyujin.1@naver.com,010-1428-1852,서울시 용산구 이태원동,57000000,19,6,카카오뱅크,333-54-5800713,미가입,78,B,B,C,C,B,,521,비해당,,,
EMP0839,오소연,여,31,1996-11-10,961110-2986840,해당없음,2025-11-06,0,대졸,충남대학교,2.6,경력,정규직,SK하이닉스,사원,인사관리,두리안정보기술,경기 판교,영업부,해외영업팀,1,사원,팀원,1,,,ohsoyeon74@daum.net,010-6914-5395,서울시 강서구 마곡동,37000000,12,9,우리은행,1006-395-199875,가입,71,,,,,,SQLD,843,해당,,,
EMP0840,최태호,남,45,1982-07-07,820707-1932149,군필,2014-12-09,11,대학원졸,숭실대학교,4,인턴전환,정규직,,,,두리안정보기술,서울 강남,마케팅부,디지털마케팅팀,1,차장,팀원,2,,,choitaeho_dev@nate.com,010-7891-7889,서울시 송파구 문정동,66000000,20,0,농협은행,356-6202-3093-22,가입,87,B,B,C,B,B,정보처리기사,,해당,공로상,,
EMP0841,윤예준,남,28,1999-10-22,991022-1570682,군필,2023-01-03,3,대졸,이화여자대학교,4,경력,정규직,KT,대리,프론트엔드개발,두리안정보기술,경기 판교,인사부,교육팀,3,사원,팀원,1,,,yoonyejun41@hanmail.net,010-6930-1472,경기도 수원시 영통구 매탄동,33000000,14,9,카카오뱅크,333-07-3610996,가입,78,,,,B,D,,,비해당,,감봉,지각반복
EMP0842,구민준,남,29,1998-04-21,980421-1409175,군필,2023-08-26,2,대졸,전남대학교,2.6,인턴전환,정규직,,,,두리안정보기술,서울 강남,인사부,교육팀,3,사원,팀원,1,,,koominjun.5@gmail.com,010-7016-8713,서울시 강남구 논현동,35000000,8,14,우리은행,1006-523-517697,가입,71,,,,C,C,SQLD,712,해당,,,
EMP0843,고다은,여,26,2001-10-28,011028-4420186,해당없음,2024-11-20,1,대졸,건국대학교,3.3,인턴전환,계약직,,,,두리안정보기술,서울 여의도,영업부,국내영업팀,1,사원,팀원,1,,,kodaeun@gmail.com,010-1008-7715,서울시 은평구 불광동,37000000,12,2,신한은행,100-266-084233,가입,66,,,,,C,,649,비해당,,,
EMP0844,전지수,여,36,1991-01-07,910107-2577182,해당없음,2014-08-24,11,대학원졸,명지대학교,3.9,공채,정규직,,,,두리안정보기술,서울 강남,개발부,백엔드팀,1,차장,팀원,2,,,jeonjisu@gmail.com,010-1502-2042,경기도 고양시 일산동구 장항동,70400000,15,10,신한은행,100-682-713884,가입,81,B,B,B,B,B,SQLD,,해당,,,
EMP0845,지재민,남,29,1998-12-28,981228-1775514,군필,2021-12-02,4,대학원졸,부산대학교,3.1,공채,계약직,,,,두리안정보기술,서울 강남,기획부,전략기획팀,1,대리,팀원,1,,,jijaemin_532@hanmail.net,010-6696-2602,경기도 용인시 기흥구 영덕동,45000000,14,2,우리은행,1005-027-195388,미가입,72,,B,B,B,C,,,비해당,공로상,,
EMP0846,민지아,여,31,1996-06-05,960605-2878913,해당없음,2019-07-13,6,대학원졸,숭실대학교,3.6,경력,정규직,쿠팡,과장,인사관리,두리안정보기술,서울 여의도,마케팅부,브랜드팀,1,대리,팀원,1,,,minjia.8@kakao.com,010-6263-8419,서울시 은평구 불광동,39000000,20,0,국민은행,581646-03-845698,가입,71,C,C,C,C,C,,614,비해당,,,
EMP0847,윤승준,남,55,1972-02-23,720223-1947931,군필,2003-01-09,23,대졸,아주대학교,3.8,인턴전환,계약직,,,,두리안정보기술,경기 판교,영업부,해외영업팀,1,부장,팀원,2,,,yoonseungjun1@nate.com,010-2893-9492,서울시 용산구 이태원동,110000000,13,8,하나은행,181-564795-5813,가입,88,B,A,A,A,A,정보보안기사,986,해당,,,
EMP0848,차아름,여,48,1979-12-20,791220-2766315,해당없음,2007-11-01,18,대졸,숭실대학교,3.4,공채,정규직,,,,두리안정보기술,서울 여의도,인사부,채용팀,3,부장,팀원,2,,,chaareum.8@nate.com,010-1424-9364,경기도 수원시 영통구 매탄동,86000000,13,11,우리은행,1006-887-064025,가입,91,A,S,S,A,A,,,비해당,,,
EMP0849,배도현,남,25,2002-02-15,020215-3392834,군필,2026-03-22,0,대졸,경북대학교,2.8,경력,정규직,쿠팡,차장,프로젝트관리,두리안정보기술,서울 강남,기획부,전략기획팀,1,사원,팀원,1,,,baedohyun_306@nate.com,010-9029-5167,서울시 마포구 상암동,35000000,12,6,우리은행,1002-336-017802,가입,75,,,,,,ADsP,,해당,,,
EMP0850,엄재원,남,43,1984-03-02,840302-1822560,군필,2011-10-09,14,대졸,한양대학교,2.6,추천,계약직,,,,두리안정보기술,서울 여의도,기획부,전략기획팀,1,부장,팀원,2,,,umjaewon72@hanmail.net,010-6705-8435,서울시 서초구 방배동,89000000,19,7,기업은행,010-43-161172,미가입,91,A,A,B,A,A,,,비해당,,,
EMP0851,곽하준,남,28,1999-02-08,990208-1278814,군필,2022-10-05,3,대학원졸,국민대학교,2.9,공채,정규직,,,,두리안정보기술,서울 강남,개발부,백엔드팀,1,대리,팀원,1,,,kwakhajun14@naver.com,010-9580-6271,경기도 성남시 분당구 판교동,47300000,12,5,토스뱅크,100-2199-3077,가입,72,,,B,B,D,,,비해당,,,
EMP0852,함동현,남,30,1997-08-01,970801-1383070,군필,2020-02-08,6,고졸,,,추천,정규직,,,,두리안정보기술,서울 여의도,영업부,해외영업팀,1,대리,팀원,1,,,hamdonghyun_753@hanmail.net,010-3020-2568,서울시 송파구 잠실동,46000000,18,6,신한은행,100-184-908768,가입,68,B,C,C,B,C,SQLD,,해당,MVP,,
EMP0853,유예준,남,40,1987-05-27,870527-1864579,군필,2012-07-06,13,고졸,,,공채,정규직,,,,두리안정보기술,서울 강남,영업부,해외영업팀,1,차장,팀원,2,권고사직,2021-06-30,yooyejun55@gmail.com,010-7080-7982,서울시 강동구 천호동,65000000,22,5,우리은행,1002-510-022269,가입,85,B,B,B,C,B,,,비해당,,,
EMP0854,홍민재,남,24,2003-07-14,030714-3616837,군필,2026-01-13,0,대졸,서강대학교,2.6,공채,정규직,,,,두리안정보기술,서울 여의도,개발부,인프라팀,1,사원,팀원,1,,,hongminjae63@hanmail.net,010-3246-1833,서울시 강남구 역삼동,40700000,12,6,카카오뱅크,333-85-3806173,미가입,60,,,,,,,,비해당,,,
EMP0855,양수연,여,24,2003-02-13,030213-4235670,해당없음,2026-03-26,0,대학원졸,전남대학교,2.9,경력,정규직,롯데그룹,대리,데이터분석,두리안정보기술,서울 강남,영업부,해외영업팀,1,사원,팀원,1,,,yangsuyeon89@hanmail.net,010-1371-4836,서울시 용산구 이태원동,32000000,18,5,기업은행,030-40-050455,가입,74,,,,,,,968,비해당,,,
EMP0856,김보미,여,30,1997-05-11,970511-2110087,해당없음,2022-12-09,3,대학원졸,전북대학교,3.7,공채,정규직,,,,두리안정보기술,서울 여의도,영업부,해외영업팀,1,사원,팀원,1,,,kimbomi83@gmail.com,010-2172-4671,서울시 송파구 문정동,36000000,5,12,농협은행,356-2245-7807-02,가입,63,,,C,D,C,,,비해당,,,
EMP0857,전도윤,남,35,1992-08-01,920801-1278673,군필,2023-07-21,2,대졸,숙명여자대학교,3,추천,정규직,,,,두리안정보기술,서울 여의도,개발부,AI팀,1,대리,팀원,1,,,jeondoyoon46@naver.com,010-6181-8266,서울시 영등포구 여의도동,51700000,16,9,국민은행,183346-69-028493,가입,68,,,,C,D,,874,비해당,,,
EMP0858,강도현,남,31,1996-06-24,960624-1387857,군필,2019-08-20,6,대졸,충남대학교,2.8,인턴전환,계약직,,,,두리안정보기술,경기 판교,개발부,백엔드팀,1,과장,팀원,1,,,kangdohyun_938@naver.com,010-5055-2992,경기도 고양시 일산동구 장항동,53900000,30,12,신한은행,180-624-179059,가입,81,B,B,A,A,B,,,비해당,,,
EMP0859,배채영,여,26,2001-02-14,010214-4882112,해당없음,2024-05-13,2,고졸,,,추천,정규직,,,,두리안정보기술,서울 여의도,영업부,해외영업팀,1,사원,팀원,1,,,baechaeyoung_work@daum.net,010-9687-6009,서울시 강남구 역삼동,38000000,17,5,우리은행,1006-599-403052,가입,75,,,,,B,,,비해당,,,
EMP0860,주재원,남,32,1995-04-26,950426-1204454,군필,2019-05-13,7,대졸,덕성여자대학교,3.3,추천,계약직,,,,두리안정보기술,경기 판교,인사부,교육팀,3,대리,팀원,1,,,jujaewon49@kakao.com,010-8086-7964,서울시 은평구 불광동,47000000,11,4,하나은행,200-917991-1591,가입,81,B,B,B,B,B,정보처리기사,640,해당,,,
EMP0861,원우혁,남,25,2002-03-13,020313-3417730,군필,2025-04-12,1,대학원졸,국민대학교,2.7,경력,정규직,삼성전자,과장,재무회계,두리안정보기술,경기 판교,인사부,교육팀,3,사원,팀원,1,,,wonwoohyuk_kr@kakao.com,010-8668-1907,서울시 서초구 방배동,34000000,17,15,토스뱅크,100-1308-2068,가입,74,,,,,,,,비해당,,,
EMP0862,공서윤,여,42,1985-05-20,850520-2103380,해당없음,2008-06-10,17,대졸,한양대학교,4,추천,정규직,,,,두리안정보기술,서울 강남,개발부,AI팀,1,부장,팀원,2,,,kongseoyoon_899@kakao.com,010-8702-3142,경기도 성남시 분당구 정자동,92400000,12,10,농협은행,301-3483-6923-38,가입,91,B,A,A,A,B,,623,비해당,,,
EMP0863,심성민,남,36,1991-08-02,910802-1148426,미필,2015-09-18,10,대졸,전북대학교,3.7,추천,정규직,,,,두리안정보기술,서울 여의도,기획부,사업기획팀,1,과장,팀원,1,정년퇴직,2021-06-18,shimsungmin38@kakao.com,010-9609-5195,서울시 서초구 방배동,59000000,25,12,국민은행,829893-05-748643,가입,83,B,A,B,B,B,,,비해당,,,
EMP0864,노지민,여,31,1996-02-13,960213-2422829,해당없음,2019-02-19,7,대학원졸,고려대학교,3.7,추천,정규직,,,,두리안정보기술,경기 판교,마케팅부,브랜드팀,1,대리,팀원,1,,,nohjimin_dev@hanmail.net,010-5610-2600,경기도 수원시 영통구 매탄동,41000000,12,15,우리은행,1006-039-544640,가입,74,B,B,C,B,B,정보처리기사,523,해당,우수사원상,,
EMP0865,강성민,남,45,1982-02-04,820204-1485288,면제,2011-10-20,14,고졸,,,공채,계약직,,,,두리안정보기술,서울 강남,인사부,교육팀,3,차장,팀원,2,,,kangsungmin.4@daum.net,010-4094-4404,경기도 성남시 분당구 판교동,70000000,21,13,우리은행,1002-738-019450,가입,88,A,A,S,A,A,리눅스마스터,,해당,,,
EMP0866,엄다현,여,28,1999-12-16,991216-2252766,해당없음,2023-04-16,3,대졸,서울대학교,3.7,공채,정규직,,,,두리안정보기술,경기 판교,영업부,해외영업팀,1,사원,팀원,1,,,umdahyun60@nate.com,010-8985-4941,경기도 성남시 분당구 정자동,33000000,18,7,토스뱅크,100-7453-9763,가입,69,,,,C,C,,601,비해당,,,
EMP0867,구하린,여,30,1997-08-16,970816-2582546,해당없음,2023-03-17,3,대졸,부산대학교,2.9,공채,정규직,,,,두리안정보기술,서울 강남,마케팅부,브랜드팀,1,사원,팀원,1,,,kooharin41@gmail.com,010-3949-7919,서울시 노원구 상계동,34000000,14,4,우리은행,1006-256-555815,미가입,62,,,,C,C,정보처리기사,646,해당,우수사원상,,
EMP0868,곽지민,여,36,1991-06-11,910611-2196757,해당없음,2020-04-26,6,대졸,가천대학교,3.5,공채,계약직,,,,두리안정보기술,서울 강남,개발부,프론트팀,1,대리,팀원,1,자발적퇴직,2025-05-08,kwakjimin33@naver.com,010-8424-4491,서울시 송파구 잠실동,41800000,15,0,기업은행,020-23-869222,가입,81,B,B,B,B,B,SQLD,,해당,,,
EMP0869,나지우,여,24,2003-10-06,031006-4668837,해당없음,2025-11-10,0,전문대졸,경북전문대학교,3.9,경력,정규직,카카오,사원,백엔드개발,두리안정보기술,서울 여의도,인사부,채용팀,3,사원,팀원,1,,,najiwoo_kr@gmail.com,010-2358-6174,서울시 송파구 잠실동,36000000,18,15,카카오뱅크,333-00-2791874,가입,68,,,,,,,,비해당,,,
EMP0870,천지호,남,36,1991-01-27,910127-1893899,군필,2016-11-14,9,대졸,한국외국어대학교,3.7,인턴전환,정규직,,,,두리안정보기술,서울 여의도,마케팅부,브랜드팀,1,과장,팀원,1,,,chunjiho@daum.net,010-2734-9490,서울시 마포구 상암동,50000000,24,8,토스뱅크,100-3894-3130,가입,83,C,B,B,C,B,정보처리기사,,해당,,,
EMP0871,함지영,여,25,2002-02-13,020213-4754448,해당없음,2025-09-18,0,대졸,강원대학교,3.5,추천,정규직,,,,두리안정보기술,서울 강남,영업부,국내영업팀,1,사원,팀원,1,,,hamjiyoung64@nate.com,010-6677-1714,서울시 강남구 논현동,30000000,17,12,기업은행,010-96-937923,가입,64,,,,,,컴퓨터활용능력1급,653,해당,,,
EMP0872,윤소희,여,41,1986-03-14,860314-2724918,해당없음,2016-11-14,9,대졸,성균관대학교,3.6,추천,계약직,,,,두리안정보기술,서울 강남,영업부,해외영업팀,1,과장,팀원,1,,,yoonsohee42@gmail.com,010-6282-1618,서울시 강남구 역삼동,56000000,24,3,신한은행,180-814-549600,가입,80,B,B,B,A,B,컴퓨터활용능력1급,684,해당,,,
EMP0873,허서연,여,31,1996-12-18,961218-2896627,해당없음,2024-02-23,2,전문대졸,인하공업전문대학,2.8,인턴전환,정규직,,,,두리안정보기술,경기 판교,개발부,인프라팀,1,사원,팀원,1,,,heoseoyeon34@daum.net,010-3595-8413,서울시 마포구 상암동,33000000,9,3,기업은행,020-47-407482,가입,78,,,,,B,SQLD,,해당,,,
EMP0874,민지영,여,34,1993-08-09,930809-2115264,해당없음,2019-07-27,6,고졸,,,인턴전환,정규직,,,,두리안정보기술,경기 판교,개발부,백엔드팀,1,과장,팀원,1,,,minjiyoung85@nate.com,010-7524-4947,서울시 강서구 마곡동,66000000,20,15,토스뱅크,100-8896-5546,가입,79,B,B,D,B,B,빅데이터분석기사,,해당,공로상,,
EMP0875,권태양,남,36,1991-06-04,910604-1442073,미필,2021-10-04,4,대학원졸,세종대학교,2.7,추천,정규직,,,,두리안정보기술,서울 강남,마케팅부,브랜드팀,1,대리,팀원,1,,,kwontaeyang.8@kakao.com,010-4347-9159,서울시 서초구 서초동,44000000,15,0,기업은행,010-75-946474,가입,69,,B,D,C,C,,573,비해당,,,
EMP0876,나정우,남,24,2003-07-13,030713-3740261,군필,2025-11-01,0,대졸,홍익대학교,3.9,경력,정규직,삼성전자,대리,인사관리,두리안정보기술,서울 여의도,기획부,사업기획팀,1,사원,팀원,1,,,najungwoo11@nate.com,010-9679-1386,서울시 마포구 상암동,35000000,15,7,카카오뱅크,333-92-9350385,가입,70,,,,,,,819,비해당,,,
EMP0877,허예원,여,28,1999-01-11,990111-2292711,해당없음,2022-01-22,4,전문대졸,인하공업전문대학,3.9,인턴전환,정규직,,,,두리안정보기술,서울 강남,개발부,백엔드팀,1,대리,팀원,1,,,heoyewon_427@daum.net,010-3572-5143,서울시 강서구 마곡동,52800000,15,11,토스뱅크,100-1388-7557,가입,72,,,B,C,B,,,비해당,,,
EMP0878,강재원,남,39,1988-06-01,880601-1548602,군필,2017-11-25,8,대학원졸,전북대학교,3.8,공채,정규직,,,,두리안정보기술,서울 여의도,영업부,국내영업팀,1,과장,팀원,1,,,kangjaewon.9@hanmail.net,010-5345-8341,서울시 송파구 잠실동,59000000,21,4,국민은행,622289-09-176508,가입,86,A,B,B,B,B,,,비해당,,,
EMP0879,민다은,여,26,2001-04-20,010420-4551599,해당없음,2024-03-28,2,전문대졸,경북전문대학교,3.7,추천,정규직,,,,두리안정보기술,서울 강남,마케팅부,디지털마케팅팀,1,사원,팀원,1,,,mindaeun_dev@nate.com,010-5586-7108,서울시 영등포구 여의도동,30000000,8,11,우리은행,1002-350-870111,가입,73,,,,,B,,957,비해당,,,
EMP0880,양도윤,남,55,1972-07-23,720723-1128410,군필,2001-02-10,25,대졸,광운대학교,3.8,추천,정규직,,,,두리안정보기술,서울 여의도,개발부,백엔드팀,1,부장,팀원,2,,,yangdoyoon41@kakao.com,010-8024-9439,서울시 강동구 천호동,117700000,15,8,국민은행,202816-73-044032,가입,88,A,A,A,A,S,,791,비해당,,,
EMP0881,박지영,여,38,1989-03-15,890315-2408915,해당없음,2012-01-24,14,대졸,경북대학교,3.3,추천,계약직,,,,두리안정보기술,서울 강남,마케팅부,브랜드팀,1,차장,팀원,2,,,parkjiyoung47@hanmail.net,010-9306-7783,서울시 마포구 합정동,65000000,22,14,토스뱅크,100-8733-7074,가입,78,C,B,B,B,B,,811,비해당,,,
EMP0882,남수연,여,43,1984-10-13,841013-2739258,해당없음,2010-07-18,15,대졸,강원대학교,3.8,공채,계약직,,,,두리안정보기술,경기 판교,개발부,인프라팀,1,부장,팀원,2,,,namsuyeon_kr@hanmail.net,010-1071-9946,서울시 노원구 상계동,82500000,19,6,국민은행,345816-07-131074,가입,82,B,A,B,A,B,ADsP,580,해당,,,
EMP0883,안수연,여,39,1988-05-18,880518-2735269,해당없음,2016-01-27,10,고졸,,,추천,계약직,,,,두리안정보기술,경기 판교,인사부,교육팀,3,과장,팀원,1,,,ahnsuyeon.8@gmail.com,010-4467-8293,경기도 성남시 분당구 정자동,51000000,28,9,토스뱅크,100-8362-2324,가입,84,B,B,B,A,B,,,비해당,,,
EMP0884,진수현,남,44,1983-07-24,830724-1620912,군필,2006-02-05,20,대졸,연세대학교,3.3,추천,정규직,,,,두리안정보기술,서울 강남,개발부,AI팀,1,부장,팀원,2,,,jinsoohyun_764@gmail.com,010-9648-6061,서울시 강남구 역삼동,99000000,19,1,토스뱅크,100-8951-6767,가입,85,A,B,B,B,B,컴퓨터활용능력1급,,해당,,,
EMP0885,곽나은,여,47,1980-02-11,800211-2269887,해당없음,2007-01-25,19,대학원졸,건국대학교,3.3,추천,정규직,,,,두리안정보기술,서울 여의도,마케팅부,브랜드팀,1,부장,팀원,2,,,kwaknaeun_kr@gmail.com,010-4730-9466,서울시 마포구 상암동,89000000,18,8,카카오뱅크,333-41-9314354,가입,89,A,S,S,A,A,AWS Solutions Architect,,해당,,,
EMP0886,천소희,여,37,1990-04-08,900408-2183049,해당없음,2015-09-17,10,대졸,광운대학교,2.7,추천,정규직,,,,두리안정보기술,경기 판교,인사부,채용팀,3,과장,팀원,1,,,chunsohee53@nate.com,010-7533-1515,서울시 강남구 삼성동,57000000,30,5,농협은행,356-3251-2264-48,가입,83,B,B,B,C,A,ADsP,783,해당,팀워크상,,
EMP0887,임승환,남,31,1996-01-19,960119-1824441,군필,2020-11-27,5,전문대졸,명지전문대학,2.5,공채,정규직,,,,두리안정보기술,경기 판교,개발부,AI팀,1,대리,팀원,1,,,limseunghwan.9@hanmail.net,010-8499-4235,서울시 강남구 삼성동,48400000,22,10,기업은행,010-67-136959,가입,68,C,B,D,C,C,컴퓨터활용능력1급,,해당,MVP,,
EMP0888,함다은,여,25,2002-07-19,020719-4777757,해당없음,2025-07-12,0,대졸,고려대학교,3.6,추천,정규직,,,,두리안정보기술,경기 판교,개발부,인프라팀,1,사원,팀원,1,자발적퇴직,2025-11-02,hamdaeun_541@daum.net,010-9177-9033,서울시 송파구 문정동,34100000,17,10,신한은행,100-065-117336,가입,73,,,,,,빅데이터분석기사,,해당,,,
EMP0889,강준혁,남,26,2001-10-12,011012-3790873,군필,2024-06-23,1,대졸,중앙대학교,3.9,추천,정규직,,,,두리안정보기술,서울 강남,기획부,사업기획팀,1,사원,팀원,1,,,kangjunhyuk_821@naver.com,010-3383-6064,서울시 노원구 상계동,33000000,15,15,국민은행,928447-44-786174,가입,64,,,,,C,리눅스마스터,941,해당,팀워크상,,
EMP0890,곽미래,여,41,1986-01-10,860110-2707062,해당없음,2015-05-23,10,대졸,세종대학교,3.9,인턴전환,정규직,,,,두리안정보기술,서울 강남,마케팅부,디지털마케팅팀,1,과장,팀원,1,,,kwakmirae74@daum.net,010-9289-6712,인천시 부평구 부평동,55000000,19,8,하나은행,200-985035-0525,가입,80,B,B,A,B,A,ADsP,649,해당,,,
EMP0891,함서현,여,49,1978-02-01,780201-2909681,해당없음,2002-09-19,23,대졸,광운대학교,3,공채,정규직,,,,두리안정보기술,경기 판교,영업부,국내영업팀,1,부장,팀원,2,,,hamseohyun_345@daum.net,010-8369-9845,경기도 용인시 기흥구 영덕동,110000000,14,2,농협은행,302-6767-9026-65,미가입,91,B,A,A,A,A,컴퓨터활용능력1급,866,해당,,,
EMP0892,홍유진,여,31,1996-02-05,960205-2776661,해당없음,2025-12-24,0,대졸,명지대학교,2.8,공채,정규직,,,,두리안정보기술,서울 여의도,인사부,채용팀,3,사원,팀원,1,,,hongyujin33@naver.com,010-5183-4312,서울시 서초구 방배동,38000000,15,4,우리은행,1005-997-317077,가입,72,,,,,,ADsP,529,해당,,경고,업무태만
EMP0893,고은별,여,24,2003-01-09,030109-4574348,해당없음,2025-10-17,0,대졸,명지대학교,3.2,경력,정규직,롯데그룹,차장,인사관리,두리안정보기술,서울 여의도,개발부,인프라팀,1,사원,팀원,1,,,koeunbyul_kr@gmail.com,010-6172-6138,서울시 마포구 상암동,40700000,13,12,우리은행,1005-190-445829,가입,65,,,,,,,637,비해당,공로상,,
EMP0894,류은별,여,38,1989-06-24,890624-2795113,해당없음,2020-06-21,5,대졸,광운대학교,2.6,경력,정규직,카카오,차장,인사관리,두리안정보기술,서울 여의도,인사부,채용팀,3,과장,팀원,1,,,ryueunbyul_886@daum.net,010-4724-9400,경기도 용인시 기흥구 영덕동,51000000,26,14,카카오뱅크,333-49-0532952,가입,84,A,B,A,B,B,정보처리기사,,해당,,,
EMP0895,진준혁,남,25,2002-06-07,020607-3665244,군필,2025-12-01,0,전문대졸,경북전문대학교,3.5,추천,계약직,,,,두리안정보기술,서울 강남,마케팅부,디지털마케팅팀,1,사원,팀원,1,,,jinjunhyuk_dev@daum.net,010-5385-2884,경기도 고양시 일산동구 장항동,37000000,7,14,토스뱅크,100-8166-5043,가입,60,,,,,,SQLD,,해당,,,
EMP0896,지나은,여,36,1991-11-09,911109-2555671,해당없음,2018-07-06,7,대졸,고려대학교,3.7,경력,계약직,LG전자,과장,프로젝트관리,두리안정보기술,경기 판교,인사부,교육팀,3,대리,팀원,1,,,jinaeun_kr@kakao.com,010-8039-2264,인천시 부평구 부평동,48000000,12,15,하나은행,162-098399-3913,가입,68,C,C,B,C,C,SQLD,,해당,,,
EMP0897,배하은,여,47,1980-06-02,800602-2644894,해당없음,2011-02-24,15,대졸,경희대학교,3.1,경력,정규직,롯데그룹,차장,마케팅기획,두리안정보기술,서울 여의도,인사부,교육팀,3,부장,팀원,2,,,baehaeun88@nate.com,010-4044-2921,서울시 강동구 천호동,83000000,12,4,토스뱅크,100-4600-2684,가입,93,B,B,S,A,A,ADsP,654,해당,우수사원상,,
EMP0898,나서윤,여,28,1999-08-08,990808-2552807,해당없음,2022-06-08,3,전문대졸,인하공업전문대학,2.7,인턴전환,계약직,,,,두리안정보기술,서울 강남,영업부,국내영업팀,1,대리,팀원,1,,,naseoyoon.6@gmail.com,010-5410-2940,서울시 서초구 서초동,38000000,11,1,토스뱅크,100-4546-8132,가입,80,,,B,B,B,정보보안기사,,해당,,,
EMP0899,지아름,여,46,1981-07-22,810722-2665348,해당없음,2009-08-20,16,대졸,경희대학교,3.5,추천,정규직,,,,두리안정보기술,경기 판교,개발부,AI팀,1,차장,팀원,2,,,jiareum.7@nate.com,010-8058-3899,서울시 강서구 마곡동,69300000,19,6,농협은행,302-2270-5471-96,가입,90,A,A,S,A,A,,659,비해당,,,
EMP0900,하윤서,여,44,1983-12-15,831215-2888884,해당없음,2011-01-19,15,대졸,한양대학교,2.7,공채,계약직,,,,두리안정보기술,서울 여의도,영업부,해외영업팀,1,부장,팀원,2,,,hayunseo@gmail.com,010-5563-3747,서울시 마포구 합정동,77000000,16,3,하나은행,162-097861-7630,가입,91,B,S,B,A,A,,774,비해당,,,
EMP0901,양동현,남,30,1997-04-04,970404-1618535,군필,2020-09-03,5,대학원졸,인하대학교,3.6,공채,정규직,,,,두리안정보기술,서울 강남,기획부,전략기획팀,1,대리,팀원,1,,,yangdonghyun12@nate.com,010-1818-7926,경기도 성남시 분당구 정자동,48000000,21,5,국민은행,128225-61-341152,가입,70,C,C,C,C,C,,668,비해당,공로상,,
EMP0902,류재원,남,30,1997-02-04,970204-1341668,미필,2023-12-13,2,대졸,숙명여자대학교,4,경력,정규직,삼성전자,사원,인사관리,두리안정보기술,서울 강남,마케팅부,디지털마케팅팀,1,사원,팀원,1,,,ryujaewon@hanmail.net,010-8130-3917,서울시 서초구 방배동,37000000,8,11,기업은행,020-40-640909,미가입,62,,,,C,D,,,비해당,,,
EMP0903,민수빈,여,43,1984-02-20,840220-2346193,해당없음,2010-05-21,16,대학원졸,경북대학교,4,경력,정규직,삼성전자,대리,재무회계,두리안정보기술,서울 강남,기획부,사업기획팀,1,차장,팀원,2,자발적퇴직,2013-03-28,minsubin89@naver.com,010-9562-1068,서울시 서초구 서초동,64000000,20,6,하나은행,181-404004-4956,가입,82,B,B,B,B,A,,935,비해당,,,
EMP0904,홍수현,남,37,1990-02-22,900222-1314450,면제,2016-05-25,9,대졸,숭실대학교,3.7,인턴전환,정규직,,,,두리안정보기술,경기 판교,개발부,프론트팀,1,과장,팀원,1,,,hongsoohyun.3@gmail.com,010-9041-4232,서울시 송파구 잠실동,58300000,30,15,하나은행,181-257418-8828,가입,85,C,B,A,B,B,리눅스마스터,620,해당,,,
EMP0905,이서연,여,31,1996-06-24,960624-2585525,해당없음,2019-06-25,6,대졸,동국대학교,2.6,인턴전환,정규직,,,,두리안정보기술,경기 판교,개발부,AI팀,1,대리,팀원,1,,,leeseoyeon96@naver.com,010-4323-2354,서울시 영등포구 여의도동,50600000,16,1,우리은행,1005-956-558424,가입,68,B,C,C,C,B,빅데이터분석기사,,해당,,,
EMP0906,양서윤,여,25,2002-03-21,020321-4132531,해당없음,2025-04-28,1,대졸,명지대학교,3.7,공채,정규직,,,,두리안정보기술,경기 판교,개발부,프론트팀,1,사원,팀원,1,,,yangseoyoon_697@nate.com,010-7395-6408,서울시 강서구 마곡동,40700000,8,5,토스뱅크,100-3489-7082,가입,76,,,,,,ADsP,,해당,,,
EMP0907,서지영,여,53,1974-02-06,740206-2312250,해당없음,2002-05-11,24,대졸,경북대학교,2.7,경력,정규직,SK하이닉스,과장,재무회계,두리안정보기술,경기 판교,영업부,,1,이사,팀원,3,,,seojiyoung.3@naver.com,010-2156-7244,서울시 서초구 방배동,120000000,13,1,농협은행,351-2013-8640-00,미가입,89,A,A,B,S,A,빅데이터분석기사,873,해당,,,
EMP0908,김수빈,여,43,1984-12-16,841216-2675068,해당없음,2007-09-12,18,대졸,성균관대학교,3.1,인턴전환,계약직,,,,두리안정보기술,경기 판교,개발부,프론트팀,1,부장,팀원,2,,,kimsubin.5@nate.com,010-3857-4347,서울시 은평구 불광동,85800000,12,2,카카오뱅크,333-09-0710281,가입,90,B,S,A,A,A,,,비해당,,,
EMP0909,황준혁,남,31,1996-09-22,960922-1352382,미필,2019-11-11,6,고졸,,,경력,정규직,현대자동차,차장,프로젝트관리,두리안정보기술,경기 판교,영업부,해외영업팀,1,과장,팀원,1,,,hwangjunhyuk_work@naver.com,010-2920-2991,경기도 수원시 영통구 매탄동,56000000,30,15,토스뱅크,100-8144-6439,가입,83,A,B,B,B,A,,655,비해당,,,
EMP0910,정준서,남,54,1973-10-03,731003-1678191,군필,2002-08-06,23,대졸,이화여자대학교,3.4,인턴전환,정규직,,,,두리안정보기술,경기 판교,개발부,백엔드팀,1,부장,팀원,2,,,jungjunseo_931@gmail.com,010-5287-2906,서울시 은평구 불광동,117700000,9,10,하나은행,200-118816-6647,가입,96,S,S,S,S,S,리눅스마스터,,해당,,,
EMP0911,장하은,여,30,1997-02-01,970201-2687229,해당없음,2025-09-19,0,대졸,부산대학교,3.2,공채,정규직,,,,두리안정보기술,경기 판교,인사부,채용팀,3,사원,팀원,1,,,janghaeun10@nate.com,010-4870-7602,서울시 강남구 삼성동,35000000,18,0,우리은행,1002-019-008579,가입,69,,,,,,,,비해당,,,
EMP0912,노지아,여,33,1994-05-12,940512-2949489,해당없음,2020-11-24,5,대학원졸,홍익대학교,2.8,인턴전환,정규직,,,,두리안정보기술,서울 강남,기획부,전략기획팀,1,과장,팀원,1,,,nohjia85@naver.com,010-1902-3454,서울시 강동구 천호동,48000000,19,7,기업은행,030-74-395339,가입,77,C,B,B,B,B,SQLD,518,해당,,,
EMP0913,심재원,남,27,2000-11-14,001114-3779881,면제,2024-10-21,1,대졸,성균관대학교,3.7,경력,정규직,네이버,차장,마케팅기획,두리안정보기술,서울 강남,영업부,국내영업팀,1,사원,팀원,1,,,shimjaewon_kr@daum.net,010-9370-5758,서울시 은평구 불광동,36000000,9,11,하나은행,162-759821-5483,가입,72,,,,,B,빅데이터분석기사,522,해당,팀워크상,,
EMP0914,진지유,여,25,2002-11-20,021120-4764794,해당없음,2025-02-25,1,대졸,성균관대학교,4,추천,정규직,,,,두리안정보기술,서울 여의도,인사부,채용팀,3,사원,팀원,1,,,jinjiyu_196@nate.com,010-9441-5649,서울시 마포구 합정동,30000000,17,8,국민은행,188800-28-634975,가입,60,,,,,,,582,비해당,,,
EMP0915,문미래,여,41,1986-03-01,860301-2559107,해당없음,2016-11-16,9,대졸,충남대학교,3.8,공채,정규직,,,,두리안정보기술,경기 판교,개발부,AI팀,1,과장,팀원,1,,,moonmirae.1@gmail.com,010-1814-3378,경기도 용인시 기흥구 영덕동,55000000,23,2,카카오뱅크,333-73-5973589,가입,77,B,B,B,B,B,,,비해당,,,
EMP0916,허성준,남,31,1996-07-09,960709-1275540,군필,2020-04-11,6,대졸,홍익대학교,3.4,추천,정규직,,,,두리안정보기술,서울 강남,마케팅부,디지털마케팅팀,1,대리,팀원,1,자발적퇴직,2024-06-12,heosungjun42@kakao.com,010-7901-4055,서울시 마포구 상암동,40000000,15,10,우리은행,1005-436-709349,가입,73,D,C,C,B,C,정보처리기사,557,해당,,,
EMP0917,주지훈,남,28,1999-11-02,991102-1543846,군필,2022-06-09,3,대졸,충남대학교,3,공채,정규직,,,,두리안정보기술,경기 판교,마케팅부,디지털마케팅팀,1,대리,팀원,1,,,jujihoon@nate.com,010-7697-8856,서울시 은평구 불광동,39000000,16,4,신한은행,180-774-132623,가입,71,,,B,C,D,,,비해당,,,
EMP0918,남지현,여,33,1994-09-09,940909-2437991,해당없음,2022-06-02,3,대졸,가천대학교,2.9,인턴전환,정규직,,,,두리안정보기술,서울 강남,개발부,백엔드팀,1,대리,팀원,1,,,namjihyun.2@gmail.com,010-9668-1578,서울시 노원구 상계동,47300000,12,7,우리은행,1005-263-249386,가입,68,,,B,C,B,,,비해당,공로상,,
EMP0919,곽건우,남,36,1991-07-16,910716-1896409,군필,2014-04-01,12,대졸,홍익대학교,2.5,인턴전환,정규직,,,,두리안정보기술,서울 여의도,개발부,프론트팀,1,차장,팀원,2,,,kwakgunwoo@naver.com,010-9353-8448,서울시 영등포구 여의도동,69300000,20,8,토스뱅크,100-8560-7125,가입,89,A,A,A,S,A,ADsP,,해당,,감봉,복무규정위반
EMP0920,신지현,여,40,1987-12-21,871221-2142247,해당없음,2013-02-25,13,대졸,광운대학교,3.4,인턴전환,정규직,,,,두리안정보기술,경기 판교,영업부,해외영업팀,1,차장,팀원,2,,,shinjihyun_925@daum.net,010-4132-1345,서울시 강서구 마곡동,65000000,21,10,우리은행,1005-813-732410,가입,84,A,B,B,B,B,정보처리기사,941,해당,,,
EMP0921,곽소희,여,31,1996-02-21,960221-2178717,해당없음,2023-12-18,2,대졸,국민대학교,3.4,공채,정규직,,,,두리안정보기술,서울 여의도,개발부,AI팀,1,사원,팀원,1,,,kwaksohee56@gmail.com,010-5701-8557,서울시 은평구 불광동,39600000,10,3,국민은행,531139-17-439416,가입,75,,,,B,C,정보처리기사,538,해당,,,
EMP0922,이재원,남,28,1999-04-24,990424-1334454,군필,2023-09-16,2,대졸,한양대학교,3.7,인턴전환,정규직,,,,두리안정보기술,서울 여의도,영업부,국내영업팀,1,사원,팀원,1,,,leejaewon71@kakao.com,010-7119-8103,서울시 강남구 역삼동,35000000,5,9,하나은행,200-209321-8142,가입,63,,,,D,D,,944,비해당,,,
EMP0923,엄현준,남,24,2003-07-26,030726-3650142,면제,2026-05-10,0,대졸,아주대학교,2.9,경력,정규직,포스코,차장,영업관리,두리안정보기술,경기 판교,기획부,전략기획팀,1,사원,팀원,1,,,umhyunjun46@daum.net,010-4029-8819,서울시 마포구 합정동,32000000,9,3,카카오뱅크,333-18-2031189,가입,78,,,,,,리눅스마스터,503,해당,,경고,지각반복
EMP0924,차지민,여,27,2000-12-06,001206-4523272,해당없음,2023-11-05,2,대학원졸,숭실대학교,3.8,인턴전환,정규직,,,,두리안정보기술,서울 여의도,기획부,전략기획팀,1,사원,팀원,1,,,chajimin70@nate.com,010-5110-9695,경기도 성남시 분당구 정자동,37000000,7,15,우리은행,1005-984-973233,가입,76,,,,B,B,,659,비해당,MVP,,
EMP0925,김수현,남,41,1986-07-16,860716-1641676,면제,2009-10-03,16,대졸,광운대학교,3.9,인턴전환,정규직,,,,두리안정보기술,경기 판교,인사부,채용팀,3,부장,팀원,2,,,kimsoohyun57@nate.com,010-2400-6581,서울시 영등포구 여의도동,77000000,15,1,국민은행,947449-11-402970,미가입,84,C,B,B,B,B,,662,비해당,,,
EMP0926,권예준,남,47,1980-02-22,800222-1670989,면제,2004-09-01,21,대졸,고려대학교,3.8,공채,계약직,,,,두리안정보기술,서울 여의도,마케팅부,브랜드팀,1,부장,팀원,2,,,kwonyejun17@nate.com,010-7815-4084,인천시 부평구 부평동,83000000,13,7,농협은행,301-7774-5543-56,미가입,89,B,A,A,A,A,ADsP,668,해당,,,
EMP0927,나하은,여,44,1983-10-02,831002-2479785,해당없음,2006-09-19,19,대졸,광운대학교,3.5,인턴전환,정규직,,,,두리안정보기술,경기 판교,영업부,해외영업팀,1,부장,팀원,2,,,nahaeun_dev@hanmail.net,010-3722-4114,인천시 부평구 부평동,88000000,16,7,카카오뱅크,333-99-9591600,가입,87,B,B,B,B,B,리눅스마스터,731,해당,,,
EMP0928,박다현,여,28,1999-03-12,990312-2367870,해당없음,2024-06-01,1,대졸,이화여자대학교,3.4,경력,정규직,KT,사원,재무회계,두리안정보기술,서울 여의도,마케팅부,디지털마케팅팀,1,사원,팀원,1,,,parkdahyun_kr@daum.net,010-2968-1248,경기도 성남시 분당구 정자동,36000000,15,13,신한은행,110-262-491478,가입,65,,,,,C,,,비해당,,,
EMP0929,함지민,여,45,1982-08-28,820828-2255673,해당없음,2009-01-28,17,대졸,홍익대학교,2.9,공채,정규직,,,,두리안정보기술,경기 판교,기획부,전략기획팀,1,차장,팀원,2,,,hamjimin86@daum.net,010-6153-8845,서울시 마포구 합정동,71000000,15,15,국민은행,465990-57-129671,가입,88,S,A,A,A,A,정보보안기사,743,해당,,,
EMP0930,윤서현,여,37,1990-07-13,900713-2573484,해당없음,2020-01-24,6,고졸,,,추천,정규직,,,,두리안정보기술,경기 판교,마케팅부,디지털마케팅팀,1,과장,팀원,1,,,yoonseohyun_502@daum.net,010-3959-7847,서울시 강남구 역삼동,49000000,25,11,국민은행,610858-84-816322,가입,79,C,B,C,B,B,리눅스마스터,,해당,,,
EMP0931,서지원,여,39,1988-10-23,881023-2159268,해당없음,2019-11-10,6,대졸,고려대학교,3.3,공채,정규직,,,,두리안정보기술,경기 판교,마케팅부,브랜드팀,1,과장,팀원,1,,,seojiwon3@nate.com,010-3675-2388,서울시 마포구 합정동,57000000,20,6,국민은행,158219-31-754171,가입,84,B,B,A,A,B,빅데이터분석기사,788,해당,,,
EMP0932,천지수,여,34,1993-01-02,930102-2610248,해당없음,2019-10-20,6,대졸,명지대학교,2.7,추천,정규직,,,,두리안정보기술,서울 여의도,인사부,교육팀,3,대리,팀원,1,,,chunjisu86@naver.com,010-8666-2303,경기도 고양시 일산동구 장항동,45000000,22,4,카카오뱅크,333-60-0791236,가입,74,C,C,B,B,C,정보처리기사,620,해당,,,
EMP0933,심지수,여,34,1993-03-01,930301-2108552,해당없음,2019-02-26,7,전문대졸,인하공업전문대학,3.3,경력,계약직,카카오,과장,영업관리,두리안정보기술,경기 판교,영업부,해외영업팀,1,대리,팀원,1,,,shimjisu_180@daum.net,010-1625-5674,인천시 부평구 부평동,47000000,18,7,우리은행,1002-851-382668,가입,81,A,B,B,B,B,,759,비해당,,,
EMP0934,엄정우,남,31,1996-08-02,960802-1339481,군필,2020-05-06,6,전문대졸,경북전문대학교,3.2,경력,정규직,네이버,과장,프로젝트관리,두리안정보기술,서울 강남,인사부,교육팀,3,대리,팀원,1,,,umjungwoo78@kakao.com,010-1006-8695,서울시 노원구 상계동,45000000,16,0,우리은행,1002-927-066753,가입,71,C,D,D,C,D,정보처리기사,779,해당,,,
EMP0935,조도현,남,41,1986-10-21,861021-1511386,군필,2015-10-07,10,대졸,광운대학교,3.5,추천,정규직,,,,두리안정보기술,경기 판교,영업부,해외영업팀,1,과장,팀원,1,,,jodohyun_110@daum.net,010-9449-7903,서울시 강동구 천호동,50000000,30,3,카카오뱅크,333-93-6164432,가입,82,B,B,B,A,B,빅데이터분석기사,961,해당,,,
EMP0936,민현준,남,33,1994-08-15,940815-1124712,군필,2021-05-19,5,대학원졸,숙명여자대학교,3.7,경력,정규직,카카오,사원,데이터분석,두리안정보기술,서울 강남,영업부,국내영업팀,1,대리,팀원,1,,,minhyunjun46@hanmail.net,010-7984-7861,인천시 부평구 부평동,38000000,10,7,신한은행,100-828-495548,가입,79,,C,B,B,B,,,비해당,,,
EMP0937,박주원,남,38,1989-06-05,890605-1969232,군필,2013-04-03,13,대졸,부산대학교,3.5,인턴전환,정규직,,,,두리안정보기술,서울 강남,영업부,국내영업팀,1,차장,팀원,2,,,parkjuwon_kr@daum.net,010-8335-7451,서울시 은평구 불광동,72000000,21,9,우리은행,1005-251-252950,가입,87,B,B,B,B,B,,935,비해당,,,
EMP0938,백현우,남,36,1991-05-03,910503-1577061,군필,2020-12-14,5,대학원졸,고려대학교,3.8,추천,정규직,,,,두리안정보기술,서울 여의도,인사부,채용팀,3,과장,팀원,1,,,baekhyunwoo.9@naver.com,010-9358-2876,서울시 강동구 천호동,48000000,24,9,기업은행,020-21-047095,가입,78,B,B,B,C,C,정보처리기사,888,해당,,,
EMP0939,고건우,남,31,1996-12-27,961227-1492486,군필,2022-06-21,3,대졸,국민대학교,3.2,공채,정규직,,,,두리안정보기술,서울 강남,인사부,교육팀,3,대리,팀원,1,,,kogunwoo_work@gmail.com,010-3148-1974,서울시 은평구 불광동,44000000,20,1,하나은행,181-237523-7864,미가입,76,,,C,B,C,컴퓨터활용능력1급,,해당,,,
EMP0940,지승환,남,25,2002-10-15,021015-3115825,군필,2025-12-12,0,대졸,성균관대학교,2.7,경력,정규직,SK하이닉스,과장,마케팅기획,두리안정보기술,서울 강남,마케팅부,디지털마케팅팀,1,사원,팀원,1,,,jiseunghwan_345@nate.com,010-3606-7363,서울시 서초구 방배동,33000000,15,0,우리은행,1002-607-695578,가입,66,,,,,,정보보안기사,,해당,MVP,,
EMP0941,고태양,남,52,1975-03-17,750317-1923354,군필,2001-12-13,24,대졸,세종대학교,3.6,인턴전환,정규직,,,,두리안정보기술,서울 강남,기획부,사업기획팀,1,부장,팀원,2,,,kotaeyang.8@naver.com,010-1198-2166,경기도 수원시 영통구 매탄동,109000000,13,5,하나은행,200-702371-9389,가입,95,S,S,S,S,S,,727,비해당,,,
EMP0942,양하영,여,57,1970-11-23,701123-2609227,해당없음,1998-05-13,28,대졸,숭실대학교,2.7,추천,정규직,,,,두리안정보기술,서울 강남,마케팅부,,1,이사,팀원,3,,,yanghayoung_912@hanmail.net,010-1341-7535,서울시 송파구 문정동,100000000,10,8,카카오뱅크,333-94-8682722,가입,88,A,A,A,S,B,ADsP,,해당,우수사원상,,
EMP0943,심지영,여,26,2001-11-26,011126-4914351,해당없음,2026-03-10,0,대졸,홍익대학교,3.4,공채,계약직,,,,두리안정보기술,경기 판교,영업부,국내영업팀,1,사원,팀원,1,자발적퇴직,2026-05-07,shimjiyoung_kr@naver.com,010-8257-6597,서울시 영등포구 여의도동,34000000,11,8,신한은행,110-092-579163,가입,73,,,,,,컴퓨터활용능력1급,,해당,,,
EMP0944,장서윤,여,34,1993-04-01,930401-2247109,해당없음,2020-11-25,5,대졸,고려대학교,2.8,경력,정규직,KT,사원,백엔드개발,두리안정보기술,서울 여의도,개발부,백엔드팀,1,과장,팀원,1,,,jangseoyoon49@gmail.com,010-7238-1790,서울시 은평구 불광동,63800000,20,9,토스뱅크,100-9440-9983,가입,87,B,B,C,B,C,컴퓨터활용능력1급,938,해당,,,
EMP0945,허민호,남,39,1988-09-20,880920-1665551,군필,2011-08-17,14,대졸,성균관대학교,2.6,공채,정규직,,,,두리안정보기술,서울 여의도,개발부,AI팀,1,차장,팀원,2,,,heominho38@nate.com,010-8555-6246,경기도 용인시 기흥구 영덕동,68200000,22,11,농협은행,356-3485-8982-16,가입,90,B,A,B,A,A,빅데이터분석기사,826,해당,,,
EMP0946,함지영,여,37,1990-10-23,901023-2466491,해당없음,2016-10-25,9,전문대졸,명지전문대학,3.3,인턴전환,정규직,,,,두리안정보기술,서울 여의도,기획부,전략기획팀,1,차장,팀원,2,,,hamjiyoung47@naver.com,010-9667-3285,서울시 용산구 이태원동,69000000,19,11,기업은행,030-21-456232,가입,85,C,B,A,B,B,AWS Solutions Architect,737,해당,,경고,복무규정위반
EMP0947,조태호,남,27,2000-06-17,000617-3121703,미필,2026-04-27,0,대학원졸,동국대학교,3.9,추천,정규직,,,,두리안정보기술,경기 판교,개발부,인프라팀,1,사원,팀원,1,,,jotaeho51@gmail.com,010-3187-8294,서울시 서초구 서초동,35200000,9,1,국민은행,404722-12-603954,가입,67,,,,,,,,비해당,공로상,,
EMP0948,곽지민,여,25,2002-04-12,020412-4980708,해당없음,2025-07-14,0,전문대졸,영진전문대학교,2.8,추천,정규직,,,,두리안정보기술,경기 판교,개발부,AI팀,1,사원,팀원,1,,,kwakjimin@naver.com,010-6202-8526,서울시 강서구 마곡동,35200000,11,10,신한은행,140-435-804349,가입,77,,,,,,,648,비해당,,,
EMP0949,성하영,여,41,1986-08-26,860826-2775423,해당없음,2015-08-23,10,대학원졸,세종대학교,2.8,공채,정규직,,,,두리안정보기술,서울 여의도,인사부,교육팀,3,과장,팀원,1,,,sunghayoung94@nate.com,010-6029-8989,경기도 성남시 분당구 판교동,60000000,27,12,하나은행,181-415585-9066,가입,83,A,C,B,B,C,,,비해당,,,
EMP0950,고성준,남,28,1999-11-21,991121-1769939,군필,2022-02-12,4,대학원졸,중앙대학교,2.6,인턴전환,정규직,,,,두리안정보기술,서울 강남,영업부,국내영업팀,1,대리,팀원,1,,,kosungjun41@hanmail.net,010-2003-9557,경기도 성남시 분당구 판교동,47000000,14,8,국민은행,839304-07-401657,가입,74,,,B,C,B,,,비해당,우수사원상,,
EMP0951,민지원,여,34,1993-05-04,930504-2142482,해당없음,2022-05-23,3,대졸,중앙대학교,3.6,추천,정규직,,,,두리안정보기술,경기 판교,마케팅부,브랜드팀,1,대리,팀원,1,,,minjiwon_243@gmail.com,010-4067-6531,경기도 성남시 분당구 정자동,44000000,15,4,카카오뱅크,333-69-3850340,가입,76,,,C,B,B,AWS Solutions Architect,671,해당,공로상,,
EMP0952,장승준,남,37,1990-01-09,900109-1680254,미필,2017-04-09,9,대학원졸,숙명여자대학교,3.1,추천,정규직,,,,두리안정보기술,경기 판교,개발부,인프라팀,1,과장,팀원,1,,,jangseungjun_work@kakao.com,010-5256-6448,경기도 성남시 분당구 정자동,66000000,23,14,우리은행,1005-685-075010,가입,78,B,B,B,B,B,SQLD,626,해당,,,
EMP0953,노준혁,남,31,1996-05-04,960504-1795582,군필,2019-08-17,6,대학원졸,이화여자대학교,2.6,추천,정규직,,,,두리안정보기술,서울 강남,기획부,전략기획팀,1,대리,팀원,1,,,nohjunhyuk@kakao.com,010-2747-5293,서울시 서초구 서초동,41000000,15,9,기업은행,030-58-842474,가입,75,B,B,B,B,B,,,비해당,,,
EMP0954,진성준,남,37,1990-05-22,900522-1778611,군필,2016-11-04,9,대졸,국민대학교,3.4,공채,정규직,,,,두리안정보기술,서울 여의도,마케팅부,디지털마케팅팀,1,차장,팀원,2,,,jinsungjun46@hanmail.net,010-5135-1229,경기도 성남시 분당구 정자동,72000000,18,0,하나은행,181-094415-2492,가입,87,B,B,C,B,B,ADsP,,해당,,,
EMP0955,지도현,남,26,2001-01-28,010128-3145873,군필,2025-10-21,0,대졸,명지대학교,3,추천,정규직,,,,두리안정보기술,서울 여의도,영업부,국내영업팀,1,사원,팀원,1,,,jidohyun.2@hanmail.net,010-9379-1221,서울시 강남구 역삼동,36000000,13,11,하나은행,181-705758-9432,가입,60,,,,,,,949,비해당,,,
EMP0956,김민준,남,30,1997-09-13,970913-1706534,군필,2020-09-05,5,대졸,국민대학교,2.6,경력,정규직,롯데그룹,사원,백엔드개발,두리안정보기술,서울 강남,마케팅부,디지털마케팅팀,1,대리,팀원,1,,,kimminjun.3@daum.net,010-3534-7699,서울시 마포구 합정동,46000000,17,4,신한은행,180-364-477910,가입,68,C,C,D,B,C,SQLD,535,해당,,,
EMP0957,성지원,여,36,1991-04-18,910418-2326017,해당없음,2022-12-13,3,고졸,,,인턴전환,정규직,,,,두리안정보기술,경기 판교,기획부,사업기획팀,1,대리,팀원,1,,,sungjiwon45@nate.com,010-3450-7707,서울시 강남구 논현동,47000000,16,0,신한은행,140-461-362524,가입,70,,,B,C,B,AWS Solutions Architect,,해당,,,
EMP0958,방하영,여,46,1981-10-10,811010-2704312,해당없음,2016-11-28,9,대졸,국민대학교,3.5,경력,정규직,KT,사원,마케팅기획,두리안정보기술,서울 강남,마케팅부,브랜드팀,1,차장,팀원,2,,,banghayoung45@gmail.com,010-1368-6824,서울시 강서구 마곡동,61000000,21,12,기업은행,030-51-712368,가입,80,B,A,C,B,C,컴퓨터활용능력1급,747,해당,,,
EMP0959,강동현,남,35,1992-11-22,921122-1399308,면제,2015-04-25,11,대졸,광운대학교,3,경력,계약직,네이버,차장,백엔드개발,두리안정보기술,경기 판교,마케팅부,브랜드팀,1,과장,팀원,1,,,kangdonghyun83@nate.com,010-8347-3277,서울시 강동구 천호동,53000000,28,0,농협은행,301-5395-7027-00,가입,74,C,C,B,B,B,,595,비해당,,,
EMP0960,함미래,여,29,1998-03-27,980327-2582558,해당없음,2023-12-16,2,대졸,아주대학교,2.9,추천,정규직,,,,두리안정보기술,경기 판교,기획부,사업기획팀,1,사원,팀원,1,,,hammirae_893@naver.com,010-1252-6177,경기도 고양시 일산동구 장항동,34000000,15,0,국민은행,360145-13-838329,가입,62,,,,C,C,,853,비해당,,,
EMP0961,문하은,여,30,1997-11-25,971125-2595950,해당없음,2020-09-25,5,대졸,아주대학교,3.6,인턴전환,정규직,,,,두리안정보기술,경기 판교,기획부,사업기획팀,1,대리,팀원,1,,,moonhaeun55@nate.com,010-5342-6579,서울시 송파구 잠실동,40000000,13,1,기업은행,020-16-048175,가입,69,D,C,C,C,C,ADsP,836,해당,,,
EMP0962,류재원,남,44,1983-05-21,830521-1776266,군필,2011-03-19,15,대졸,성균관대학교,3.7,인턴전환,계약직,,,,두리안정보기술,경기 판교,기획부,사업기획팀,1,차장,팀원,2,,,ryujaewon.3@hanmail.net,010-2690-4128,서울시 송파구 잠실동,70000000,20,11,국민은행,765692-67-027825,가입,88,A,A,S,S,S,,802,비해당,,,
EMP0963,류시우,남,46,1981-02-03,810203-1733819,면제,2009-08-24,16,대졸,세종대학교,3.5,추천,정규직,,,,두리안정보기술,서울 여의도,개발부,백엔드팀,1,차장,팀원,2,,,ryusiwoo50@kakao.com,010-2485-9625,경기도 성남시 분당구 판교동,74800000,25,15,하나은행,181-885610-0375,가입,82,A,B,B,A,B,컴퓨터활용능력1급,712,해당,,,
EMP0964,손수빈,여,46,1981-04-03,810403-2899557,해당없음,2011-09-10,14,대학원졸,충남대학교,3.5,공채,계약직,,,,두리안정보기술,경기 판교,영업부,국내영업팀,1,부장,팀원,2,계약만료,2017-01-12,sonsubin91@hanmail.net,010-2482-4721,서울시 강남구 삼성동,88000000,18,10,신한은행,100-652-515688,가입,91,A,A,A,A,A,,,비해당,,,
EMP0965,곽지원,여,34,1993-12-08,931208-2449115,해당없음,2020-09-23,5,전문대졸,명지전문대학,3,인턴전환,정규직,,,,두리안정보기술,서울 강남,기획부,사업기획팀,1,과장,팀원,1,,,kwakjiwon35@nate.com,010-1896-3520,서울시 마포구 합정동,53000000,30,4,하나은행,181-329307-8766,가입,78,B,C,B,B,C,빅데이터분석기사,,해당,,,
EMP0966,남현준,남,36,1991-02-02,910202-1446841,군필,2014-09-24,11,전문대졸,인하공업전문대학,2.9,인턴전환,정규직,,,,두리안정보기술,서울 강남,개발부,인프라팀,1,차장,팀원,2,,,namhyunjun54@naver.com,010-4243-7247,경기도 성남시 분당구 정자동,72600000,16,2,국민은행,764974-49-159662,가입,83,B,B,B,C,B,,780,비해당,,,
EMP0967,박예원,여,51,1976-03-13,760313-2631188,해당없음,2007-09-12,18,고졸,,,경력,계약직,네이버,과장,영업관리,두리안정보기술,서울 강남,인사부,채용팀,3,부장,팀원,2,,,parkyewon_dev@daum.net,010-7583-4929,경기도 성남시 분당구 정자동,76000000,12,13,국민은행,324857-72-737411,미가입,87,B,A,A,B,B,,932,비해당,,,
EMP0968,우지현,여,26,2001-10-19,011019-4488256,해당없음,2024-05-07,2,대학원졸,경희대학교,3.8,공채,정규직,,,,두리안정보기술,서울 여의도,영업부,해외영업팀,1,사원,팀원,1,,,woojihyun@daum.net,010-9451-1637,경기도 용인시 기흥구 영덕동,37000000,6,10,토스뱅크,100-8082-6872,가입,74,,,,,B,빅데이터분석기사,844,해당,,,
EMP0969,홍보미,여,36,1991-12-05,911205-2986184,해당없음,2020-12-23,5,대졸,성균관대학교,2.9,인턴전환,정규직,,,,두리안정보기술,서울 강남,인사부,채용팀,3,대리,팀원,1,권고사직,2025-11-05,hongbomi_660@naver.com,010-3584-7736,서울시 서초구 서초동,40000000,21,1,신한은행,100-651-180232,가입,72,B,B,B,D,C,,540,비해당,,,
EMP0970,김수아,여,40,1987-03-09,870309-2848836,해당없음,2011-05-05,15,대학원졸,서강대학교,2.7,공채,정규직,,,,두리안정보기술,서울 강남,기획부,전략기획팀,1,차장,팀원,2,,,kimsua24@naver.com,010-5598-9510,서울시 송파구 문정동,71000000,20,5,국민은행,710349-19-570022,가입,81,B,B,A,B,A,,828,비해당,,,
EMP0971,공지영,여,31,1996-10-28,961028-2882119,해당없음,2023-09-25,2,전문대졸,명지전문대학,2.5,인턴전환,정규직,,,,두리안정보기술,서울 여의도,마케팅부,브랜드팀,1,대리,팀원,1,,,kongjiyoung_428@hanmail.net,010-3986-5927,서울시 마포구 합정동,45000000,16,4,토스뱅크,100-2788-7675,가입,73,,,,B,B,정보보안기사,929,해당,,,
EMP0972,정선우,남,33,1994-03-06,940306-1178024,군필,2017-03-06,9,고졸,,,인턴전환,정규직,,,,두리안정보기술,서울 여의도,인사부,채용팀,3,과장,팀원,1,,,jungsunwoo42@kakao.com,010-1430-9559,경기도 용인시 기흥구 영덕동,56000000,22,5,기업은행,030-49-651370,가입,79,B,B,B,B,B,,,비해당,,,
EMP0973,주우진,남,51,1976-07-06,760706-1478964,미필,2006-01-09,20,대졸,홍익대학교,3.3,인턴전환,정규직,,,,두리안정보기술,서울 여의도,인사부,교육팀,3,부장,팀원,2,,,juwoojin_928@nate.com,010-4130-1229,서울시 강남구 역삼동,81000000,12,5,하나은행,200-160807-8689,가입,90,A,A,B,A,S,,890,비해당,팀워크상,,
EMP0974,김지현,여,28,1999-05-17,990517-2281102,해당없음,2022-07-20,3,대학원졸,한국외국어대학교,2.8,인턴전환,정규직,,,,두리안정보기술,경기 판교,마케팅부,브랜드팀,1,대리,팀원,1,,,kimjihyun_kr@daum.net,010-7725-3915,경기도 용인시 기흥구 영덕동,42000000,12,8,농협은행,301-5739-1565-77,가입,79,,,B,B,C,AWS Solutions Architect,980,해당,,,
EMP0975,정지아,여,33,1994-09-01,940901-2764715,해당없음,2020-07-21,5,대졸,전북대학교,3.4,인턴전환,정규직,,,,두리안정보기술,서울 여의도,기획부,사업기획팀,1,대리,팀원,1,,,jungjia_dev@naver.com,010-5366-4114,서울시 서초구 서초동,48000000,14,9,국민은행,672566-21-565709,가입,75,B,B,B,C,B,빅데이터분석기사,935,해당,,,
EMP0976,구시우,남,33,1994-01-20,940120-1870222,미필,2019-04-21,7,대졸,동국대학교,4,경력,정규직,쿠팡,과장,프로젝트관리,두리안정보기술,서울 강남,인사부,채용팀,3,대리,팀원,1,,,koosiwoo14@daum.net,010-7418-5871,서울시 서초구 방배동,43000000,21,1,농협은행,351-8917-8889-06,가입,70,C,D,B,B,B,,,비해당,우수사원상,,
EMP0977,윤도현,남,35,1992-01-01,920101-1178685,군필,2015-10-21,10,전문대졸,경북전문대학교,3.2,공채,정규직,,,,두리안정보기술,서울 강남,영업부,국내영업팀,1,과장,팀원,1,,,yoondohyun.9@kakao.com,010-6185-1637,서울시 은평구 불광동,52000000,30,11,농협은행,351-4558-0681-82,가입,79,B,B,B,B,C,SQLD,520,해당,,,
EMP0978,김미래,여,36,1991-02-09,910209-2887904,해당없음,2015-02-09,11,대학원졸,성균관대학교,2.7,인턴전환,정규직,,,,두리안정보기술,서울 강남,인사부,교육팀,3,과장,팀원,1,,,kimmirae@gmail.com,010-5173-9174,서울시 마포구 상암동,56000000,27,8,토스뱅크,100-8327-2825,가입,77,B,C,B,B,C,빅데이터분석기사,871,해당,,,
EMP0979,문예린,여,24,2003-02-06,030206-4203950,해당없음,2026-04-16,0,대졸,한국외국어대학교,3.3,공채,정규직,,,,두리안정보기술,서울 강남,개발부,인프라팀,1,사원,팀원,1,,,moonyerin10@hanmail.net,010-9275-2872,서울시 마포구 상암동,35200000,14,7,기업은행,030-85-931746,가입,78,,,,,,,983,비해당,,,
EMP0980,천채원,여,38,1989-08-28,890828-2391987,해당없음,2014-09-17,11,대졸,덕성여자대학교,3.4,인턴전환,정규직,,,,두리안정보기술,서울 여의도,개발부,AI팀,1,차장,팀원,2,,,chunchaewon82@naver.com,010-5441-4096,서울시 강남구 역삼동,70400000,16,10,농협은행,356-7205-1813-59,가입,78,B,D,B,B,B,,,비해당,,,
EMP0981,노채영,여,40,1987-07-15,870715-2774163,해당없음,2016-04-22,10,고졸,,,경력,정규직,삼성전자,대리,인사관리,두리안정보기술,서울 여의도,기획부,전략기획팀,1,과장,팀원,1,,,nohchaeyoung24@nate.com,010-7572-1949,경기도 수원시 영통구 매탄동,55000000,18,14,신한은행,180-542-052974,가입,75,C,C,B,B,C,,,비해당,,,
EMP0982,우미래,여,54,1973-05-01,730501-2549009,해당없음,2000-01-18,26,대학원졸,고려대학교,3.5,경력,정규직,롯데그룹,차장,프로젝트관리,두리안정보기술,서울 여의도,기획부,사업기획팀,1,부장,팀원,2,,,woomirae_kr@gmail.com,010-1873-9984,서울시 마포구 합정동,147000000,10,11,하나은행,111-498146-3770,가입,95,A,S,S,S,S,,700,비해당,,,
EMP0983,백우혁,남,29,1998-10-25,981025-1223365,군필,2025-12-23,0,전문대졸,영진전문대학교,3.9,추천,정규직,,,,두리안정보기술,경기 판교,개발부,AI팀,1,사원,팀원,1,,,baekwoohyuk_605@naver.com,010-2534-8371,서울시 강서구 마곡동,41800000,16,6,농협은행,302-5791-6568-24,가입,69,,,,,,,,비해당,,감봉,지각반복
EMP0984,주하린,여,31,1996-06-01,960601-2594908,해당없음,2023-08-11,2,대졸,숭실대학교,3.6,경력,정규직,롯데그룹,과장,데이터분석,두리안정보기술,서울 여의도,영업부,국내영업팀,1,사원,팀원,1,,,juharin_dev@naver.com,010-3238-9134,서울시 강남구 역삼동,30000000,18,10,우리은행,1006-950-081041,가입,66,,,,C,C,ADsP,719,해당,,,
EMP0985,한예준,남,39,1988-04-16,880416-1515490,군필,2020-12-01,5,대졸,서강대학교,3.3,공채,정규직,,,,두리안정보기술,서울 여의도,개발부,백엔드팀,1,과장,팀원,1,,,hanyejun36@kakao.com,010-3315-3050,서울시 마포구 상암동,61600000,22,1,신한은행,100-151-039082,가입,78,B,B,C,C,B,,705,비해당,,,
EMP0986,원은별,여,30,1997-05-25,970525-2387759,해당없음,2026-01-11,0,대졸,서울대학교,3.8,인턴전환,정규직,,,,두리안정보기술,서울 여의도,인사부,교육팀,3,사원,팀원,1,,,woneunbyul81@gmail.com,010-5976-5975,서울시 송파구 문정동,30000000,8,1,기업은행,010-20-047113,가입,62,,,,,,,611,비해당,,,
EMP0987,방우진,남,46,1981-11-21,811121-1988090,군필,2009-04-13,17,대학원졸,아주대학교,2.8,인턴전환,정규직,,,,두리안정보기술,서울 강남,기획부,전략기획팀,1,차장,팀원,2,,,bangwoojin24@kakao.com,010-1074-9569,인천시 부평구 부평동,60000000,19,2,토스뱅크,100-3675-0797,가입,84,C,B,B,A,B,,749,비해당,,,
EMP0988,박하린,여,30,1997-10-15,971015-2882765,해당없음,2023-06-17,2,대졸,한양대학교,3,추천,정규직,,,,두리안정보기술,서울 강남,인사부,교육팀,3,사원,팀원,1,,,parkharin47@gmail.com,010-3251-7626,서울시 용산구 이태원동,38000000,11,0,하나은행,162-281072-1564,가입,72,,,,C,B,,,비해당,,,
EMP0989,오승준,남,44,1983-04-01,830401-1880001,군필,2010-06-22,15,대졸,건국대학교,3.7,공채,정규직,,,,두리안정보기술,경기 판교,개발부,인프라팀,1,부장,팀원,2,,,ohseungjun.9@gmail.com,010-5985-9051,서울시 강동구 천호동,99000000,17,2,카카오뱅크,333-50-2489914,가입,86,B,B,C,C,A,정보보안기사,810,해당,,,
EMP0990,문서준,남,35,1992-03-02,920302-1319129,군필,2019-09-28,6,전문대졸,영진전문대학교,3.2,공채,정규직,,,,두리안정보기술,서울 여의도,기획부,사업기획팀,1,과장,팀원,1,,,moonseojun@gmail.com,010-8119-4668,서울시 서초구 방배동,51000000,24,8,기업은행,030-26-758692,가입,75,B,C,B,B,B,,530,비해당,,,
EMP0991,허수진,여,42,1985-12-06,851206-2635563,해당없음,2008-09-25,17,대졸,이화여자대학교,3.5,경력,정규직,롯데그룹,차장,영업관리,두리안정보기술,경기 판교,인사부,교육팀,3,부장,팀원,2,,,heosujin90@kakao.com,010-8840-7265,서울시 용산구 이태원동,83000000,17,13,국민은행,621948-03-885937,가입,91,A,A,S,A,A,정보처리기사,,해당,공로상,,
EMP0992,김수아,여,28,1999-06-04,990604-2892708,해당없음,2023-02-10,3,고졸,,,경력,정규직,현대자동차,차장,인사관리,두리안정보기술,경기 판교,마케팅부,브랜드팀,1,사원,팀원,1,,,kimsua_work@nate.com,010-3777-3968,서울시 강남구 삼성동,33000000,14,11,카카오뱅크,333-55-8749603,가입,74,,,,B,B,컴퓨터활용능력1급,898,해당,,,
EMP0993,유지우,여,31,1996-07-12,960712-2916043,해당없음,2021-08-28,4,대졸,고려대학교,3.1,추천,정규직,,,,두리안정보기술,경기 판교,인사부,채용팀,3,대리,팀원,1,,,yoojiwoo@daum.net,010-5428-3895,서울시 송파구 문정동,46000000,13,4,우리은행,1005-992-313250,가입,68,,C,C,C,B,정보보안기사,,해당,,,
EMP0994,임우혁,남,51,1976-12-14,761214-1612531,군필,1999-01-10,27,대졸,단국대학교,3.3,공채,정규직,,,,두리안정보기술,경기 판교,기획부,,1,이사,팀원,3,,,limwoohyuk@gmail.com,010-4530-2234,경기도 고양시 일산동구 장항동,116000000,14,2,농협은행,302-4105-4974-72,가입,95,S,S,S,S,A,SQLD,708,해당,MVP,,
EMP0995,배승환,남,28,1999-12-22,991222-1196471,군필,2022-03-10,4,대학원졸,가천대학교,2.8,추천,정규직,,,,두리안정보기술,서울 여의도,마케팅부,브랜드팀,1,대리,팀원,1,,,baeseunghwan_work@nate.com,010-3826-4150,서울시 용산구 이태원동,48000000,18,14,우리은행,1006-217-311349,미가입,79,,,B,C,B,,851,비해당,,,
EMP0996,구도현,남,24,2003-02-08,030208-3555904,미필,2026-04-10,0,고졸,,,인턴전환,계약직,,,,두리안정보기술,서울 강남,인사부,교육팀,3,사원,팀원,1,,,koodohyun_kr@naver.com,010-4218-4164,서울시 은평구 불광동,37000000,12,6,신한은행,140-708-120540,가입,73,,,,,,SQLD,,해당,,,
EMP0997,한민지,여,27,2000-04-23,000423-4678665,해당없음,2023-06-08,2,대졸,한양대학교,3.5,인턴전환,정규직,,,,두리안정보기술,서울 여의도,개발부,백엔드팀,1,대리,팀원,1,,,hanminji_dev@kakao.com,010-4161-7488,경기도 성남시 분당구 판교동,44000000,12,2,신한은행,100-291-878117,가입,69,,,,C,C,ADsP,719,해당,,,
EMP0998,허도현,남,34,1993-05-22,930522-1457772,군필,2017-11-28,8,대졸,홍익대학교,3.7,경력,정규직,KT,대리,백엔드개발,두리안정보기술,경기 판교,영업부,국내영업팀,1,과장,팀원,1,,,heodohyun.4@kakao.com,010-3201-2944,서울시 서초구 서초동,52000000,24,15,카카오뱅크,333-76-4613408,가입,83,B,A,B,A,A,AWS Solutions Architect,634,해당,,,
EMP0999,이건우,남,33,1994-09-07,940907-1646109,군필,2017-10-20,8,대학원졸,전북대학교,3.4,인턴전환,정규직,,,,두리안정보기술,서울 여의도,기획부,전략기획팀,1,과장,팀원,1,,,leegunwoo37@gmail.com,010-6860-9087,서울시 송파구 문정동,57000000,19,6,카카오뱅크,333-49-8067611,미가입,86,A,B,B,B,A,정보처리기사,667,해당,,,
EMP1000,오하준,남,42,1985-10-11,851011-1313893,면제,2010-06-09,15,대학원졸,단국대학교,3.4,공채,계약직,,,,두리안정보기술,경기 판교,기획부,전략기획팀,1,부장,팀원,2,,,ohhajun_kr@nate.com,010-4550-7821,서울시 강남구 역삼동,79000000,12,0,국민은행,657755-62-496162,가입,91,B,S,A,A,A,,,비해당,,,
EMP1001,류예린,여,40,1987-04-21,870421-2687823,해당없음,2011-11-28,14,고졸,,,공채,정규직,,,,두리안정보기술,경기 판교,기획부,사업기획팀,1,차장,팀원,2,,,ryuyerin@daum.net,010-6837-2593,서울시 은평구 불광동,64000000,19,15,카카오뱅크,333-05-4805989,가입,87,B,B,B,B,B,,721,비해당,,,
EMP1002,한정우,남,29,1998-05-04,980504-1144923,군필,2023-11-26,2,대졸,광운대학교,3.4,공채,정규직,,,,두리안정보기술,경기 판교,기획부,전략기획팀,1,사원,팀원,1,,,hanjungwoo.9@hanmail.net,010-3341-6350,경기도 수원시 영통구 매탄동,31000000,16,8,신한은행,140-183-144899,가입,66,,,,B,C,정보보안기사,,해당,,,
EMP1003,심예은,여,24,2003-04-15,030415-4680441,해당없음,2025-08-01,0,대졸,한양대학교,3.4,추천,정규직,,,,두리안정보기술,서울 강남,인사부,채용팀,3,사원,팀원,1,,,shimyeeun_kr@hanmail.net,010-6862-5987,서울시 서초구 서초동,37000000,8,2,기업은행,020-17-964053,가입,72,,,,,,,834,비해당,팀워크상,경고,업무태만
EMP1004,엄도현,남,40,1987-12-19,871219-1717415,군필,2015-01-28,11,대학원졸,서강대학교,2.7,추천,정규직,,,,두리안정보기술,서울 강남,영업부,국내영업팀,1,차장,팀원,2,,,umdohyun_213@naver.com,010-5104-1619,인천시 부평구 부평동,64000000,16,13,농협은행,351-1303-9398-34,가입,85,A,B,C,B,C,정보처리기사,,해당,,,
EMP1005,공혜린,여,49,1978-02-13,780213-2629469,해당없음,2001-02-05,25,대졸,성균관대학교,2.5,공채,정규직,,,,두리안정보기술,서울 여의도,기획부,사업기획팀,1,부장,팀원,2,권고사직,2011-12-07,konghyerin.3@gmail.com,010-8973-5322,인천시 부평구 부평동,113000000,9,7,국민은행,644295-77-369311,가입,92,S,A,A,A,A,리눅스마스터,831,해당,,,
EMP1006,홍도현,남,41,1986-11-01,861101-1466819,군필,2014-12-19,11,대졸,가천대학교,2.7,인턴전환,계약직,,,,두리안정보기술,서울 강남,기획부,사업기획팀,1,과장,팀원,1,,,hongdohyun_work@hanmail.net,010-6853-7030,서울시 마포구 상암동,53000000,27,2,하나은행,181-065402-2610,미가입,82,B,C,B,B,B,,525,비해당,,,
EMP1007,안지원,여,41,1986-08-07,860807-2640744,해당없음,2014-03-04,12,전문대졸,경북전문대학교,3.9,추천,정규직,,,,두리안정보기술,서울 여의도,기획부,사업기획팀,1,차장,팀원,2,,,ahnjiwon_880@gmail.com,010-4582-1990,서울시 서초구 방배동,62000000,18,9,국민은행,670430-90-483195,가입,79,B,C,B,B,C,리눅스마스터,,해당,팀워크상,,
EMP1008,정소희,여,24,2003-02-10,030210-4829632,해당없음,2026-02-07,0,전문대졸,명지전문대학,3.2,경력,정규직,삼성전자,과장,인사관리,두리안정보기술,서울 여의도,영업부,해외영업팀,1,사원,팀원,1,,,jungsohee_898@daum.net,010-1252-8337,서울시 영등포구 여의도동,36000000,10,13,우리은행,1005-308-494126,미가입,72,,,,,,ADsP,,해당,,,
EMP1009,민유진,여,34,1993-12-13,931213-2395650,해당없음,2022-12-15,3,대졸,경희대학교,2.7,추천,정규직,,,,두리안정보기술,경기 판교,인사부,교육팀,3,대리,팀원,1,,,minyujin31@daum.net,010-4805-4476,서울시 서초구 서초동,41000000,12,7,농협은행,301-4086-3777-78,가입,79,,,B,B,C,,,비해당,,,
EMP1010,정미래,여,36,1991-11-10,911110-2320446,해당없음,2018-08-10,7,대졸,서울대학교,3.4,공채,계약직,,,,두리안정보기술,서울 강남,기획부,사업기획팀,1,대리,팀원,1,,,jungmirae58@gmail.com,010-5606-8564,경기도 용인시 기흥구 영덕동,44000000,12,10,기업은행,020-73-515850,가입,77,C,C,B,C,B,정보보안기사,,해당,,감봉,복무규정위반
EMP1011,문서윤,여,41,1986-12-15,861215-2892495,해당없음,2020-06-21,5,대졸,아주대학교,3.4,인턴전환,계약직,,,,두리안정보기술,경기 판교,개발부,백엔드팀,1,과장,팀원,1,,,moonseoyoon.2@naver.com,010-9024-8217,경기도 용인시 기흥구 영덕동,63800000,30,14,국민은행,526826-89-567006,가입,85,B,B,B,A,B,,719,비해당,,,
EMP1012,류재원,남,35,1992-09-24,920924-1859043,면제,2016-07-15,9,대졸,서강대학교,3.5,공채,계약직,,,,두리안정보기술,서울 강남,영업부,국내영업팀,1,과장,팀원,1,,,ryujaewon_kr@naver.com,010-1439-1322,서울시 강남구 논현동,52000000,27,1,신한은행,180-357-043170,가입,86,C,B,B,A,B,,724,비해당,,,
EMP1013,서지민,여,57,1970-03-12,700312-2896183,해당없음,2000-03-16,26,대졸,서강대학교,3.1,인턴전환,정규직,,,,두리안정보기술,서울 강남,인사부,채용팀,3,부장,팀원,2,,,seojimin_617@naver.com,010-1840-5508,서울시 강남구 논현동,158000000,6,9,농협은행,301-3895-5806-48,가입,97,S,A,A,S,A,정보보안기사,579,해당,,,
EMP1014,백정우,남,37,1990-07-11,900711-1868049,군필,2020-08-06,5,고졸,,,공채,정규직,,,,두리안정보기술,서울 여의도,개발부,백엔드팀,1,과장,팀원,1,,,baekjungwoo@hanmail.net,010-9517-5152,서울시 송파구 문정동,55000000,24,11,하나은행,162-436191-6870,가입,85,B,A,A,C,B,,,비해당,,,
EMP1015,장예린,여,31,1996-02-24,960224-2453709,해당없음,2019-05-03,7,대졸,고려대학교,3.2,추천,계약직,,,,두리안정보기술,서울 강남,개발부,프론트팀,1,대리,팀원,1,,,jangyerin_795@gmail.com,010-9114-1764,서울시 강동구 천호동,41800000,15,2,농협은행,356-8047-0345-71,가입,75,D,C,B,C,B,빅데이터분석기사,905,해당,,,
EMP1016,강도윤,남,38,1989-09-15,890915-1708734,군필,2019-03-05,7,전문대졸,인하공업전문대학,3.2,추천,정규직,,,,두리안정보기술,경기 판교,기획부,사업기획팀,1,과장,팀원,1,,,kangdoyoon36@daum.net,010-1724-5419,서울시 강동구 천호동,52000000,21,7,카카오뱅크,333-48-7426030,가입,82,B,B,C,B,A,정보처리기사,532,해당,,감봉,지각반복
EMP1017,배민재,남,38,1989-11-20,891120-1894689,군필,2012-05-18,14,전문대졸,영진전문대학교,3.9,공채,정규직,,,,두리안정보기술,경기 판교,기획부,사업기획팀,1,차장,팀원,2,,,baeminjae_dev@daum.net,010-5812-2352,경기도 고양시 일산동구 장항동,66000000,19,12,카카오뱅크,333-74-1619819,가입,85,C,B,B,C,B,컴퓨터활용능력1급,,해당,MVP,,
EMP1018,현현준,남,31,1996-10-22,961022-1721976,군필,2023-01-06,3,대졸,서강대학교,3.1,인턴전환,정규직,,,,두리안정보기술,경기 판교,마케팅부,디지털마케팅팀,1,사원,팀원,1,,,hyunhyunjun33@hanmail.net,010-2167-2890,서울시 강남구 논현동,36000000,11,12,토스뱅크,100-7395-8909,가입,70,,,,C,B,,,비해당,,,
EMP1019,하혜린,여,26,2001-03-22,010322-4981487,해당없음,2024-10-23,1,고졸,,,경력,정규직,현대자동차,대리,인사관리,두리안정보기술,서울 여의도,인사부,채용팀,3,사원,팀원,1,,,hahyerin64@hanmail.net,010-4293-4186,경기도 성남시 분당구 판교동,37000000,11,0,하나은행,111-330808-8257,가입,73,,,,,C,ADsP,842,해당,,,
EMP1020,배지호,남,36,1991-09-13,910913-1574589,군필,2022-07-14,3,대졸,경희대학교,3.4,추천,정규직,,,,두리안정보기술,서울 강남,기획부,전략기획팀,1,대리,팀원,1,,,baejiho_923@kakao.com,010-4730-3874,경기도 용인시 기흥구 영덕동,44000000,14,3,국민은행,570073-45-577717,가입,72,,,D,C,C,정보처리기사,,해당,,,
EMP1021,엄준혁,남,49,1978-05-06,780506-1660212,미필,2007-10-11,18,전문대졸,명지전문대학,3.9,경력,정규직,포스코,대리,데이터분석,두리안정보기술,경기 판교,마케팅부,디지털마케팅팀,1,부장,팀원,2,,,umjunhyuk_dev@daum.net,010-6395-3081,서울시 마포구 상암동,90000000,16,6,농협은행,356-6257-1234-71,가입,82,A,B,B,B,A,빅데이터분석기사,,해당,,정직,지각반복
EMP1022,양세연,여,29,1998-03-23,980323-2542586,해당없음,2021-08-08,4,전문대졸,영진전문대학교,4,인턴전환,정규직,,,,두리안정보기술,서울 강남,인사부,채용팀,3,대리,팀원,1,,,yangseyeon_953@hanmail.net,010-7967-7981,서울시 강남구 역삼동,45000000,18,5,기업은행,020-43-171390,가입,80,,B,B,A,A,SQLD,,해당,,,
EMP1023,남지수,여,30,1997-08-03,970803-2873235,해당없음,2023-12-10,2,대학원졸,서강대학교,3.2,공채,계약직,,,,두리안정보기술,서울 여의도,기획부,전략기획팀,1,사원,팀원,1,,,namjisu86@hanmail.net,010-8255-7651,서울시 강남구 삼성동,31000000,15,11,신한은행,110-697-834414,가입,71,,,,C,B,정보보안기사,,해당,,,
EMP1024,장도현,남,31,1996-10-26,961026-1777074,군필,2021-10-23,4,대졸,한국외국어대학교,3.6,공채,정규직,,,,두리안정보기술,서울 강남,개발부,AI팀,1,대리,팀원,1,,,jangdohyun39@naver.com,010-2703-8433,서울시 용산구 이태원동,47300000,22,6,우리은행,1005-540-173125,가입,83,,C,B,B,B,,574,비해당,공로상,,
EMP1025,박현우,남,41,1986-06-01,860601-1341417,면제,2013-12-18,12,전문대졸,경북전문대학교,2.9,공채,정규직,,,,두리안정보기술,서울 여의도,인사부,채용팀,3,차장,팀원,2,,,parkhyunwoo_187@nate.com,010-9288-3725,서울시 용산구 이태원동,68000000,20,14,신한은행,110-202-036963,가입,82,A,B,A,B,B,,,비해당,,,
EMP1026,조지영,여,35,1992-11-05,921105-2487078,해당없음,2019-03-23,7,대학원졸,국민대학교,3,인턴전환,정규직,,,,두리안정보기술,서울 강남,마케팅부,디지털마케팅팀,1,대리,팀원,1,,,jojiyoung39@naver.com,010-4555-9475,서울시 영등포구 여의도동,38000000,19,3,국민은행,024254-71-100673,가입,74,C,C,B,B,C,,,비해당,,,
EMP1027,권준혁,남,35,1992-07-04,920704-1954905,군필,2015-07-03,10,고졸,,,공채,정규직,,,,두리안정보기술,경기 판교,개발부,AI팀,1,과장,팀원,1,,,kwonjunhyuk27@naver.com,010-1862-5470,서울시 강남구 논현동,59400000,18,12,하나은행,200-300520-4082,가입,84,B,B,A,B,B,,,비해당,,,
EMP1028,한유진,여,25,2002-07-15,020715-4667806,해당없음,2025-02-21,1,대학원졸,가천대학교,3.5,추천,정규직,,,,두리안정보기술,서울 강남,마케팅부,브랜드팀,1,사원,팀원,1,,,hanyujin@daum.net,010-8209-7851,경기도 고양시 일산동구 장항동,38000000,5,14,농협은행,301-5344-2284-96,가입,67,,,,,,,929,비해당,우수사원상,,
EMP1029,우정우,남,28,1999-01-20,990120-1735933,군필,2025-06-22,0,전문대졸,경북전문대학교,2.8,공채,계약직,,,,두리안정보기술,서울 강남,마케팅부,디지털마케팅팀,1,사원,팀원,1,,,woojungwoo.7@naver.com,010-3322-6473,경기도 용인시 기흥구 영덕동,35000000,17,13,우리은행,1002-842-788944,가입,74,,,,,,정보보안기사,849,해당,,,
EMP1030,권지영,여,47,1980-03-17,800317-2919771,해당없음,2008-07-13,17,전문대졸,명지전문대학,3.8,인턴전환,정규직,,,,두리안정보기술,서울 강남,개발부,백엔드팀,1,부장,팀원,2,,,kwonjiyoung67@kakao.com,010-4348-5902,서울시 송파구 잠실동,99000000,19,4,기업은행,010-53-293183,미가입,93,S,B,S,A,A,,836,비해당,팀워크상,,
EMP1031,전동현,남,42,1985-06-09,850609-1927697,군필,2008-03-03,18,대졸,숙명여자대학교,3.3,경력,계약직,삼성전자,과장,백엔드개발,두리안정보기술,서울 여의도,개발부,인프라팀,1,부장,팀원,2,,,jeondonghyun84@nate.com,010-6793-2613,인천시 부평구 부평동,92400000,19,2,기업은행,030-33-529042,가입,87,A,C,C,A,C,빅데이터분석기사,,해당,,,
EMP1032,이지영,여,27,2000-06-24,000624-4807203,해당없음,2024-07-04,1,전문대졸,영진전문대학교,2.6,추천,계약직,,,,두리안정보기술,서울 여의도,영업부,국내영업팀,1,사원,팀원,1,,,leejiyoung_455@kakao.com,010-9257-4076,인천시 부평구 부평동,30000000,7,1,우리은행,1005-006-997057,가입,78,,,,,B,,900,비해당,,,
EMP1033,안우혁,남,36,1991-05-11,910511-1793613,군필,2017-12-25,8,대졸,홍익대학교,2.8,경력,정규직,포스코,과장,재무회계,두리안정보기술,서울 여의도,기획부,사업기획팀,1,과장,팀원,1,,,ahnwoohyuk47@nate.com,010-8930-4185,서울시 마포구 합정동,54000000,30,1,기업은행,010-84-210205,가입,83,B,B,B,A,B,빅데이터분석기사,,해당,,,
EMP1034,천소희,여,57,1970-08-04,700804-2667979,해당없음,2006-12-27,19,고졸,,,경력,정규직,삼성전자,차장,영업관리,두리안정보기술,서울 강남,인사부,교육팀,3,부장,팀원,2,정년퇴직,2023-01-10,chunsohee95@hanmail.net,010-6184-4928,서울시 노원구 상계동,117000000,14,15,우리은행,1005-959-546288,가입,97,S,S,A,S,S,,985,비해당,,,
EMP1035,전나은,여,37,1990-11-07,901107-2124714,해당없음,2015-10-21,10,고졸,,,추천,정규직,,,,두리안정보기술,경기 판교,영업부,해외영업팀,1,차장,팀원,2,,,jeonnaeun.7@naver.com,010-6570-4859,경기도 고양시 일산동구 장항동,65000000,24,11,카카오뱅크,333-80-6182404,가입,88,A,A,A,A,B,정보보안기사,,해당,,경고,업무태만
EMP1036,이성민,남,48,1979-09-06,790906-1911379,군필,2008-04-07,18,대졸,전남대학교,3.8,공채,정규직,,,,두리안정보기술,서울 여의도,마케팅부,브랜드팀,1,부장,팀원,2,,,leesungmin77@daum.net,010-2717-8638,서울시 강남구 역삼동,89000000,20,15,카카오뱅크,333-65-7702065,가입,86,C,A,B,B,A,정보처리기사,,해당,팀워크상,,
EMP1037,엄지후,남,25,2002-10-20,021020-3263327,군필,2025-08-11,0,전문대졸,경북전문대학교,3.4,경력,계약직,카카오,사원,백엔드개발,두리안정보기술,서울 강남,인사부,교육팀,3,사원,팀원,1,권고사직,2026-06-09,umjihoo_157@naver.com,010-1378-3960,서울시 마포구 상암동,30000000,8,1,하나은행,111-299137-1681,가입,74,,,,,,,,비해당,,,
EMP1038,조하은,여,33,1994-10-06,941006-2711807,해당없음,2020-09-20,5,대졸,서강대학교,3.8,공채,정규직,,,,두리안정보기술,서울 강남,인사부,교육팀,3,대리,팀원,1,,,johaeun_473@kakao.com,010-3873-6715,서울시 영등포구 여의도동,39000000,14,9,기업은행,010-95-024026,가입,70,B,C,B,C,C,,978,비해당,,,
EMP1039,함예은,여,35,1992-07-14,920714-2627517,해당없음,2020-05-16,6,전문대졸,경북전문대학교,3,공채,계약직,,,,두리안정보기술,서울 여의도,영업부,해외영업팀,1,대리,팀원,1,,,hamyeeun.8@daum.net,010-1759-9936,서울시 강남구 삼성동,47000000,10,5,기업은행,030-11-775891,가입,77,C,C,B,B,B,정보처리기사,570,해당,,,
EMP1040,원소연,여,27,2000-04-17,000417-4856427,해당없음,2023-11-13,2,고졸,,,공채,정규직,,,,두리안정보기술,경기 판교,기획부,사업기획팀,1,대리,팀원,1,,,wonsoyeon_dev@hanmail.net,010-8602-5318,경기도 고양시 일산동구 장항동,40000000,14,4,토스뱅크,100-5855-9068,가입,80,,,,B,B,,,비해당,,,
EMP1041,나하린,여,28,1999-06-09,990609-2846908,해당없음,2022-11-20,3,대졸,인하대학교,2.8,인턴전환,정규직,,,,두리안정보기술,경기 판교,기획부,전략기획팀,1,대리,팀원,1,,,naharin84@hanmail.net,010-1723-2077,경기도 수원시 영통구 매탄동,43000000,12,15,하나은행,162-233915-6631,가입,72,,,B,B,B,,678,비해당,,,
EMP1042,노재원,남,56,1971-02-04,710204-1914263,군필,1999-04-25,27,대졸,충남대학교,2.8,경력,정규직,KT,사원,백엔드개발,두리안정보기술,서울 여의도,영업부,,1,이사,팀원,3,,,nohjaewon77@nate.com,010-5910-3669,서울시 강남구 역삼동,102000000,12,11,기업은행,020-83-908470,가입,92,A,A,A,A,A,컴퓨터활용능력1급,933,해당,,,
EMP1043,강예은,여,30,1997-01-27,970127-2999274,해당없음,2024-05-19,2,대졸,한양대학교,3.6,공채,계약직,,,,두리안정보기술,서울 강남,기획부,사업기획팀,1,사원,팀원,1,,,kangyeeun.3@daum.net,010-4358-7223,인천시 부평구 부평동,37000000,6,8,기업은행,010-76-617711,가입,73,,,,,C,,,비해당,,,
EMP1044,함하늘,여,41,1986-12-02,861202-2714839,해당없음,2014-08-15,11,대졸,충남대학교,3.7,공채,계약직,,,,두리안정보기술,서울 여의도,마케팅부,디지털마케팅팀,1,차장,팀원,2,,,hamhaneul_310@hanmail.net,010-6670-7932,서울시 마포구 합정동,71000000,24,10,농협은행,301-2198-5488-91,가입,79,C,B,B,C,B,,539,비해당,,정직,복무규정위반
EMP1045,심지훈,남,39,1988-10-23,881023-1251573,군필,2015-12-09,10,대졸,덕성여자대학교,2.7,공채,계약직,,,,두리안정보기술,서울 강남,인사부,교육팀,3,과장,팀원,1,,,shimjihoon.1@nate.com,010-2123-4145,서울시 마포구 상암동,49000000,26,13,신한은행,140-340-581835,가입,81,C,C,B,A,B,컴퓨터활용능력1급,963,해당,,,
EMP1046,공예준,남,33,1994-05-17,940517-1902016,군필,2019-01-10,7,대졸,명지대학교,3.1,공채,정규직,,,,두리안정보기술,서울 여의도,인사부,교육팀,3,과장,팀원,1,,,kongyejun_919@kakao.com,010-9064-5518,서울시 마포구 합정동,52000000,25,3,신한은행,110-750-783940,가입,74,C,C,C,B,C,,,비해당,,,
EMP1047,박소희,여,29,1998-06-23,980623-2145672,해당없음,2023-10-06,2,전문대졸,경북전문대학교,2.8,공채,정규직,,,,두리안정보기술,서울 강남,마케팅부,디지털마케팅팀,1,사원,팀원,1,,,parksohee@nate.com,010-4491-7371,서울시 서초구 방배동,31000000,6,8,우리은행,1005-593-674954,가입,64,,,,D,D,컴퓨터활용능력1급,541,해당,MVP,경고,복무규정위반
EMP1048,윤민재,남,46,1981-02-04,810204-1613273,군필,2011-11-28,14,대졸,가천대학교,2.5,인턴전환,정규직,,,,두리안정보기술,서울 여의도,영업부,해외영업팀,1,부장,팀원,2,,,yoonminjae.4@daum.net,010-1031-5307,서울시 은평구 불광동,82000000,16,3,농협은행,302-5915-9181-30,가입,84,A,B,B,B,B,ADsP,,해당,,,
EMP1049,조다현,여,31,1996-06-16,960616-2837049,해당없음,2021-07-23,4,대학원졸,단국대학교,2.7,인턴전환,계약직,,,,두리안정보기술,서울 여의도,기획부,전략기획팀,1,대리,팀원,1,,,jodahyun_319@nate.com,010-8230-2998,서울시 노원구 상계동,42000000,15,7,카카오뱅크,333-94-0776783,가입,76,,B,B,B,B,컴퓨터활용능력1급,621,해당,,,
EMP1050,임지유,여,28,1999-01-23,990123-2796298,해당없음,2022-06-25,3,고졸,,,경력,계약직,현대자동차,대리,영업관리,두리안정보기술,경기 판교,기획부,전략기획팀,1,대리,팀원,1,,,limjiyu_kr@hanmail.net,010-4099-8537,서울시 노원구 상계동,41000000,17,7,토스뱅크,100-7777-3765,가입,74,,,B,B,B,빅데이터분석기사,620,해당,,,
EMP1051,엄보미,여,30,1997-09-20,970920-2310212,해당없음,2025-03-03,1,대졸,인하대학교,3.6,인턴전환,정규직,,,,두리안정보기술,서울 강남,영업부,국내영업팀,1,사원,팀원,1,,,umbomi26@hanmail.net,010-8287-3090,경기도 용인시 기흥구 영덕동,34000000,10,9,신한은행,140-726-479486,가입,66,,,,,,,899,비해당,,,
EMP1052,송예준,남,41,1986-03-09,860309-1241940,군필,2019-03-10,7,대학원졸,건국대학교,2.8,추천,정규직,,,,두리안정보기술,서울 강남,인사부,채용팀,3,과장,팀원,1,,,songyejun80@naver.com,010-5969-2826,경기도 고양시 일산동구 장항동,60000000,20,15,농협은행,302-0545-3148-77,가입,79,C,C,B,B,B,,,비해당,,,
EMP1053,심준우,남,31,1996-03-02,960302-1244300,군필,2019-10-12,6,대졸,덕성여자대학교,2.6,경력,정규직,롯데그룹,과장,프론트엔드개발,두리안정보기술,서울 여의도,마케팅부,디지털마케팅팀,1,대리,팀원,1,,,shimjunwoo37@hanmail.net,010-6714-8724,서울시 강동구 천호동,45000000,17,2,카카오뱅크,333-13-7437621,가입,79,C,B,C,B,B,AWS Solutions Architect,699,해당,공로상,,
EMP1054,우태호,남,39,1988-02-24,880224-1315565,군필,2012-08-21,13,대졸,숭실대학교,3.8,공채,정규직,,,,두리안정보기술,경기 판교,기획부,사업기획팀,1,차장,팀원,2,,,wootaeho20@kakao.com,010-8444-5830,경기도 수원시 영통구 매탄동,71000000,15,12,우리은행,1005-655-703964,가입,80,B,B,C,B,B,SQLD,805,해당,,,
EMP1055,엄지훈,남,26,2001-05-28,010528-3275493,미필,2024-03-11,2,대학원졸,홍익대학교,3.1,공채,계약직,,,,두리안정보기술,서울 강남,영업부,해외영업팀,1,사원,팀원,1,계약만료,2025-09-08,umjihoon.8@gmail.com,010-5546-6827,서울시 용산구 이태원동,36000000,16,12,국민은행,079117-78-009749,가입,75,,,,,B,컴퓨터활용능력1급,731,해당,,,
EMP1056,현준서,남,29,1998-10-26,981026-1548998,군필,2021-01-12,5,고졸,,,추천,정규직,,,,두리안정보기술,서울 강남,영업부,국내영업팀,1,대리,팀원,1,,,hyunjunseo44@nate.com,010-6209-5586,서울시 마포구 상암동,44000000,11,12,하나은행,162-958762-0294,가입,79,,B,B,B,C,,748,비해당,,,
EMP1057,김하린,여,27,2000-04-27,000427-4466415,해당없음,2023-12-09,2,대졸,세종대학교,3.3,공채,정규직,,,,두리안정보기술,서울 강남,마케팅부,디지털마케팅팀,1,대리,팀원,1,,,kimharin71@hanmail.net,010-5191-9105,경기도 성남시 분당구 정자동,48000000,12,9,기업은행,020-92-124998,미가입,69,,,,D,C,ADsP,895,해당,,,
EMP1058,최은별,여,41,1986-08-06,860806-2773720,해당없음,2014-07-26,11,대졸,숭실대학교,3.3,공채,정규직,,,,두리안정보기술,경기 판교,영업부,국내영업팀,1,과장,팀원,1,,,choieunbyul_549@nate.com,010-7031-7318,서울시 마포구 합정동,60000000,25,5,토스뱅크,100-3412-8558,가입,79,B,C,B,C,B,AWS Solutions Architect,,해당,,,
EMP1059,정지현,여,36,1991-04-27,910427-2909521,해당없음,2017-01-12,9,대졸,한국외국어대학교,2.6,공채,정규직,,,,두리안정보기술,경기 판교,개발부,프론트팀,1,과장,팀원,1,,,jungjihyun14@gmail.com,010-8535-2660,경기도 성남시 분당구 정자동,55000000,18,2,카카오뱅크,333-13-3388896,미가입,75,C,B,C,B,B,ADsP,987,해당,공로상,,
EMP1060,백하은,여,36,1991-12-08,911208-2808402,해당없음,2014-08-26,11,대졸,강원대학교,3.2,경력,계약직,롯데그룹,과장,재무회계,두리안정보기술,경기 판교,인사부,채용팀,3,차장,팀원,2,,,baekhaeun.1@daum.net,010-4992-8434,서울시 강남구 삼성동,67000000,21,2,국민은행,649431-57-138859,미가입,89,A,S,A,A,A,,532,비해당,,,
EMP1061,노예준,남,25,2002-03-05,020305-3979544,군필,2026-03-25,0,대학원졸,홍익대학교,3,공채,정규직,,,,두리안정보기술,서울 강남,인사부,교육팀,3,사원,팀원,1,,,nohyejun.3@naver.com,010-3487-6944,서울시 서초구 서초동,31000000,9,2,신한은행,180-373-831146,가입,69,,,,,,,765,비해당,,,
EMP1062,안수아,여,41,1986-08-05,860805-2152849,해당없음,2010-02-14,16,고졸,,,인턴전환,정규직,,,,두리안정보기술,경기 판교,개발부,인프라팀,1,차장,팀원,2,,,ahnsua_274@kakao.com,010-4526-5015,서울시 노원구 상계동,67100000,22,10,농협은행,356-7816-3529-31,가입,83,B,B,B,B,A,AWS Solutions Architect,,해당,,,
EMP1063,권지호,남,43,1984-08-16,840816-1304789,미필,2011-05-17,15,고졸,,,추천,정규직,,,,두리안정보기술,서울 여의도,인사부,채용팀,3,차장,팀원,2,권고사직,2026-03-07,kwonjiho63@kakao.com,010-3861-7198,서울시 강남구 삼성동,61000000,15,13,우리은행,1006-194-486180,가입,82,B,B,B,C,B,,761,비해당,,,
EMP1064,천재현,남,41,1986-02-21,860221-1983238,면제,2018-10-20,7,대졸,덕성여자대학교,3.8,인턴전환,정규직,,,,두리안정보기술,경기 판교,영업부,해외영업팀,1,과장,팀원,1,,,chunjaehyun32@kakao.com,010-6249-5211,경기도 수원시 영통구 매탄동,48000000,26,14,농협은행,302-8665-2195-61,가입,87,B,B,B,B,B,리눅스마스터,738,해당,,,
EMP1065,장지영,여,36,1991-05-11,910511-2360925,해당없음,2021-07-23,4,고졸,,,공채,정규직,,,,두리안정보기술,서울 강남,영업부,국내영업팀,1,대리,팀원,1,,,jangjiyoung_457@naver.com,010-9582-7805,서울시 노원구 상계동,48000000,22,7,우리은행,1006-691-803111,가입,78,,B,B,B,B,,783,비해당,,,
EMP1066,지하늘,여,36,1991-01-26,910126-2386603,해당없음,2018-03-22,8,대졸,서강대학교,3.5,추천,정규직,,,,두리안정보기술,경기 판교,기획부,전략기획팀,1,대리,팀원,1,자발적퇴직,2023-04-26,jihaneul46@hanmail.net,010-2051-7166,서울시 마포구 합정동,41000000,18,3,토스뱅크,100-3503-7723,가입,70,B,C,D,B,C,,,비해당,,,
EMP1067,나하늘,여,29,1998-03-04,980304-2974735,해당없음,2023-12-20,2,대졸,광운대학교,2.6,공채,정규직,,,,두리안정보기술,서울 강남,개발부,백엔드팀,1,사원,팀원,1,,,nahaneul51@gmail.com,010-6069-5038,서울시 강남구 논현동,38500000,11,5,농협은행,356-4940-1935-94,가입,66,,,,B,D,,829,비해당,,,
EMP1068,남수현,남,31,1996-05-28,960528-1153594,미필,2026-05-04,0,대졸,서강대학교,3.7,공채,정규직,,,,두리안정보기술,서울 여의도,마케팅부,브랜드팀,1,사원,팀원,1,,,namsoohyun_352@hanmail.net,010-8935-3653,경기도 용인시 기흥구 영덕동,32000000,13,15,카카오뱅크,333-78-4545661,가입,69,,,,,,AWS Solutions Architect,,해당,,,
EMP1069,고세연,여,40,1987-03-06,870306-2503006,해당없음,2016-10-18,9,대졸,한국외국어대학교,2.7,인턴전환,정규직,,,,두리안정보기술,서울 여의도,영업부,해외영업팀,1,과장,팀원,1,자발적퇴직,2021-02-28,koseyeon28@nate.com,010-3094-6675,서울시 노원구 상계동,60000000,29,5,카카오뱅크,333-01-7413721,가입,80,C,B,B,B,A,,677,비해당,,,
EMP1070,구수현,남,38,1989-04-15,890415-1456299,미필,2012-07-23,13,대학원졸,한양대학교,3,경력,계약직,삼성전자,사원,영업관리,두리안정보기술,서울 강남,인사부,채용팀,3,차장,팀원,2,,,koosoohyun29@kakao.com,010-2121-4784,서울시 용산구 이태원동,67000000,24,9,신한은행,180-320-187574,가입,82,C,B,B,C,A,,,비해당,,,
EMP1071,문도현,남,50,1977-05-18,770518-1446569,군필,2010-01-12,16,대졸,경북대학교,3.7,추천,정규직,,,,두리안정보기술,서울 여의도,영업부,해외영업팀,1,부장,팀원,2,,,moondohyun_dev@gmail.com,010-7288-7152,인천시 부평구 부평동,80000000,17,12,신한은행,140-630-688752,가입,85,B,A,B,C,B,,650,비해당,,,
EMP1072,엄지후,남,49,1978-09-11,780911-1441141,군필,2006-12-13,19,대졸,홍익대학교,2.6,경력,정규직,쿠팡,과장,마케팅기획,두리안정보기술,경기 판교,영업부,국내영업팀,1,부장,팀원,2,,,umjihoo_938@nate.com,010-2013-8212,서울시 송파구 잠실동,83000000,14,2,국민은행,319777-18-678367,가입,91,A,A,A,A,A,빅데이터분석기사,618,해당,,,
EMP1073,강다현,여,35,1992-05-28,920528-2840074,해당없음,2015-06-09,10,대졸,한양대학교,3.6,추천,계약직,,,,두리안정보기술,서울 강남,개발부,백엔드팀,1,과장,팀원,1,,,kangdahyun69@kakao.com,010-1913-8425,서울시 강남구 삼성동,56100000,21,10,농협은행,351-9343-4431-74,가입,74,C,B,B,B,B,리눅스마스터,589,해당,,,
EMP1074,고서준,남,37,1990-07-19,900719-1304990,군필,2017-07-02,8,고졸,,,추천,계약직,,,,두리안정보기술,서울 여의도,영업부,국내영업팀,1,과장,팀원,1,자발적퇴직,2023-03-21,koseojun41@gmail.com,010-3545-1126,경기도 성남시 분당구 정자동,58000000,26,6,카카오뱅크,333-03-0348205,가입,78,B,C,C,C,B,,844,비해당,,,
EMP1075,조예진,여,39,1988-12-22,881222-2885802,해당없음,2015-10-07,10,대졸,서울대학교,3.3,경력,정규직,KT,차장,데이터분석,두리안정보기술,서울 여의도,인사부,교육팀,3,차장,팀원,2,,,joyejin.3@hanmail.net,010-4683-3753,경기도 성남시 분당구 정자동,69000000,17,4,신한은행,140-427-337212,가입,84,B,B,B,B,C,정보처리기사,,해당,,,
EMP1076,배승환,남,28,1999-02-07,990207-1215041,군필,2022-08-07,3,대학원졸,강원대학교,2.7,경력,계약직,롯데그룹,차장,데이터분석,두리안정보기술,경기 판교,기획부,사업기획팀,1,대리,팀원,1,,,baeseunghwan78@naver.com,010-9765-2523,서울시 마포구 합정동,39000000,12,3,기업은행,030-56-984789,미가입,83,,,C,C,A,빅데이터분석기사,,해당,,,
EMP1077,윤소희,여,27,2000-07-01,000701-4669692,해당없음,2023-04-10,3,대졸,인하대학교,3,추천,계약직,,,,두리안정보기술,경기 판교,영업부,해외영업팀,1,대리,팀원,1,,,yoonsohee45@naver.com,010-6084-7213,서울시 노원구 상계동,45000000,17,1,농협은행,301-9498-7810-95,가입,76,,,,C,B,AWS Solutions Architect,565,해당,,,
EMP1078,성준혁,남,33,1994-12-24,941224-1484496,군필,2019-10-14,6,대졸,숙명여자대학교,3.8,추천,계약직,,,,두리안정보기술,서울 여의도,기획부,사업기획팀,1,대리,팀원,1,계약만료,2021-10-03,sungjunhyuk_937@hanmail.net,010-4819-4506,서울시 은평구 불광동,41000000,22,1,하나은행,111-590529-6386,가입,73,B,B,B,B,B,ADsP,,해당,MVP,,
EMP1079,엄지영,여,35,1992-12-22,921222-2955150,해당없음,2018-02-02,8,대졸,전북대학교,3.3,공채,정규직,,,,두리안정보기술,서울 강남,영업부,국내영업팀,1,과장,팀원,1,,,umjiyoung@gmail.com,010-9217-5370,경기도 성남시 분당구 판교동,56000000,21,0,국민은행,696465-71-275627,가입,75,C,B,B,B,B,SQLD,,해당,,,
EMP1080,천유진,여,39,1988-06-28,880628-2665087,해당없음,2016-09-10,9,전문대졸,영진전문대학교,2.9,공채,정규직,,,,두리안정보기술,서울 강남,마케팅부,브랜드팀,1,과장,팀원,1,,,chunyujin60@hanmail.net,010-9604-5942,서울시 서초구 방배동,56000000,20,15,토스뱅크,100-0204-3861,가입,86,B,B,B,B,B,,,비해당,,,
EMP1081,이우진,남,30,1997-04-02,970402-1812728,군필,2024-01-21,2,대졸,연세대학교,2.6,경력,정규직,LG전자,대리,영업관리,두리안정보기술,경기 판교,인사부,교육팀,3,사원,팀원,1,,,leewoojin36@hanmail.net,010-8278-7527,서울시 강남구 논현동,35000000,17,15,기업은행,020-11-836736,가입,78,,,,,B,,515,비해당,,,
EMP1082,원동현,남,37,1990-02-21,900221-1426959,군필,2017-07-05,8,전문대졸,경북전문대학교,3.6,인턴전환,정규직,,,,두리안정보기술,서울 강남,영업부,해외영업팀,1,과장,팀원,1,,,wondonghyun14@nate.com,010-5121-4003,서울시 송파구 잠실동,51000000,30,5,하나은행,200-667715-1645,가입,74,C,C,B,B,B,,976,비해당,우수사원상,감봉,업무태만
EMP1083,방지원,여,25,2002-11-05,021105-4739315,해당없음,2025-05-27,0,대졸,충남대학교,3.7,공채,정규직,,,,두리안정보기술,경기 판교,개발부,AI팀,1,사원,팀원,1,,,bangjiwon_239@gmail.com,010-6581-2423,경기도 성남시 분당구 판교동,37400000,6,3,토스뱅크,100-3498-2559,가입,61,,,,,,,,비해당,,,
EMP1084,이지영,여,50,1977-04-05,770405-2976496,해당없음,2005-04-03,21,대졸,광운대학교,3.5,추천,정규직,,,,두리안정보기술,서울 강남,개발부,AI팀,1,부장,팀원,2,,,leejiyoung69@gmail.com,010-3915-2078,경기도 고양시 일산동구 장항동,91300000,19,11,기업은행,020-76-615654,가입,90,B,A,S,A,S,,,비해당,,,
EMP1085,원재현,남,31,1996-08-01,960801-1544212,군필,2023-12-24,2,대졸,한국외국어대학교,3.4,추천,정규직,,,,두리안정보기술,서울 여의도,개발부,백엔드팀,1,사원,팀원,1,,,wonjaehyun94@hanmail.net,010-5981-9375,경기도 성남시 분당구 판교동,40700000,18,9,농협은행,351-0233-6335-50,가입,78,,,,B,B,,826,비해당,,,
EMP1086,구다은,여,43,1984-10-05,841005-2582863,해당없음,2011-04-24,15,고졸,,,경력,정규직,네이버,차장,인사관리,두리안정보기술,서울 여의도,마케팅부,브랜드팀,1,부장,팀원,2,,,koodaeun_267@nate.com,010-7118-1049,경기도 고양시 일산동구 장항동,80000000,12,2,농협은행,356-0114-8361-90,가입,86,B,A,B,B,B,리눅스마스터,758,해당,공로상,,
EMP1087,홍하늘,여,51,1976-05-25,760525-2742367,해당없음,2004-04-04,22,대졸,숙명여자대학교,3.2,추천,계약직,,,,두리안정보기술,서울 여의도,마케팅부,브랜드팀,1,부장,팀장,2,권고사직,2023-04-28,honghaneul_914@nate.com,010-4209-9634,서울시 강서구 마곡동,79000000,15,7,국민은행,682234-69-139706,가입,92,B,S,A,A,A,ADsP,,해당,,,
EMP1088,차예은,여,30,1997-09-05,970905-2219544,해당없음,2022-10-26,3,대졸,경북대학교,4,추천,정규직,,,,두리안정보기술,서울 강남,기획부,전략기획팀,1,사원,팀원,1,,,chayeeun_513@daum.net,010-3891-6748,서울시 강남구 삼성동,35000000,11,8,카카오뱅크,333-33-4841979,가입,76,,,B,B,B,,751,비해당,,,
EMP1089,남지아,여,43,1984-07-06,840706-2134604,해당없음,2007-11-21,18,대졸,아주대학교,3.9,추천,정규직,,,,두리안정보기술,서울 강남,개발부,인프라팀,1,부장,팀원,2,,,namjia_143@kakao.com,010-2922-1906,서울시 송파구 잠실동,84700000,15,15,하나은행,200-114978-0513,가입,93,S,B,A,S,A,,903,비해당,,,
EMP1090,임선우,남,38,1989-06-04,890604-1809778,군필,2017-04-13,9,전문대졸,인하공업전문대학,3.6,추천,정규직,,,,두리안정보기술,경기 판교,기획부,사업기획팀,1,과장,팀원,1,권고사직,2024-10-14,limsunwoo13@kakao.com,010-3638-5386,경기도 용인시 기흥구 영덕동,56000000,21,11,카카오뱅크,333-72-8711459,가입,82,B,B,B,C,B,,,비해당,,감봉,지각반복
EMP1091,원서윤,여,28,1999-05-17,990517-2497266,해당없음,2022-10-01,3,대학원졸,아주대학교,2.9,인턴전환,정규직,,,,두리안정보기술,서울 여의도,인사부,교육팀,3,대리,팀원,1,,,wonseoyoon31@naver.com,010-8540-6952,서울시 강남구 삼성동,45000000,22,7,기업은행,020-27-111161,가입,78,,,C,C,B,,572,비해당,공로상,,
EMP1092,백유진,여,37,1990-09-23,900923-2464884,해당없음,2015-10-08,10,고졸,,,추천,정규직,,,,두리안정보기술,서울 강남,영업부,국내영업팀,1,과장,팀원,1,,,baekyujin_dev@daum.net,010-6831-8145,서울시 용산구 이태원동,48000000,26,7,국민은행,494841-73-674401,가입,79,C,B,B,B,C,빅데이터분석기사,,해당,,,
EMP1093,신현우,남,25,2002-10-10,021010-3113651,군필,2025-12-18,0,대졸,명지대학교,3.5,인턴전환,계약직,,,,두리안정보기술,서울 강남,개발부,프론트팀,1,사원,팀원,1,,,shinhyunwoo27@daum.net,010-1672-9232,경기도 용인시 기흥구 영덕동,37400000,18,13,하나은행,111-631952-6120,가입,66,,,,,,,,비해당,,,
EMP1094,정민호,남,24,2003-10-08,031008-3880190,미필,2025-10-26,0,고졸,,,추천,정규직,,,,두리안정보기술,서울 강남,인사부,채용팀,3,사원,팀원,1,,,jungminho_kr@nate.com,010-9655-7898,서울시 용산구 이태원동,38000000,14,4,카카오뱅크,333-91-1090467,미가입,63,,,,,,정보보안기사,696,해당,,,
EMP1095,민지현,여,28,1999-04-18,990418-2756562,해당없음,2024-01-20,2,고졸,,,경력,계약직,삼성전자,과장,마케팅기획,두리안정보기술,서울 여의도,영업부,해외영업팀,1,사원,팀원,1,,,minjihyun_kr@gmail.com,010-7832-7467,경기도 용인시 기흥구 영덕동,36000000,18,11,토스뱅크,100-0982-0414,가입,63,,,,,D,,503,비해당,,,
EMP1096,손미래,여,29,1998-01-27,980127-2929151,해당없음,2025-06-20,0,대졸,세종대학교,3.2,인턴전환,계약직,,,,두리안정보기술,경기 판교,영업부,해외영업팀,1,사원,팀원,1,,,sonmirae64@gmail.com,010-6054-4068,서울시 송파구 문정동,38000000,17,3,하나은행,162-210112-3765,가입,60,,,,,,정보처리기사,,해당,,,
EMP1097,한주원,남,25,2002-07-21,020721-3564492,군필,2025-01-05,1,대졸,홍익대학교,3.7,공채,정규직,,,,두리안정보기술,경기 판교,인사부,채용팀,3,사원,팀원,1,,,hanjuwon80@hanmail.net,010-1558-6466,경기도 수원시 영통구 매탄동,36000000,15,11,국민은행,414456-70-250641,가입,64,,,,,,컴퓨터활용능력1급,909,해당,,,
EMP1098,박예준,남,46,1981-04-18,810418-1946169,군필,2006-12-25,19,대졸,부산대학교,3.8,공채,정규직,,,,두리안정보기술,경기 판교,영업부,해외영업팀,1,부장,팀원,2,,,parkyejun.2@nate.com,010-6588-5137,서울시 서초구 서초동,78000000,17,3,기업은행,030-52-809885,가입,92,A,A,A,A,S,,,비해당,팀워크상,,
EMP1099,강지우,여,30,1997-03-13,970313-2207250,해당없음,2024-07-27,1,대졸,한양대학교,2.9,인턴전환,계약직,,,,두리안정보기술,경기 판교,마케팅부,브랜드팀,1,사원,팀원,1,,,kangjiwoo.2@nate.com,010-7423-2584,서울시 강동구 천호동,36000000,7,12,카카오뱅크,333-63-2234753,가입,65,,,,,C,,972,비해당,,,
EMP1100,한지현,여,34,1993-06-18,930618-2215598,해당없음,2017-04-23,9,대졸,건국대학교,2.6,경력,계약직,네이버,차장,프론트엔드개발,두리안정보기술,경기 판교,영업부,국내영업팀,1,과장,팀원,1,,,hanjihyun_815@daum.net,010-9556-9950,서울시 용산구 이태원동,48000000,30,2,신한은행,140-468-674109,가입,80,B,B,A,B,B,AWS Solutions Architect,,해당,,,
EMP1101,지다은,여,27,2000-11-16,001116-4256586,해당없음,2024-12-22,1,대졸,한양대학교,3.8,공채,정규직,,,,두리안정보기술,서울 여의도,개발부,인프라팀,1,사원,팀원,1,,,jidaeun77@hanmail.net,010-3065-5741,서울시 서초구 서초동,37400000,6,1,토스뱅크,100-3750-0930,가입,62,,,,,C,,759,비해당,,,
EMP1102,장예은,여,34,1993-01-03,930103-2180314,해당없음,2018-09-09,7,전문대졸,인하공업전문대학,2.9,추천,정규직,,,,두리안정보기술,서울 여의도,개발부,인프라팀,1,과장,팀원,1,,,jangyeeun_535@daum.net,010-2174-9051,경기도 성남시 분당구 정자동,59400000,25,6,농협은행,302-5875-6831-97,미가입,77,B,C,B,C,B,SQLD,981,해당,,,
EMP1103,김우혁,남,31,1996-08-21,960821-1369737,군필,2025-10-12,0,대졸,중앙대학교,2.6,인턴전환,정규직,,,,두리안정보기술,경기 판교,영업부,해외영업팀,1,사원,팀원,1,,,kimwoohyuk77@nate.com,010-3783-4201,경기도 용인시 기흥구 영덕동,31000000,13,2,기업은행,030-16-560494,가입,76,,,,,,,539,비해당,,,
EMP1104,구재현,남,31,1996-07-09,960709-1332765,군필,2025-05-24,0,대졸,한국외국어대학교,3.1,공채,계약직,,,,두리안정보기술,서울 여의도,영업부,국내영업팀,1,사원,팀원,1,계약만료,2025-10-14,koojaehyun34@daum.net,010-1787-5265,서울시 강서구 마곡동,34000000,14,1,국민은행,838177-50-120781,가입,70,,,,,,,733,비해당,,,
EMP1105,문건우,남,29,1998-11-12,981112-1367658,미필,2022-07-25,3,대졸,연세대학교,3.9,경력,정규직,카카오,과장,프론트엔드개발,두리안정보기술,서울 여의도,기획부,전략기획팀,1,대리,팀원,1,,,moongunwoo_dev@gmail.com,010-2128-2458,서울시 마포구 합정동,42000000,21,2,하나은행,162-341501-2958,가입,78,,,B,B,C,,,비해당,,,
EMP1106,양수진,여,27,2000-06-10,000610-4566826,해당없음,2023-03-23,3,대학원졸,서울대학교,2.8,경력,계약직,SK하이닉스,과장,프로젝트관리,두리안정보기술,경기 판교,마케팅부,디지털마케팅팀,1,대리,팀원,1,,,yangsujin.9@nate.com,010-6457-8137,서울시 마포구 합정동,40000000,15,11,하나은행,162-089198-1989,가입,80,,,,B,B,ADsP,748,해당,,,
EMP1107,허정수,남,33,1994-04-03,940403-1631083,군필,2021-08-02,4,대졸,성균관대학교,2.8,경력,정규직,포스코,차장,인사관리,두리안정보기술,경기 판교,개발부,프론트팀,1,대리,팀원,1,,,heojungsu_dev@daum.net,010-4524-1588,인천시 부평구 부평동,41800000,19,6,하나은행,200-533332-0200,가입,81,,B,C,B,A,,,비해당,,,
EMP1108,고민재,남,52,1975-02-16,750216-1246675,군필,2004-02-12,22,대학원졸,세종대학교,3.9,공채,정규직,,,,두리안정보기술,경기 판교,영업부,해외영업팀,1,부장,팀원,2,,,kominjae_198@naver.com,010-4129-3511,경기도 수원시 영통구 매탄동,106000000,13,3,우리은행,1005-912-844363,가입,93,A,A,A,A,B,,910,비해당,,경고,지각반복
EMP1109,안지민,여,29,1998-04-21,980421-2470097,해당없음,2022-07-27,3,대졸,한양대학교,2.8,인턴전환,정규직,,,,두리안정보기술,경기 판교,마케팅부,디지털마케팅팀,1,대리,팀원,1,,,ahnjimin35@naver.com,010-6532-6821,서울시 송파구 문정동,40000000,13,13,기업은행,020-19-832731,가입,73,,,D,C,B,,,비해당,,,
EMP1110,민지우,여,27,2000-12-07,001207-4122965,해당없음,2023-12-19,2,대졸,광운대학교,2.9,추천,정규직,,,,두리안정보기술,서울 여의도,개발부,AI팀,1,사원,팀원,1,,,minjiwoo66@kakao.com,010-8153-9117,경기도 고양시 일산동구 장항동,34100000,5,13,신한은행,180-518-121601,가입,77,,,,B,B,빅데이터분석기사,593,해당,,,
EMP1111,주아름,여,45,1982-02-19,820219-2320979,해당없음,2013-11-17,12,대졸,덕성여자대학교,2.9,추천,정규직,,,,두리안정보기술,서울 여의도,개발부,AI팀,1,차장,팀원,2,,,juareum74@kakao.com,010-9218-8090,경기도 수원시 영통구 매탄동,77000000,18,5,하나은행,200-316209-8989,가입,81,B,B,B,B,B,,702,비해당,,,
EMP1112,성나은,여,25,2002-02-02,020202-4446592,해당없음,2025-07-06,0,전문대졸,경북전문대학교,3.8,인턴전환,계약직,,,,두리안정보기술,서울 여의도,영업부,국내영업팀,1,사원,팀원,1,,,sungnaeun@hanmail.net,010-5905-4339,서울시 송파구 문정동,36000000,5,10,카카오뱅크,333-08-0561695,가입,77,,,,,,리눅스마스터,,해당,,,
EMP1113,서하준,남,36,1991-12-04,911204-1685478,군필,2021-06-06,4,대졸,서울대학교,3.6,공채,정규직,,,,두리안정보기술,서울 강남,영업부,해외영업팀,1,대리,팀원,1,,,seohajun_372@hanmail.net,010-7578-4590,서울시 영등포구 여의도동,40000000,10,7,국민은행,946459-72-943292,가입,70,,D,C,B,C,컴퓨터활용능력1급,,해당,,,
EMP1114,정윤서,여,30,1997-06-23,970623-2887971,해당없음,2024-08-05,1,전문대졸,경북전문대학교,2.5,추천,정규직,,,,두리안정보기술,서울 여의도,인사부,채용팀,3,사원,팀원,1,,,jungyunseo3@naver.com,010-3497-6024,서울시 은평구 불광동,34000000,12,5,농협은행,351-6236-3023-60,가입,73,,,,,C,,,비해당,,,
EMP1115,윤예원,여,24,2003-03-01,030301-4462372,해당없음,2025-08-01,0,전문대졸,영진전문대학교,3,경력,계약직,네이버,사원,프론트엔드개발,두리안정보기술,서울 여의도,기획부,전략기획팀,1,사원,팀원,1,,,yoonyewon60@daum.net,010-4775-4934,서울시 송파구 잠실동,37000000,7,6,토스뱅크,100-7692-3758,가입,71,,,,,,,699,비해당,공로상,,
EMP1116,김도현,남,29,1998-07-09,980709-1426297,군필,2023-10-26,2,대졸,서강대학교,3.9,공채,정규직,,,,두리안정보기술,경기 판교,영업부,국내영업팀,1,사원,팀원,1,,,kimdohyun35@kakao.com,010-2441-4394,서울시 은평구 불광동,37000000,8,11,하나은행,162-828247-3091,가입,62,,,,D,C,리눅스마스터,950,해당,,경고,업무태만
EMP1117,백다은,여,28,1999-03-06,990306-2408491,해당없음,2022-05-11,4,대졸,한양대학교,3.7,경력,정규직,네이버,대리,프로젝트관리,두리안정보기술,서울 여의도,인사부,채용팀,3,대리,팀원,1,,,baekdaeun19@naver.com,010-6049-5280,서울시 강서구 마곡동,46000000,16,2,하나은행,181-687440-3397,가입,77,,,B,B,B,SQLD,,해당,,,
EMP1118,김재원,남,27,2000-03-16,000316-3312545,군필,2023-07-07,2,대졸,광운대학교,2.9,공채,계약직,,,,두리안정보기술,서울 여의도,개발부,프론트팀,1,대리,팀원,1,,,kimjaewon94@kakao.com,010-4046-7330,인천시 부평구 부평동,52800000,17,15,우리은행,1006-734-254441,가입,81,,,,B,B,빅데이터분석기사,,해당,,,
EMP1119,천다은,여,25,2002-03-16,020316-4874914,해당없음,2025-04-08,1,대졸,덕성여자대학교,2.5,추천,정규직,,,,두리안정보기술,서울 여의도,기획부,전략기획팀,1,사원,팀원,1,,,chundaeun60@hanmail.net,010-4013-3583,경기도 성남시 분당구 정자동,38000000,17,9,카카오뱅크,333-60-6649333,가입,66,,,,,,컴퓨터활용능력1급,,해당,,,
EMP1120,주지수,여,47,1980-02-25,800225-2174649,해당없음,2010-05-25,15,대졸,숭실대학교,3.4,경력,정규직,네이버,차장,백엔드개발,두리안정보기술,경기 판교,기획부,사업기획팀,1,부장,팀원,2,,,jujisu_317@hanmail.net,010-6941-6415,서울시 서초구 서초동,75000000,14,4,기업은행,020-85-149368,가입,82,B,B,A,B,B,,,비해당,,,
EMP1121,우준서,남,31,1996-01-26,960126-1510518,군필,2025-03-07,1,대졸,동국대학교,2.8,경력,정규직,LG전자,사원,프론트엔드개발,두리안정보기술,서울 강남,인사부,교육팀,3,사원,팀원,1,,,woojunseo24@daum.net,010-5189-5263,경기도 성남시 분당구 정자동,33000000,15,9,하나은행,162-257436-7499,가입,77,,,,,,ADsP,724,해당,,,
EMP1122,고하은,여,30,1997-01-13,970113-2188257,해당없음,2023-07-05,2,대학원졸,덕성여자대학교,3.7,인턴전환,정규직,,,,두리안정보기술,서울 여의도,개발부,AI팀,1,대리,팀원,1,,,kohaeun_dev@gmail.com,010-8447-5580,경기도 고양시 일산동구 장항동,50600000,22,14,신한은행,100-430-512810,가입,70,,,,C,B,컴퓨터활용능력1급,831,해당,,,
EMP1123,최다현,여,30,1997-10-06,971006-2630512,해당없음,2022-08-04,3,대졸,중앙대학교,4,인턴전환,정규직,,,,두리안정보기술,서울 강남,기획부,전략기획팀,1,대리,팀원,1,,,choidahyun95@gmail.com,010-4979-8796,서울시 영등포구 여의도동,47000000,13,0,신한은행,140-883-230474,가입,83,,,A,A,C,정보보안기사,,해당,MVP,,
EMP1124,오준혁,남,46,1981-06-05,810605-1205906,면제,2007-02-23,19,대졸,연세대학교,3,경력,정규직,LG전자,차장,마케팅기획,두리안정보기술,경기 판교,기획부,전략기획팀,1,부장,팀원,2,,,ohjunhyuk.6@gmail.com,010-2978-1871,서울시 서초구 서초동,86000000,20,10,농협은행,301-0076-4695-46,가입,92,A,A,A,A,A,SQLD,,해당,,,
EMP1125,손지우,여,27,2000-11-26,001126-4681698,해당없음,2024-04-11,2,대졸,경희대학교,3.7,공채,정규직,,,,두리안정보기술,경기 판교,기획부,전략기획팀,1,사원,팀원,1,,,sonjiwoo.4@naver.com,010-6032-9169,서울시 강서구 마곡동,36000000,18,14,신한은행,100-884-034585,가입,74,,,,,B,SQLD,798,해당,,,
EMP1126,문주원,남,28,1999-11-18,991118-1532745,군필,2023-04-01,3,고졸,,,공채,정규직,,,,두리안정보기술,경기 판교,인사부,채용팀,3,사원,팀원,1,,,moonjuwon85@hanmail.net,010-4704-5042,서울시 송파구 문정동,30000000,9,0,우리은행,1002-800-653680,가입,78,,,,B,C,,801,비해당,,,
EMP1127,김서현,여,28,1999-11-03,991103-2636754,해당없음,2022-06-03,3,대학원졸,연세대학교,2.6,추천,정규직,,,,두리안정보기술,서울 강남,개발부,프론트팀,1,대리,팀원,1,자발적퇴직,2025-08-05,kimseohyun_dev@gmail.com,010-6350-7060,서울시 강서구 마곡동,45100000,18,12,카카오뱅크,333-33-3986238,가입,80,,,B,B,B,,564,비해당,,,
EMP1128,전정수,남,54,1973-04-25,730425-1494159,군필,2004-02-26,22,대졸,전북대학교,2.7,추천,정규직,,,,두리안정보기술,경기 판교,마케팅부,디지털마케팅팀,1,부장,팀원,2,,,jeonjungsu_work@hanmail.net,010-5099-1835,서울시 강동구 천호동,118000000,15,3,카카오뱅크,333-56-6362692,가입,90,A,S,S,A,A,정보처리기사,528,해당,,,
EMP1129,박하늘,여,48,1979-07-11,790711-2902373,해당없음,2010-03-27,16,대졸,건국대학교,3,추천,정규직,,,,두리안정보기술,서울 강남,영업부,해외영업팀,1,부장,팀원,2,,,parkhaneul_work@kakao.com,010-7898-2280,서울시 노원구 상계동,87000000,18,5,토스뱅크,100-2614-6493,가입,89,A,A,A,A,S,정보처리기사,,해당,,,
EMP1130,천민재,남,29,1998-11-09,981109-1681062,군필,2022-11-17,3,전문대졸,경북전문대학교,3.6,경력,정규직,현대자동차,대리,프로젝트관리,두리안정보기술,서울 여의도,개발부,인프라팀,1,사원,팀원,1,,,chunminjae_kr@nate.com,010-1006-3425,서울시 노원구 상계동,41800000,18,0,기업은행,030-98-094024,가입,78,,,C,B,D,,789,비해당,우수사원상,감봉,복무규정위반
EMP1131,차지영,여,24,2003-01-05,030105-4579926,해당없음,2025-06-20,0,대졸,서강대학교,3.4,추천,정규직,,,,두리안정보기술,경기 판교,기획부,전략기획팀,1,사원,팀원,1,자발적퇴직,2025-06-24,chajiyoung.7@gmail.com,010-6857-5457,경기도 수원시 영통구 매탄동,37000000,7,9,카카오뱅크,333-51-2165777,가입,73,,,,,,ADsP,,해당,,,
EMP1132,성보미,여,42,1985-03-09,850309-2961045,해당없음,2008-02-23,18,대졸,숭실대학교,3.7,공채,계약직,,,,두리안정보기술,경기 판교,인사부,교육팀,3,부장,팀원,2,,,sungbomi.2@naver.com,010-9610-8557,서울시 강남구 삼성동,85000000,19,11,토스뱅크,100-3053-4459,가입,90,A,B,S,A,S,,,비해당,,,
EMP1133,송하린,여,29,1998-05-27,980527-2625914,해당없음,2023-02-08,3,대졸,한국외국어대학교,3.3,경력,정규직,LG전자,과장,백엔드개발,두리안정보기술,서울 강남,기획부,사업기획팀,1,대리,팀원,1,,,songharin@naver.com,010-3926-2029,서울시 강남구 삼성동,47000000,13,10,농협은행,301-0405-9196-71,가입,77,,,,C,B,빅데이터분석기사,,해당,,,
EMP1134,류세연,여,35,1992-08-26,920826-2702164,해당없음,2020-02-16,6,고졸,,,공채,정규직,,,,두리안정보기술,경기 판교,인사부,채용팀,3,대리,팀원,1,,,ryuseyeon_work@kakao.com,010-7518-3178,서울시 강남구 논현동,48000000,11,1,신한은행,180-825-453127,가입,70,C,D,C,C,C,,728,비해당,,,
EMP1135,방재현,남,26,2001-08-25,010825-3435987,군필,2024-01-12,2,대학원졸,서울대학교,2.9,인턴전환,정규직,,,,두리안정보기술,서울 강남,영업부,국내영업팀,1,사원,팀원,1,정년퇴직,2025-07-25,bangjaehyun60@naver.com,010-1078-4547,서울시 서초구 방배동,35000000,12,3,국민은행,620211-19-145447,가입,60,,,,,C,AWS Solutions Architect,,해당,,,
EMP1136,곽세연,여,26,2001-08-12,010812-4764346,해당없음,2025-11-15,0,대졸,숙명여자대학교,3.1,추천,정규직,,,,두리안정보기술,서울 여의도,마케팅부,브랜드팀,1,사원,팀원,1,,,kwakseyeon80@daum.net,010-7007-2437,경기도 고양시 일산동구 장항동,36000000,11,10,하나은행,200-528178-4244,가입,71,,,,,,,518,비해당,,,
EMP1137,송지후,남,40,1987-09-22,870922-1856086,군필,2019-05-13,7,대졸,서강대학교,4,추천,정규직,,,,두리안정보기술,경기 판교,기획부,사업기획팀,1,과장,팀원,1,,,songjihoo32@hanmail.net,010-7851-1897,서울시 영등포구 여의도동,50000000,18,2,토스뱅크,100-6295-9027,가입,77,C,C,D,B,B,ADsP,,해당,,,
EMP1138,유다현,여,43,1984-12-01,841201-2885103,해당없음,2011-06-22,14,전문대졸,경북전문대학교,2.8,추천,계약직,,,,두리안정보기술,경기 판교,마케팅부,브랜드팀,1,부장,팀원,2,,,yoodahyun14@gmail.com,010-9096-1230,서울시 노원구 상계동,85000000,20,10,기업은행,030-45-502296,가입,88,A,A,A,B,A,리눅스마스터,,해당,MVP,,
EMP1139,민준혁,남,31,1996-06-23,960623-1784206,군필,2020-12-11,5,대졸,숙명여자대학교,3.9,추천,정규직,,,,두리안정보기술,서울 강남,인사부,교육팀,3,과장,팀원,1,,,minjunhyuk19@gmail.com,010-9742-5161,서울시 강서구 마곡동,50000000,26,1,기업은행,010-20-183667,가입,74,B,B,B,B,C,AWS Solutions Architect,952,해당,,,
EMP1140,고하늘,여,41,1986-11-21,861121-2635271,해당없음,2017-04-10,9,고졸,,,경력,정규직,LG전자,대리,재무회계,두리안정보기술,서울 여의도,인사부,채용팀,3,과장,팀원,1,,,kohaneul92@gmail.com,010-3353-5250,서울시 강동구 천호동,51000000,30,13,카카오뱅크,333-36-2033456,가입,79,C,B,B,C,B,,570,비해당,,,
EMP1141,민수연,여,32,1995-12-01,951201-2507728,해당없음,2019-09-20,6,대졸,덕성여자대학교,3.4,공채,정규직,,,,두리안정보기술,서울 여의도,개발부,인프라팀,1,대리,팀원,1,,,minsuyeon84@daum.net,010-5025-1725,경기도 고양시 일산동구 장항동,51700000,11,8,하나은행,200-235687-8118,가입,72,B,B,B,C,C,,590,비해당,,,
EMP1142,엄주원,남,26,2001-02-11,010211-3551843,군필,2026-03-25,0,전문대졸,인하공업전문대학,2.5,인턴전환,정규직,,,,두리안정보기술,경기 판교,인사부,교육팀,3,사원,팀원,1,,,umjuwon_993@naver.com,010-7982-8662,서울시 송파구 문정동,31000000,12,9,카카오뱅크,333-81-5883292,미가입,67,,,,,,정보처리기사,,해당,,,
EMP1143,허나은,여,39,1988-04-05,880405-2813398,해당없음,2015-01-27,11,대졸,홍익대학교,3.6,추천,정규직,,,,두리안정보기술,서울 강남,인사부,교육팀,3,차장,팀원,2,,,heonaeun_613@gmail.com,010-8818-9903,서울시 서초구 서초동,63000000,17,11,토스뱅크,100-9470-7147,가입,83,A,B,A,A,B,빅데이터분석기사,570,해당,,,
EMP1144,윤수아,여,58,1969-07-15,690715-2506012,해당없음,1994-01-22,32,대졸,광운대학교,3.8,경력,정규직,네이버,과장,프로젝트관리,두리안정보기술,서울 강남,마케팅부,,1,이사,본부장,3,,,yoonsua_work@daum.net,010-9413-4501,서울시 서초구 서초동,141000000,7,13,기업은행,020-25-459910,가입,99,A,S,S,A,S,,559,비해당,,,
EMP1145,주민준,남,29,1998-09-23,980923-1534301,군필,2022-11-12,3,대졸,서강대학교,3,추천,정규직,,,,두리안정보기술,서울 여의도,인사부,교육팀,3,사원,팀원,1,,,juminjun49@hanmail.net,010-7630-5376,서울시 송파구 잠실동,37000000,14,1,신한은행,180-974-547943,가입,75,,,C,C,C,,930,비해당,,,
EMP1146,문준혁,남,27,2000-01-06,000106-3222196,군필,2023-06-26,2,대졸,강원대학교,2.5,추천,정규직,,,,두리안정보기술,서울 여의도,개발부,백엔드팀,1,사원,팀원,1,자발적퇴직,2024-08-05,moonjunhyuk_dev@hanmail.net,010-2632-2995,경기도 성남시 분당구 판교동,34100000,18,9,우리은행,1005-826-762867,가입,62,,,,D,C,정보처리기사,770,해당,MVP,,
EMP1147,주도윤,남,33,1994-07-17,940717-1824362,군필,2021-01-24,5,대졸,세종대학교,2.8,공채,정규직,,,,두리안정보기술,서울 강남,기획부,사업기획팀,1,대리,팀원,1,,,judoyoon91@daum.net,010-7251-9795,서울시 영등포구 여의도동,46000000,12,2,카카오뱅크,333-51-0932392,미가입,76,,C,B,B,B,,879,비해당,,,
EMP1148,남소연,여,57,1970-02-09,700209-2918302,해당없음,2002-07-20,23,대졸,성균관대학교,3.9,공채,정규직,,,,두리안정보기술,서울 여의도,기획부,전략기획팀,1,부장,팀원,2,,,namsoyeon_kr@gmail.com,010-8712-9090,서울시 은평구 불광동,105000000,10,7,신한은행,100-024-714857,가입,91,A,B,A,A,A,,592,비해당,공로상,,
EMP1149,남보미,여,33,1994-11-02,941102-2807891,해당없음,2023-01-23,3,고졸,,,공채,계약직,,,,두리안정보기술,경기 판교,개발부,AI팀,1,대리,팀원,1,,,nambomi90@nate.com,010-1309-9247,경기도 성남시 분당구 판교동,41800000,13,10,카카오뱅크,333-13-0355040,가입,70,,,,C,D,,646,비해당,MVP,,
EMP1150,노혜린,여,36,1991-02-17,910217-2336737,해당없음,2020-12-07,5,고졸,,,인턴전환,정규직,,,,두리안정보기술,경기 판교,인사부,채용팀,3,과장,팀원,1,,,nohhyerin18@naver.com,010-4744-8981,서울시 강남구 삼성동,60000000,24,8,카카오뱅크,333-17-9676689,가입,85,B,B,A,A,B,,555,비해당,,,
EMP1151,최승환,남,30,1997-05-26,970526-1189069,군필,2020-01-12,6,전문대졸,영진전문대학교,2.6,경력,정규직,롯데그룹,차장,인사관리,두리안정보기술,서울 강남,마케팅부,디지털마케팅팀,1,대리,팀원,1,권고사직,2025-12-14,choiseunghwan50@daum.net,010-4594-6915,경기도 수원시 영통구 매탄동,47000000,18,2,카카오뱅크,333-70-8922771,가입,72,B,C,B,B,D,,684,비해당,,,
EMP1152,이성준,남,36,1991-07-07,910707-1796636,군필,2019-04-23,7,대졸,광운대학교,3.3,공채,정규직,,,,두리안정보기술,경기 판교,영업부,국내영업팀,1,과장,팀원,1,,,leesungjun_892@daum.net,010-9760-1967,경기도 수원시 영통구 매탄동,49000000,23,10,기업은행,010-29-014767,가입,86,B,B,A,B,A,AWS Solutions Architect,713,해당,,,
EMP1153,양소연,여,39,1988-10-04,881004-2190205,해당없음,2012-12-10,13,대졸,숙명여자대학교,3.9,경력,계약직,현대자동차,차장,데이터분석,두리안정보기술,서울 여의도,개발부,AI팀,1,차장,팀원,2,,,yangsoyeon_106@gmail.com,010-9051-4584,서울시 영등포구 여의도동,78100000,22,3,토스뱅크,100-0857-8272,가입,88,A,B,A,A,A,,980,비해당,,,
EMP1154,노재원,남,34,1993-11-20,931120-1472480,군필,2021-02-16,5,대졸,경희대학교,3.7,공채,정규직,,,,두리안정보기술,서울 강남,기획부,사업기획팀,1,대리,팀원,1,자발적퇴직,2022-08-19,nohjaewon_603@nate.com,010-8344-7889,서울시 강동구 천호동,39000000,19,14,국민은행,156724-94-640433,가입,72,,B,B,C,D,리눅스마스터,,해당,,,
EMP1155,손하은,여,35,1992-02-12,920212-2494132,해당없음,2017-09-19,8,대졸,숭실대학교,3,추천,정규직,,,,두리안정보기술,경기 판교,기획부,전략기획팀,1,과장,팀원,1,,,sonhaeun_750@kakao.com,010-7605-7740,인천시 부평구 부평동,59000000,24,15,신한은행,180-410-840649,가입,75,B,B,C,B,B,,982,비해당,,,
EMP1156,손동현,남,33,1994-08-22,940822-1301475,군필,2017-12-15,8,대졸,아주대학교,3.9,인턴전환,정규직,,,,두리안정보기술,서울 강남,기획부,사업기획팀,1,과장,팀원,1,,,sondonghyun_dev@nate.com,010-2529-3878,서울시 영등포구 여의도동,48000000,30,7,토스뱅크,100-7338-9827,가입,81,B,A,B,B,B,,962,비해당,,감봉,업무태만
EMP1157,차예은,여,32,1995-04-21,950421-2264024,해당없음,2020-01-15,6,대졸,경희대학교,2.7,인턴전환,정규직,,,,두리안정보기술,경기 판교,영업부,해외영업팀,1,대리,팀원,1,,,chayeeun.9@hanmail.net,010-4527-9161,서울시 강남구 삼성동,46000000,15,12,하나은행,200-989704-7112,가입,83,B,A,B,A,B,,507,비해당,,,
EMP1158,구하영,여,42,1985-04-22,850422-2351247,해당없음,2011-07-05,14,대졸,중앙대학교,3.3,공채,정규직,,,,두리안정보기술,서울 여의도,영업부,해외영업팀,1,부장,팀원,2,,,koohayoung93@kakao.com,010-3314-7419,서울시 강서구 마곡동,77000000,15,11,토스뱅크,100-8189-9475,미가입,88,A,A,A,A,B,,770,비해당,,,
EMP1159,송민준,남,40,1987-11-16,871116-1123437,군필,2017-03-18,9,대졸,이화여자대학교,3.2,추천,정규직,,,,두리안정보기술,경기 판교,개발부,프론트팀,1,과장,팀원,1,자발적퇴직,2023-12-09,songminjun14@naver.com,010-6119-7304,서울시 서초구 서초동,52800000,20,7,토스뱅크,100-3799-3993,가입,75,B,B,B,B,B,,,비해당,,,
EMP1160,심민재,남,28,1999-02-09,990209-1568142,면제,2022-12-09,3,전문대졸,명지전문대학,3.9,경력,정규직,네이버,과장,프론트엔드개발,두리안정보기술,서울 강남,영업부,해외영업팀,1,대리,팀원,1,,,shimminjae23@hanmail.net,010-2435-7770,서울시 노원구 상계동,44000000,14,10,카카오뱅크,333-98-1729607,가입,74,,,D,C,B,빅데이터분석기사,,해당,,,
EMP1161,배현준,남,31,1996-07-20,960720-1390756,군필,2019-07-21,6,대졸,서울대학교,2.6,인턴전환,정규직,,,,두리안정보기술,경기 판교,마케팅부,브랜드팀,1,과장,팀원,1,,,baehyunjun_work@gmail.com,010-4349-3372,서울시 강서구 마곡동,54000000,24,4,농협은행,301-2954-8557-20,가입,77,B,B,C,B,C,,679,비해당,,,
EMP1162,최도윤,남,36,1991-03-14,910314-1433269,군필,2018-10-04,7,대졸,단국대학교,3.6,공채,정규직,,,,두리안정보기술,서울 강남,인사부,교육팀,3,대리,팀원,1,,,choidoyoon_kr@hanmail.net,010-2771-3293,경기도 성남시 분당구 정자동,42000000,12,11,우리은행,1002-934-503568,가입,81,B,B,B,A,B,,,비해당,,,
EMP1163,김서준,남,29,1998-09-07,980907-1478930,군필,2022-09-04,3,대졸,성균관대학교,3.2,추천,정규직,,,,두리안정보기술,서울 강남,기획부,전략기획팀,1,대리,팀원,1,정년퇴직,2025-12-01,kimseojun_542@nate.com,010-6097-6800,경기도 용인시 기흥구 영덕동,48000000,11,7,카카오뱅크,333-82-4171689,가입,79,,,C,B,B,,,비해당,,,
EMP1164,함선우,남,41,1986-08-22,860822-1248384,군필,2009-02-09,17,대졸,광운대학교,2.6,경력,정규직,쿠팡,대리,프론트엔드개발,두리안정보기술,서울 강남,개발부,인프라팀,1,부장,팀원,2,,,hamsunwoo.8@nate.com,010-4519-7434,경기도 성남시 분당구 정자동,99000000,15,4,카카오뱅크,333-41-6888989,가입,84,B,B,A,A,B,,,비해당,,,
EMP1165,한수현,남,28,1999-09-25,990925-1234426,군필,2022-06-05,3,대졸,광운대학교,2.9,공채,정규직,,,,두리안정보기술,경기 판교,기획부,사업기획팀,1,대리,팀원,1,,,hansoohyun_work@gmail.com,010-8365-8910,서울시 용산구 이태원동,45000000,14,7,토스뱅크,100-1793-1705,가입,76,,,C,B,B,,679,비해당,,,
EMP1166,노수아,여,49,1978-11-15,781115-2222841,해당없음,2010-12-11,15,고졸,,,공채,정규직,,,,두리안정보기술,서울 여의도,마케팅부,브랜드팀,1,부장,팀원,2,,,nohsua1@hanmail.net,010-1771-9334,서울시 마포구 상암동,75000000,14,7,우리은행,1006-624-494977,가입,90,S,A,B,S,B,,765,비해당,,,
EMP1167,방태호,남,44,1983-09-06,830906-1933901,군필,2016-10-17,9,대졸,국민대학교,2.5,공채,정규직,,,,두리안정보기술,서울 강남,개발부,프론트팀,1,차장,팀원,2,,,bangtaeho.9@naver.com,010-6455-5106,서울시 마포구 합정동,68200000,17,4,우리은행,1002-921-559921,가입,85,A,C,B,B,B,,797,비해당,팀워크상,,
EMP1168,허도윤,남,26,2001-09-01,010901-3188356,군필,2025-05-02,1,대졸,연세대학교,3.2,공채,정규직,,,,두리안정보기술,서울 여의도,마케팅부,디지털마케팅팀,1,사원,팀원,1,,,heodoyoon_kr@hanmail.net,010-5598-2795,서울시 서초구 서초동,37000000,7,13,카카오뱅크,333-39-7909155,가입,76,,,,,,,,비해당,팀워크상,,
EMP1169,윤하늘,여,31,1996-09-24,960924-2759248,해당없음,2019-07-10,6,고졸,,,공채,계약직,,,,두리안정보기술,서울 여의도,인사부,교육팀,3,과장,팀원,1,,,yoonhaneul.6@hanmail.net,010-6308-8944,서울시 강남구 논현동,55000000,19,9,우리은행,1005-487-531445,가입,79,B,B,C,C,B,,,비해당,,,
EMP1170,유지영,여,24,2003-02-24,030224-4588928,해당없음,2026-02-20,0,대졸,이화여자대학교,3.9,경력,정규직,LG전자,차장,데이터분석,두리안정보기술,경기 판교,인사부,교육팀,3,사원,팀원,1,,,yoojiyoung.2@hanmail.net,010-6537-5207,인천시 부평구 부평동,30000000,11,2,하나은행,181-017801-1721,가입,63,,,,,,리눅스마스터,,해당,팀워크상,,
EMP1171,민준서,남,47,1980-06-04,800604-1963013,군필,2006-11-19,19,전문대졸,인하공업전문대학,2.9,공채,정규직,,,,두리안정보기술,경기 판교,인사부,채용팀,3,부장,팀원,2,정년퇴직,2013-10-19,minjunseo@gmail.com,010-8374-2847,서울시 노원구 상계동,90000000,13,3,국민은행,452551-41-859514,가입,92,A,A,A,A,A,컴퓨터활용능력1급,696,해당,,,
EMP1172,황소연,여,39,1988-04-09,880409-2508270,해당없음,2014-01-21,12,전문대졸,인하공업전문대학,3.4,인턴전환,계약직,,,,두리안정보기술,서울 강남,기획부,사업기획팀,1,과장,팀원,1,자발적퇴직,2021-11-16,hwangsoyeon@hanmail.net,010-1443-8055,서울시 송파구 문정동,53000000,22,7,신한은행,140-670-504429,가입,74,B,D,C,B,B,,,비해당,MVP,,
EMP1173,곽지호,남,30,1997-10-04,971004-1448405,군필,2023-02-02,3,대졸,경희대학교,3.4,인턴전환,정규직,,,,두리안정보기술,경기 판교,기획부,사업기획팀,1,사원,팀원,1,,,kwakjiho.7@hanmail.net,010-9420-3035,서울시 강남구 역삼동,37000000,14,8,카카오뱅크,333-22-4164034,가입,67,,,,C,C,정보보안기사,,해당,,,
EMP1174,나지현,여,30,1997-10-15,971015-2130904,해당없음,2022-01-03,4,대졸,명지대학교,3.2,공채,계약직,,,,두리안정보기술,경기 판교,인사부,채용팀,3,대리,팀원,1,,,najihyun17@gmail.com,010-5160-3276,서울시 노원구 상계동,38000000,18,9,하나은행,181-688693-8265,가입,76,,,B,B,B,ADsP,550,해당,,,
EMP1175,백지수,여,32,1995-05-28,950528-2543315,해당없음,2019-06-09,6,고졸,,,인턴전환,정규직,,,,두리안정보기술,경기 판교,기획부,사업기획팀,1,과장,팀원,1,정년퇴직,2021-02-24,baekjisu_948@hanmail.net,010-8483-4556,경기도 고양시 일산동구 장항동,53000000,28,11,농협은행,356-7472-8536-61,미가입,85,B,B,B,A,A,,976,비해당,,,
EMP1176,남성호,남,33,1994-03-28,940328-1207931,군필,2020-06-23,5,대졸,서울대학교,3.8,공채,정규직,,,,두리안정보기술,서울 강남,영업부,국내영업팀,1,대리,팀원,1,,,namsungho_895@hanmail.net,010-4750-6867,서울시 마포구 상암동,42000000,12,3,토스뱅크,100-5802-3582,가입,82,B,B,B,B,B,리눅스마스터,667,해당,MVP,,
EMP1177,김하린,여,41,1986-07-11,860711-2274138,해당없음,2017-03-28,9,전문대졸,경북전문대학교,2.8,공채,정규직,,,,두리안정보기술,서울 강남,기획부,전략기획팀,1,과장,팀원,1,,,kimharin36@kakao.com,010-2538-9921,서울시 노원구 상계동,53000000,28,1,농협은행,356-1385-4073-37,가입,77,D,C,B,C,C,,,비해당,,,
EMP1178,권지호,남,48,1979-12-17,791217-1303535,군필,2002-07-10,23,대졸,경북대학교,3,추천,정규직,,,,두리안정보기술,서울 여의도,영업부,국내영업팀,1,부장,팀원,2,,,kwonjiho21@kakao.com,010-1051-2567,경기도 성남시 분당구 정자동,107000000,8,4,농협은행,301-7378-7351-21,가입,91,A,A,S,A,A,정보보안기사,,해당,,,
EMP1179,강수현,남,34,1993-03-26,930326-1609092,군필,2021-11-03,4,대졸,중앙대학교,3.9,경력,정규직,LG전자,차장,프론트엔드개발,두리안정보기술,서울 강남,개발부,프론트팀,1,대리,팀원,1,,,kangsoohyun_work@gmail.com,010-8280-6583,서울시 은평구 불광동,47300000,21,1,농협은행,302-8810-8247-42,가입,72,,B,B,D,C,,603,비해당,,,
EMP1180,민윤서,여,24,2003-05-06,030506-4979163,해당없음,2026-03-06,0,대졸,연세대학교,2.8,인턴전환,정규직,,,,두리안정보기술,서울 강남,인사부,교육팀,3,사원,팀원,1,,,minyunseo61@nate.com,010-2530-9170,서울시 송파구 잠실동,32000000,16,13,하나은행,111-797789-9330,가입,61,,,,,,정보보안기사,814,해당,,,
EMP1181,박시우,남,25,2002-05-13,020513-3274613,미필,2025-11-25,0,대졸,성균관대학교,3.4,인턴전환,정규직,,,,두리안정보기술,서울 강남,개발부,AI팀,1,사원,팀원,1,,,parksiwoo.7@nate.com,010-8138-6847,서울시 강서구 마곡동,33000000,17,5,카카오뱅크,333-72-0118166,가입,66,,,,,,리눅스마스터,,해당,,,
EMP1182,배지수,여,30,1997-03-18,970318-2685122,해당없음,2020-06-20,5,대졸,명지대학교,2.7,공채,정규직,,,,두리안정보기술,서울 강남,개발부,AI팀,1,대리,팀원,1,,,baejisu.5@daum.net,010-5561-8439,서울시 강동구 천호동,51700000,12,6,농협은행,351-2079-8307-03,가입,73,C,B,B,B,C,컴퓨터활용능력1급,,해당,,,
EMP1183,곽민지,여,42,1985-02-23,850223-2468675,해당없음,2012-05-11,14,고졸,,,경력,정규직,KT,사원,마케팅기획,두리안정보기술,경기 판교,인사부,채용팀,3,차장,팀원,2,,,kwakminji_841@gmail.com,010-7770-8677,서울시 강서구 마곡동,64000000,19,4,우리은행,1002-013-520110,가입,83,A,B,B,B,A,컴퓨터활용능력1급,,해당,공로상,,
EMP1184,최우혁,남,43,1984-10-20,841020-1456228,면제,2016-04-28,10,대학원졸,세종대학교,2.6,경력,정규직,SK하이닉스,사원,프론트엔드개발,두리안정보기술,서울 여의도,인사부,교육팀,3,차장,팀원,2,,,choiwoohyuk_work@kakao.com,010-3180-8546,경기도 성남시 분당구 정자동,71000000,20,12,하나은행,162-068613-6791,가입,78,C,B,B,B,B,ADsP,756,해당,,,
EMP1185,배수진,여,25,2002-07-06,020706-4374317,해당없음,2025-12-25,0,고졸,,,공채,정규직,,,,두리안정보기술,경기 판교,인사부,교육팀,3,사원,팀원,1,,,baesujin_191@gmail.com,010-9539-9237,서울시 강동구 천호동,37000000,10,10,농협은행,302-5655-4752-34,가입,69,,,,,,정보처리기사,632,해당,,,
EMP1186,신주원,남,24,2003-01-18,030118-3528616,군필,2025-10-08,0,고졸,,,경력,계약직,삼성전자,대리,마케팅기획,두리안정보기술,경기 판교,기획부,전략기획팀,1,사원,팀원,1,,,shinjuwon@nate.com,010-5810-7709,서울시 마포구 상암동,38000000,9,0,신한은행,110-776-612120,가입,61,,,,,,,780,비해당,,,
EMP1187,지세연,여,36,1991-03-03,910303-2177638,해당없음,2023-12-04,2,대학원졸,부산대학교,2.7,공채,정규직,,,,두리안정보기술,서울 강남,영업부,해외영업팀,1,대리,팀원,1,,,jiseyeon_119@naver.com,010-2651-7498,경기도 용인시 기흥구 영덕동,41000000,22,15,하나은행,181-323948-6990,가입,78,,,,C,C,리눅스마스터,,해당,,,
EMP1188,문지수,여,26,2001-06-01,010601-4115244,해당없음,2024-10-10,1,대학원졸,경희대학교,2.7,추천,정규직,,,,두리안정보기술,경기 판교,기획부,전략기획팀,1,사원,팀원,1,,,moonjisu_dev@daum.net,010-4205-1524,서울시 용산구 이태원동,35000000,5,10,농협은행,302-9473-8068-57,가입,72,,,,,B,,,비해당,,,
EMP1189,지건우,남,53,1974-02-14,740214-1632485,군필,2005-05-28,20,대졸,고려대학교,3.2,경력,정규직,삼성전자,사원,인사관리,두리안정보기술,서울 여의도,마케팅부,디지털마케팅팀,1,부장,팀원,2,,,jigunwoo.5@kakao.com,010-9564-5629,경기도 용인시 기흥구 영덕동,107000000,9,0,국민은행,813416-76-381317,가입,93,A,A,B,A,A,,787,비해당,,,
EMP1190,전하준,남,51,1976-01-22,760122-1825179,군필,1999-02-09,27,대졸,덕성여자대학교,3.8,인턴전환,정규직,,,,두리안정보기술,경기 판교,기획부,,1,이사,팀원,3,정년퇴직,2007-04-24,jeonhajun.3@daum.net,010-3270-8655,서울시 은평구 불광동,116000000,15,3,신한은행,100-704-539353,가입,97,S,S,S,S,S,ADsP,,해당,,,
EMP1191,남나은,여,30,1997-08-09,970809-2551178,해당없음,2024-04-25,2,대졸,덕성여자대학교,2.8,추천,계약직,,,,두리안정보기술,서울 강남,마케팅부,브랜드팀,1,사원,팀원,1,,,namnaeun_516@daum.net,010-2438-1164,서울시 서초구 서초동,36000000,9,5,카카오뱅크,333-47-8602974,가입,75,,,,,B,,,비해당,우수사원상,,
EMP1192,이준우,남,44,1983-05-19,830519-1942705,미필,2013-12-04,12,대졸,서울대학교,3.6,공채,정규직,,,,두리안정보기술,서울 여의도,개발부,AI팀,1,차장,팀원,2,자발적퇴직,2025-02-02,leejunwoo.1@naver.com,010-8558-9477,경기도 용인시 기흥구 영덕동,77000000,19,15,토스뱅크,100-5684-3956,가입,90,B,A,B,A,A,AWS Solutions Architect,756,해당,우수사원상,,
EMP1193,유나은,여,44,1983-03-11,830311-2855151,해당없음,2006-12-10,19,전문대졸,경북전문대학교,3.4,추천,계약직,,,,두리안정보기술,서울 강남,인사부,교육팀,3,부장,팀원,2,,,yoonaeun_dev@naver.com,010-8200-6896,서울시 강남구 삼성동,83000000,12,13,기업은행,030-76-438156,가입,90,A,A,A,A,S,ADsP,901,해당,,,
EMP1194,주서준,남,44,1983-10-17,831017-1577829,군필,2006-07-23,19,고졸,,,추천,정규직,,,,두리안정보기술,서울 여의도,인사부,교육팀,3,부장,팀원,2,,,juseojun61@gmail.com,010-9845-3116,서울시 송파구 잠실동,76000000,13,7,우리은행,1002-525-988400,미가입,87,B,B,B,B,B,,,비해당,,,
EMP1195,김서준,남,26,2001-01-14,010114-3274502,군필,2024-08-18,1,대졸,세종대학교,3.4,인턴전환,계약직,,,,두리안정보기술,서울 강남,기획부,전략기획팀,1,사원,팀원,1,,,kimseojun34@hanmail.net,010-4510-9602,경기도 용인시 기흥구 영덕동,37000000,7,9,우리은행,1005-934-494383,가입,67,,,,,C,,963,비해당,,,
EMP1196,안민석,남,41,1986-11-06,861106-1996995,군필,2016-05-18,10,대졸,서강대학교,3.1,인턴전환,정규직,,,,두리안정보기술,경기 판교,인사부,채용팀,3,과장,팀원,1,,,ahnminseok48@naver.com,010-3528-8832,서울시 강남구 역삼동,58000000,19,8,토스뱅크,100-4758-8378,가입,86,A,A,B,B,A,,885,비해당,,,
EMP1197,안준서,남,46,1981-05-06,810506-1555826,군필,2009-05-25,16,대졸,서강대학교,2.9,추천,계약직,,,,두리안정보기술,서울 강남,영업부,해외영업팀,1,차장,팀원,2,,,ahnjunseo@kakao.com,010-4839-4707,서울시 송파구 잠실동,62000000,22,11,국민은행,571868-06-007639,미가입,90,A,A,A,A,S,,837,비해당,공로상,감봉,복무규정위반
EMP1198,권예은,여,31,1996-04-18,960418-2788936,해당없음,2022-01-06,4,대졸,단국대학교,3.5,인턴전환,정규직,,,,두리안정보기술,서울 여의도,개발부,AI팀,1,사원,팀원,1,,,kwonyeeun_218@gmail.com,010-2292-8797,서울시 강남구 역삼동,37400000,17,10,신한은행,100-133-621316,가입,74,,,C,B,B,,776,비해당,팀워크상,,
EMP1199,윤재원,남,32,1995-08-15,950815-1329754,군필,2021-12-13,4,대학원졸,경희대학교,3.2,추천,정규직,,,,두리안정보기술,서울 강남,마케팅부,디지털마케팅팀,1,대리,팀원,1,,,yoonjaewon@nate.com,010-1299-4210,인천시 부평구 부평동,42000000,10,7,국민은행,991596-59-074861,가입,74,,B,B,B,C,AWS Solutions Architect,,해당,,,
EMP1200,최우진,남,31,1996-04-04,960404-1773336,군필,2019-06-09,6,고졸,,,인턴전환,정규직,,,,두리안정보기술,서울 강남,마케팅부,디지털마케팅팀,1,과장,팀원,1,,,choiwoojin.4@hanmail.net,010-7489-4451,경기도 고양시 일산동구 장항동,51000000,25,1,농협은행,302-7927-2782-82,가입,82,B,B,B,B,B,,,비해당,,,
EMP1201,나도윤,남,29,1998-08-18,980818-1185832,면제,2023-05-14,3,대졸,인하대학교,3.8,공채,정규직,,,,두리안정보기술,서울 여의도,인사부,채용팀,3,대리,팀원,1,,,nadoyoon@kakao.com,010-4744-1241,서울시 서초구 서초동,44000000,11,8,농협은행,351-3266-9480-09,가입,78,,,,D,D,,640,비해당,,,
EMP1202,곽정수,남,29,1998-04-01,980401-1668474,군필,2022-05-06,4,전문대졸,명지전문대학,3.5,추천,정규직,,,,두리안정보기술,서울 강남,인사부,교육팀,3,사원,팀원,1,,,kwakjungsu26@kakao.com,010-2795-9338,서울시 송파구 문정동,32000000,11,14,기업은행,010-49-784036,가입,74,,,D,B,B,,534,비해당,,,
EMP1203,이민지,여,28,1999-11-15,991115-2441455,해당없음,2023-12-11,2,대졸,홍익대학교,3.5,인턴전환,정규직,,,,두리안정보기술,서울 강남,개발부,인프라팀,1,사원,팀원,1,,,leeminji12@nate.com,010-8715-9854,서울시 송파구 잠실동,37400000,17,2,카카오뱅크,333-22-3417568,가입,60,,,,C,C,SQLD,,해당,,,
EMP1204,곽준우,남,47,1980-05-03,800503-1728835,군필,2008-08-21,17,대졸,성균관대학교,3.4,공채,정규직,,,,두리안정보기술,경기 판교,개발부,프론트팀,1,부장,팀원,2,,,kwakjunwoo@gmail.com,010-7685-7421,경기도 수원시 영통구 매탄동,99000000,16,14,우리은행,1005-266-201079,가입,86,B,B,A,B,B,,,비해당,,,
EMP1205,유아름,여,56,1971-01-22,710122-2926069,해당없음,2002-03-28,24,대졸,이화여자대학교,2.8,경력,정규직,포스코,대리,인사관리,두리안정보기술,경기 판교,개발부,AI팀,1,부장,팀원,2,,,yooareum_134@nate.com,010-6318-2673,인천시 부평구 부평동,123200000,13,15,하나은행,162-277992-1855,가입,94,A,A,B,A,A,SQLD,,해당,,,
EMP1206,서재민,남,29,1998-04-16,980416-1551983,미필,2021-05-10,5,대졸,강원대학교,2.5,인턴전환,계약직,,,,두리안정보기술,서울 여의도,인사부,채용팀,3,대리,팀원,1,,,seojaemin25@hanmail.net,010-4539-8791,서울시 노원구 상계동,48000000,18,0,기업은행,030-00-343244,가입,74,,D,B,B,C,,746,비해당,,,
EMP1207,신정수,남,35,1992-05-24,920524-1463840,군필,2021-09-04,4,대졸,광운대학교,3.3,공채,정규직,,,,두리안정보기술,경기 판교,개발부,인프라팀,1,대리,팀원,1,,,shinjungsu.3@kakao.com,010-8763-3696,서울시 서초구 방배동,52800000,21,1,우리은행,1006-424-491526,미가입,76,,C,C,D,B,,691,비해당,,,
EMP1208,심지수,여,26,2001-04-23,010423-4300552,해당없음,2025-06-20,0,대졸,경북대학교,2.9,인턴전환,정규직,,,,두리안정보기술,경기 판교,인사부,채용팀,3,사원,팀원,1,,,shimjisu_306@kakao.com,010-8910-5897,서울시 강남구 역삼동,31000000,12,2,기업은행,020-10-762268,가입,70,,,,,,ADsP,816,해당,,,
EMP1209,남건우,남,33,1994-02-16,940216-1521050,면제,2019-10-24,6,전문대졸,명지전문대학,3,인턴전환,정규직,,,,두리안정보기술,경기 판교,영업부,국내영업팀,1,과장,팀원,1,권고사직,2021-09-15,namgunwoo18@daum.net,010-9373-7654,서울시 마포구 합정동,54000000,29,4,기업은행,030-38-851606,가입,76,B,B,B,B,B,,,비해당,,,
EMP1210,민지원,여,31,1996-07-02,960702-2542326,해당없음,2019-09-09,6,대졸,건국대학교,3.1,추천,정규직,,,,두리안정보기술,서울 강남,개발부,AI팀,1,과장,팀원,1,,,minjiwon.8@hanmail.net,010-8813-9828,경기도 성남시 분당구 정자동,60500000,18,15,토스뱅크,100-0769-1902,가입,82,C,B,B,C,B,컴퓨터활용능력1급,802,해당,,,
EMP1211,허준혁,남,41,1986-06-03,860603-1889355,군필,2020-10-13,5,전문대졸,명지전문대학,3.7,경력,정규직,카카오,과장,프로젝트관리,두리안정보기술,서울 여의도,기획부,사업기획팀,1,과장,팀원,1,정년퇴직,2024-08-20,heojunhyuk_work@kakao.com,010-6961-3463,경기도 성남시 분당구 판교동,49000000,20,14,농협은행,351-4452-5842-23,가입,87,A,B,B,A,B,,776,비해당,,,
EMP1212,최하린,여,41,1986-07-25,860725-2691530,해당없음,2010-03-13,16,대졸,덕성여자대학교,2.7,인턴전환,정규직,,,,두리안정보기술,서울 여의도,기획부,전략기획팀,1,차장,팀원,2,,,choiharin_436@nate.com,010-4684-4714,경기도 용인시 기흥구 영덕동,69000000,17,15,우리은행,1002-918-690740,가입,81,C,B,B,B,B,,704,비해당,,,
EMP1213,안성준,남,29,1998-06-19,980619-1687964,군필,2021-05-17,5,대학원졸,가천대학교,3.1,추천,정규직,,,,두리안정보기술,서울 여의도,인사부,채용팀,3,대리,팀원,1,,,ahnsungjun60@nate.com,010-8966-7782,서울시 노원구 상계동,48000000,18,8,토스뱅크,100-2223-2752,가입,80,,B,B,B,B,,,비해당,,,
EMP1214,임재현,남,51,1976-02-05,760205-1815289,군필,2004-06-02,21,대졸,서강대학교,2.8,인턴전환,정규직,,,,두리안정보기술,서울 여의도,기획부,전략기획팀,1,부장,팀원,2,,,limjaehyun.1@naver.com,010-5849-7148,서울시 송파구 문정동,104000000,9,14,우리은행,1002-332-689444,가입,95,S,S,S,S,S,,771,비해당,우수사원상,,
EMP1215,노재민,남,31,1996-03-07,960307-1298809,군필,2022-04-04,4,대졸,경북대학교,3.4,인턴전환,계약직,,,,두리안정보기술,서울 강남,개발부,AI팀,1,사원,팀원,1,,,nohjaemin.3@daum.net,010-7768-4529,서울시 노원구 상계동,36300000,15,4,토스뱅크,100-1219-5320,가입,66,,,C,C,C,빅데이터분석기사,,해당,,,
EMP1216,문서윤,여,26,2001-11-26,011126-4254994,해당없음,2025-11-20,0,대졸,서강대학교,3.4,인턴전환,정규직,,,,두리안정보기술,서울 여의도,영업부,해외영업팀,1,사원,팀원,1,,,moonseoyoon74@gmail.com,010-8406-2193,서울시 송파구 잠실동,31000000,5,1,국민은행,702869-36-539482,가입,64,,,,,,,839,비해당,,,
EMP1217,이다현,여,25,2002-01-02,020102-4945568,해당없음,2025-02-26,1,대졸,숭실대학교,2.6,경력,정규직,포스코,과장,재무회계,두리안정보기술,서울 여의도,마케팅부,브랜드팀,1,사원,팀원,1,,,leedahyun.4@nate.com,010-3352-4547,경기도 용인시 기흥구 영덕동,34000000,12,0,기업은행,010-71-596966,가입,62,,,,,,정보처리기사,,해당,,,
EMP1218,현아름,여,31,1996-11-17,961117-2479525,해당없음,2025-07-09,0,전문대졸,영진전문대학교,3.9,경력,정규직,KT,과장,프론트엔드개발,두리안정보기술,서울 강남,인사부,채용팀,3,사원,팀원,1,,,hyunareum_962@naver.com,010-7466-3642,서울시 서초구 방배동,37000000,8,5,토스뱅크,100-8781-7101,가입,77,,,,,,,566,비해당,,,
EMP1219,최미래,여,28,1999-04-24,990424-2825763,해당없음,2022-04-15,4,전문대졸,영진전문대학교,3.1,인턴전환,정규직,,,,두리안정보기술,서울 강남,인사부,채용팀,3,사원,팀원,1,,,choimirae28@hanmail.net,010-4955-5164,서울시 강남구 삼성동,32000000,9,6,국민은행,803438-17-327153,가입,68,,,C,C,B,리눅스마스터,553,해당,,,
EMP1220,원서윤,여,31,1996-11-17,961117-2964788,해당없음,2023-09-10,2,전문대졸,인하공업전문대학,2.7,경력,계약직,롯데그룹,차장,재무회계,두리안정보기술,서울 여의도,영업부,해외영업팀,1,사원,팀원,1,,,wonseoyoon21@gmail.com,010-6821-3862,서울시 마포구 합정동,36000000,9,4,기업은행,020-16-052975,가입,68,,,,D,C,정보처리기사,607,해당,팀워크상,,
EMP1221,송재현,남,38,1989-03-24,890324-1555530,군필,2020-12-10,5,대졸,광운대학교,2.7,경력,정규직,SK하이닉스,차장,영업관리,두리안정보기술,경기 판교,인사부,교육팀,3,과장,팀원,1,,,songjaehyun55@hanmail.net,010-2111-6657,경기도 용인시 기흥구 영덕동,48000000,26,4,카카오뱅크,333-80-7977439,가입,79,C,B,B,B,B,,,비해당,,,
EMP1222,권서윤,여,39,1988-09-04,880904-2520917,해당없음,2011-09-11,14,대졸,강원대학교,3.1,경력,계약직,LG전자,사원,프로젝트관리,두리안정보기술,경기 판교,영업부,국내영업팀,1,차장,팀원,2,,,kwonseoyoon72@nate.com,010-9237-8182,서울시 서초구 방배동,64000000,16,11,기업은행,010-61-369681,가입,79,C,C,B,C,B,컴퓨터활용능력1급,,해당,,,
EMP1223,김하린,여,43,1984-11-04,841104-2734007,해당없음,2007-09-07,18,대졸,성균관대학교,2.6,추천,정규직,,,,두리안정보기술,서울 강남,마케팅부,디지털마케팅팀,1,부장,팀원,2,,,kimharin89@gmail.com,010-8763-5037,서울시 서초구 방배동,86000000,19,0,신한은행,180-034-833796,가입,83,B,B,A,B,B,빅데이터분석기사,,해당,,,
EMP1224,유하늘,여,38,1989-01-26,890126-2576988,해당없음,2015-03-08,11,전문대졸,경북전문대학교,3.9,인턴전환,정규직,,,,두리안정보기술,경기 판교,영업부,국내영업팀,1,차장,팀원,2,,,yoohaneul_dev@daum.net,010-5836-6924,인천시 부평구 부평동,63000000,25,15,신한은행,100-531-248527,가입,79,C,B,C,B,B,,,비해당,,,
EMP1225,조승준,남,27,2000-05-15,000515-3449216,군필,2026-03-12,0,대졸,성균관대학교,3,경력,정규직,네이버,과장,백엔드개발,두리안정보기술,서울 여의도,기획부,사업기획팀,1,사원,팀원,1,,,joseungjun.8@daum.net,010-6680-9487,서울시 송파구 문정동,30000000,17,0,토스뱅크,100-3430-4753,가입,69,,,,,,,780,비해당,,,
EMP1226,성수빈,여,26,2001-12-16,011216-4411565,해당없음,2025-03-15,1,대졸,서울대학교,3.6,추천,정규직,,,,두리안정보기술,서울 여의도,개발부,프론트팀,1,사원,팀원,1,,,sungsubin_525@nate.com,010-9027-2684,서울시 강남구 역삼동,39600000,6,6,우리은행,1006-932-172399,가입,60,,,,,,,,비해당,,,
EMP1227,한혜린,여,36,1991-04-15,910415-2599970,해당없음,2018-03-26,8,대졸,아주대학교,4,경력,정규직,쿠팡,대리,데이터분석,두리안정보기술,서울 강남,영업부,국내영업팀,1,과장,팀원,1,,,hanhyerin_829@naver.com,010-2351-3624,서울시 강남구 삼성동,51000000,23,15,우리은행,1006-094-581621,가입,82,A,B,B,A,B,,765,비해당,,,
EMP1228,방재원,남,26,2001-03-02,010302-3746271,군필,2025-11-09,0,대졸,인하대학교,3.1,인턴전환,정규직,,,,두리안정보기술,서울 여의도,인사부,교육팀,3,사원,팀원,1,,,bangjaewon_811@nate.com,010-6072-5812,서울시 용산구 이태원동,33000000,14,15,국민은행,579882-77-822477,가입,78,,,,,,리눅스마스터,673,해당,,,
EMP1229,황지유,여,42,1985-08-28,850828-2105968,해당없음,2009-08-07,16,대졸,경북대학교,2.6,경력,정규직,포스코,차장,프론트엔드개발,두리안정보기술,서울 여의도,기획부,사업기획팀,1,차장,팀원,2,,,hwangjiyu_work@nate.com,010-5428-9094,서울시 은평구 불광동,65000000,25,3,카카오뱅크,333-50-1499681,가입,82,C,A,A,B,B,SQLD,588,해당,,,
EMP1230,조윤서,여,34,1993-11-24,931124-2520598,해당없음,2018-11-26,7,대학원졸,명지대학교,3,경력,정규직,SK하이닉스,과장,인사관리,두리안정보기술,서울 여의도,기획부,전략기획팀,1,대리,팀원,1,,,joyunseo53@naver.com,010-5475-9981,서울시 마포구 합정동,42000000,15,14,카카오뱅크,333-07-9736147,가입,81,A,B,B,C,B,리눅스마스터,,해당,,,
EMP1231,함재원,남,28,1999-10-27,991027-1791330,군필,2022-07-16,3,대졸,동국대학교,3.5,인턴전환,계약직,,,,두리안정보기술,경기 판교,기획부,전략기획팀,1,대리,팀원,1,,,hamjaewon_636@naver.com,010-1053-8495,서울시 강남구 논현동,44000000,17,8,농협은행,301-2981-8371-67,가입,76,,,B,C,C,,889,비해당,,,
EMP1232,조성호,남,40,1987-09-05,870905-1832187,군필,2012-02-22,14,대졸,전북대학교,3.3,공채,정규직,,,,두리안정보기술,경기 판교,기획부,사업기획팀,1,차장,팀원,2,,,josungho16@daum.net,010-3146-3324,서울시 강서구 마곡동,66000000,25,3,신한은행,180-289-339054,가입,90,A,A,B,A,B,,938,비해당,,,
EMP1233,이다현,여,28,1999-11-11,991111-2668404,해당없음,2022-03-17,4,대졸,경희대학교,2.6,공채,정규직,,,,두리안정보기술,서울 강남,기획부,전략기획팀,1,대리,팀원,1,,,leedahyun52@hanmail.net,010-2168-1129,경기도 수원시 영통구 매탄동,46000000,14,5,토스뱅크,100-3931-0486,가입,82,,,B,A,B,,518,비해당,,,
EMP1234,허은별,여,28,1999-06-27,990627-2938891,해당없음,2025-12-19,0,대학원졸,전남대학교,3.5,인턴전환,계약직,,,,두리안정보기술,경기 판교,기획부,전략기획팀,1,사원,팀원,1,,,heoeunbyul_kr@hanmail.net,010-7219-1572,서울시 노원구 상계동,37000000,9,9,카카오뱅크,333-19-0972058,가입,76,,,,,,,985,비해당,,,
EMP1235,현정수,남,30,1997-04-11,970411-1379886,미필,2025-08-05,0,대졸,명지대학교,3.1,경력,계약직,포스코,차장,백엔드개발,두리안정보기술,서울 강남,마케팅부,브랜드팀,1,사원,팀원,1,,,hyunjungsu66@kakao.com,010-7925-9242,서울시 용산구 이태원동,32000000,14,7,기업은행,020-45-352181,가입,68,,,,,,정보처리기사,,해당,MVP,,
EMP1236,남은별,여,40,1987-03-10,870310-2298464,해당없음,2018-04-24,8,전문대졸,명지전문대학,3.5,경력,계약직,KT,대리,데이터분석,두리안정보기술,경기 판교,마케팅부,브랜드팀,1,과장,팀원,1,,,nameunbyul96@gmail.com,010-8656-2192,경기도 수원시 영통구 매탄동,57000000,26,14,카카오뱅크,333-30-1271541,가입,77,C,B,B,C,B,컴퓨터활용능력1급,,해당,,,
EMP1237,홍보미,여,31,1996-02-23,960223-2160940,해당없음,2019-05-13,7,고졸,,,추천,정규직,,,,두리안정보기술,서울 강남,개발부,AI팀,1,과장,팀원,1,,,hongbomi_336@gmail.com,010-5951-9800,서울시 강서구 마곡동,55000000,30,3,카카오뱅크,333-39-8979578,가입,76,C,B,B,C,B,,837,비해당,,,
EMP1238,노도윤,남,48,1979-06-25,790625-1679158,군필,2004-04-07,22,대졸,단국대학교,3.6,경력,정규직,네이버,사원,프론트엔드개발,두리안정보기술,경기 판교,기획부,전략기획팀,1,부장,팀원,2,,,nohdoyoon.4@naver.com,010-9823-3203,서울시 마포구 합정동,114000000,8,9,우리은행,1005-388-486797,가입,95,S,S,S,S,S,컴퓨터활용능력1급,742,해당,,,
EMP1239,우미래,여,51,1976-03-25,760325-2534161,해당없음,2003-09-27,22,대졸,서강대학교,3.5,공채,정규직,,,,두리안정보기술,경기 판교,기획부,전략기획팀,1,부장,팀원,2,,,woomirae.2@gmail.com,010-2224-1191,서울시 은평구 불광동,113000000,12,13,하나은행,111-928191-6322,가입,93,A,A,A,A,A,,868,비해당,,,
EMP1240,지지아,여,33,1994-12-20,941220-2633676,해당없음,2019-04-03,7,대졸,광운대학교,3.5,경력,정규직,LG전자,사원,프론트엔드개발,두리안정보기술,서울 강남,기획부,사업기획팀,1,과장,팀원,1,,,jijia_work@naver.com,010-5369-5916,서울시 강남구 논현동,55000000,22,8,국민은행,787213-45-214863,가입,86,C,B,B,A,A,ADsP,910,해당,팀워크상,,
EMP1241,하혜린,여,35,1992-01-05,920105-2129515,해당없음,2017-12-16,8,고졸,,,공채,정규직,,,,두리안정보기술,서울 강남,기획부,전략기획팀,1,과장,팀원,1,,,hahyerin6@kakao.com,010-3583-7943,경기도 수원시 영통구 매탄동,51000000,22,11,기업은행,030-83-552312,가입,76,B,C,D,C,B,,,비해당,,,
EMP1242,류하은,여,38,1989-07-27,890727-2766328,해당없음,2014-08-26,11,대졸,세종대학교,3.6,추천,정규직,,,,두리안정보기술,경기 판교,기획부,사업기획팀,1,과장,팀원,1,,,ryuhaeun.7@naver.com,010-6324-2947,서울시 용산구 이태원동,58000000,21,12,카카오뱅크,333-80-4154816,가입,74,C,B,B,C,B,컴퓨터활용능력1급,869,해당,공로상,,
EMP1243,하도현,남,24,2003-01-27,030127-3447564,군필,2025-10-14,0,대졸,숭실대학교,3.3,공채,정규직,,,,두리안정보기술,서울 여의도,영업부,해외영업팀,1,사원,팀원,1,,,hadohyun_992@naver.com,010-4146-6269,경기도 수원시 영통구 매탄동,35000000,11,5,기업은행,020-32-921277,가입,67,,,,,,,,비해당,,,
EMP1244,오시우,남,27,2000-01-01,000101-3335668,군필,2023-12-16,2,대졸,서강대학교,3,경력,정규직,현대자동차,차장,마케팅기획,두리안정보기술,서울 여의도,인사부,채용팀,3,사원,팀원,1,,,ohsiwoo.9@naver.com,010-6036-6668,서울시 용산구 이태원동,32000000,18,7,신한은행,100-605-325562,가입,68,,,,B,B,,,비해당,,,
EMP1245,방다현,여,42,1985-04-08,850408-2166071,해당없음,2012-12-08,13,고졸,,,인턴전환,정규직,,,,두리안정보기술,경기 판교,영업부,국내영업팀,1,차장,팀원,2,,,bangdahyun.4@kakao.com,010-6781-6509,서울시 은평구 불광동,60000000,18,6,신한은행,180-299-180153,가입,85,B,B,B,B,C,정보처리기사,,해당,,,
EMP1246,지서현,여,26,2001-01-12,010112-4387880,해당없음,2025-11-18,0,대졸,덕성여자대학교,3.2,경력,정규직,SK하이닉스,대리,마케팅기획,두리안정보기술,서울 강남,기획부,사업기획팀,1,사원,팀원,1,,,jiseohyun10@nate.com,010-1510-4611,서울시 서초구 서초동,33000000,5,14,카카오뱅크,333-91-0268934,가입,74,,,,,,컴퓨터활용능력1급,732,해당,,,
EMP1247,황수빈,여,45,1982-02-12,820212-2134504,해당없음,2010-04-06,16,고졸,,,추천,정규직,,,,두리안정보기술,서울 강남,인사부,채용팀,3,차장,팀원,2,,,hwangsubin.2@naver.com,010-6630-1627,경기도 용인시 기흥구 영덕동,65000000,20,6,기업은행,030-97-995527,미가입,87,A,A,B,B,A,,511,비해당,,,
EMP1248,오준서,남,38,1989-11-17,891117-1615067,군필,2015-05-01,11,대학원졸,단국대학교,3.8,인턴전환,계약직,,,,두리안정보기술,서울 여의도,마케팅부,브랜드팀,1,과장,팀원,1,,,ohjunseo.4@nate.com,010-3469-1093,서울시 노원구 상계동,57000000,28,5,국민은행,939806-33-060118,가입,83,B,B,B,C,B,빅데이터분석기사,,해당,,,
EMP1249,강하늘,여,51,1976-05-27,760527-2934913,해당없음,2004-01-26,22,대학원졸,중앙대학교,3.3,인턴전환,정규직,,,,두리안정보기술,경기 판교,인사부,채용팀,3,부장,팀원,2,,,kanghaneul_work@daum.net,010-8670-9807,서울시 영등포구 여의도동,86000000,15,2,우리은행,1006-331-685647,가입,91,A,A,A,A,S,정보처리기사,510,해당,,정직,지각반복
EMP1250,정준혁,남,28,1999-12-10,991210-1336700,군필,2022-05-24,3,대졸,한양대학교,4,추천,정규직,,,,두리안정보기술,서울 여의도,개발부,AI팀,1,사원,팀원,1,,,jungjunhyuk_328@hanmail.net,010-6004-8123,경기도 성남시 분당구 정자동,36300000,12,9,우리은행,1005-986-467118,가입,63,,,C,C,D,정보보안기사,,해당,,,
EMP1251,신보미,여,33,1994-03-07,940307-2779169,해당없음,2020-04-28,6,대졸,숙명여자대학교,2.9,인턴전환,정규직,,,,두리안정보기술,서울 여의도,인사부,채용팀,3,과장,팀원,1,,,shinbomi.4@hanmail.net,010-3880-8761,서울시 송파구 잠실동,56000000,29,0,토스뱅크,100-8350-8626,가입,82,A,B,A,C,A,리눅스마스터,,해당,,경고,업무태만
EMP1252,나나은,여,31,1996-11-09,961109-2404916,해당없음,2019-10-09,6,대졸,동국대학교,3.6,인턴전환,정규직,,,,두리안정보기술,서울 강남,개발부,백엔드팀,1,과장,팀원,1,,,nanaeun81@daum.net,010-3212-3359,경기도 용인시 기흥구 영덕동,60500000,22,11,신한은행,180-377-265180,가입,75,C,B,B,B,C,정보보안기사,886,해당,,,
EMP1253,민승환,남,32,1995-06-23,950623-1619521,군필,2022-09-21,3,대졸,인하대학교,3.7,경력,정규직,롯데그룹,과장,인사관리,두리안정보기술,서울 강남,영업부,국내영업팀,1,대리,팀원,1,,,minseunghwan51@hanmail.net,010-6384-9690,서울시 마포구 합정동,39000000,12,9,카카오뱅크,333-22-0628175,가입,71,,,C,C,C,리눅스마스터,933,해당,,,
EMP1254,안준우,남,55,1972-04-03,720403-1713559,군필,2000-04-05,26,대졸,단국대학교,3.9,인턴전환,정규직,,,,두리안정보기술,경기 판교,인사부,교육팀,3,부장,팀원,2,,,ahnjunwoo.4@nate.com,010-6504-7382,서울시 마포구 상암동,101000000,12,12,농협은행,302-1338-9340-40,가입,97,A,S,S,S,S,ADsP,,해당,,,
EMP1255,공재민,남,29,1998-07-15,980715-1286956,군필,2021-07-05,4,대학원졸,전북대학교,2.6,추천,정규직,,,,두리안정보기술,경기 판교,기획부,전략기획팀,1,대리,팀원,1,,,kongjaemin.8@gmail.com,010-8130-3255,서울시 강서구 마곡동,39000000,22,10,신한은행,180-975-494739,가입,76,,C,C,B,B,정보보안기사,915,해당,팀워크상,,
EMP1256,임나은,여,36,1991-07-08,910708-2701458,해당없음,2020-11-02,5,대졸,동국대학교,3.6,경력,계약직,포스코,사원,프로젝트관리,두리안정보기술,경기 판교,개발부,인프라팀,1,대리,팀원,1,,,limnaeun.6@kakao.com,010-4476-5896,서울시 강동구 천호동,41800000,17,10,토스뱅크,100-4662-5868,가입,75,C,B,B,C,B,,,비해당,,,
EMP1257,곽혜린,여,24,2003-10-22,031022-4867934,해당없음,2026-05-15,0,대졸,덕성여자대학교,3.7,추천,계약직,,,,두리안정보기술,서울 여의도,마케팅부,디지털마케팅팀,1,사원,팀원,1,,,kwakhyerin_484@kakao.com,010-4910-7603,서울시 강남구 역삼동,34000000,12,7,신한은행,140-984-686520,가입,73,,,,,,빅데이터분석기사,951,해당,,,
EMP1258,유태양,남,27,2000-09-09,000909-3171956,면제,2023-01-21,3,대졸,광운대학교,2.6,공채,계약직,,,,두리안정보기술,경기 판교,인사부,채용팀,3,대리,팀원,1,,,yootaeyang22@naver.com,010-3799-3941,서울시 강동구 천호동,39000000,16,1,우리은행,1006-143-180244,가입,76,,,,B,B,,,비해당,공로상,,
EMP1259,손미래,여,30,1997-12-27,971227-2727876,해당없음,2024-02-16,2,대졸,동국대학교,3,추천,정규직,,,,두리안정보기술,서울 여의도,기획부,사업기획팀,1,사원,팀원,1,,,sonmirae_work@naver.com,010-8278-4435,서울시 용산구 이태원동,35000000,12,8,국민은행,582342-56-044752,가입,72,,,,,B,,795,비해당,,,
EMP1260,최하은,여,29,1998-01-25,980125-2130131,해당없음,2024-08-05,1,대졸,세종대학교,3.7,인턴전환,정규직,,,,두리안정보기술,서울 강남,마케팅부,브랜드팀,1,사원,팀원,1,,,choihaeun61@naver.com,010-3623-1224,서울시 강남구 역삼동,32000000,12,15,카카오뱅크,333-53-7932712,가입,78,,,,,C,,950,비해당,,,
EMP1261,원승환,남,29,1998-03-08,980308-1449489,면제,2022-09-06,3,전문대졸,명지전문대학,2.7,인턴전환,정규직,,,,두리안정보기술,서울 여의도,영업부,국내영업팀,1,대리,팀원,1,,,wonseunghwan_kr@kakao.com,010-4609-7911,서울시 강동구 천호동,43000000,15,10,카카오뱅크,333-83-6012085,가입,73,,,B,B,D,,554,비해당,공로상,,
EMP1262,이세연,여,38,1989-10-26,891026-2693646,해당없음,2012-03-17,14,고졸,,,경력,정규직,LG전자,과장,영업관리,두리안정보기술,경기 판교,영업부,해외영업팀,1,차장,팀원,2,,,leeseyeon48@gmail.com,010-2712-4662,서울시 영등포구 여의도동,67000000,18,15,국민은행,724681-41-781513,가입,90,S,A,S,A,B,정보처리기사,794,해당,,,
EMP1263,허보미,여,36,1991-09-15,910915-2156446,해당없음,2014-12-18,11,전문대졸,인하공업전문대학,3.5,경력,정규직,롯데그룹,사원,인사관리,두리안정보기술,경기 판교,영업부,국내영업팀,1,차장,팀원,2,,,heobomi.4@gmail.com,010-1500-5141,서울시 강남구 논현동,68000000,24,14,하나은행,162-859229-2717,가입,89,A,S,A,B,A,,,비해당,,,
EMP1264,지다은,여,30,1997-05-04,970504-2559233,해당없음,2022-05-21,3,대학원졸,경북대학교,2.6,공채,정규직,,,,두리안정보기술,서울 여의도,영업부,국내영업팀,1,사원,팀원,1,,,jidaeun63@nate.com,010-5101-2785,서울시 용산구 이태원동,30000000,11,10,카카오뱅크,333-26-4199065,가입,74,,,B,B,B,,585,비해당,,,
EMP1265,정하은,여,25,2002-03-04,020304-4949357,해당없음,2025-05-08,1,대졸,이화여자대학교,4,추천,정규직,,,,두리안정보기술,서울 여의도,기획부,전략기획팀,1,사원,팀원,1,,,junghaeun_dev@gmail.com,010-3159-3154,인천시 부평구 부평동,37000000,9,7,국민은행,972869-47-399672,가입,63,,,,,,ADsP,607,해당,,,
EMP1266,박성준,남,26,2001-08-01,010801-3449339,군필,2026-04-07,0,대졸,중앙대학교,4,추천,계약직,,,,두리안정보기술,서울 여의도,영업부,국내영업팀,1,사원,팀원,1,,,parksungjun92@hanmail.net,010-7965-4214,서울시 강동구 천호동,34000000,12,3,하나은행,181-435660-1405,가입,67,,,,,,,,비해당,,,
EMP1267,백하늘,여,47,1980-01-14,800114-2170365,해당없음,2010-03-17,16,대졸,한국외국어대학교,2.8,인턴전환,정규직,,,,두리안정보기술,경기 판교,영업부,국내영업팀,1,부장,팀원,2,,,baekhaneul_work@kakao.com,010-7559-6235,서울시 노원구 상계동,86000000,16,6,신한은행,180-090-466449,가입,84,C,B,B,B,B,AWS Solutions Architect,,해당,,,
EMP1268,문지우,여,36,1991-09-11,910911-2210402,해당없음,2018-05-18,8,전문대졸,경북전문대학교,3.3,추천,정규직,,,,두리안정보기술,서울 강남,기획부,전략기획팀,1,과장,팀원,1,,,moonjiwoo.9@gmail.com,010-6402-4765,서울시 강남구 역삼동,57000000,20,15,농협은행,351-9423-2703-00,가입,74,C,B,B,B,B,정보처리기사,687,해당,,정직,업무태만
EMP1269,우우진,남,27,2000-01-12,000112-3243794,군필,2023-08-15,2,전문대졸,경북전문대학교,3.3,경력,정규직,롯데그룹,사원,영업관리,두리안정보기술,서울 강남,기획부,사업기획팀,1,사원,팀원,1,,,woowoojin_work@nate.com,010-9425-6742,서울시 강남구 역삼동,32000000,7,2,우리은행,1005-443-853377,가입,63,,,,C,C,,888,비해당,공로상,,
EMP1270,엄재원,남,53,1974-12-03,741203-1109478,군필,2005-01-22,21,대졸,서울대학교,2.7,추천,정규직,,,,두리안정보기술,서울 여의도,기획부,전략기획팀,1,부장,팀원,2,,,umjaewon81@nate.com,010-4362-6085,서울시 마포구 합정동,112000000,12,3,토스뱅크,100-8669-4429,가입,88,B,A,A,A,A,ADsP,657,해당,공로상,,
EMP1271,정나은,여,32,1995-10-01,951001-2979861,해당없음,2023-02-06,3,대졸,강원대학교,3.3,추천,정규직,,,,두리안정보기술,경기 판교,인사부,채용팀,3,대리,팀원,1,,,jungnaeun@kakao.com,010-2851-9440,경기도 성남시 분당구 판교동,42000000,13,0,토스뱅크,100-3943-6943,가입,70,,,,C,C,AWS Solutions Architect,644,해당,,,
EMP1272,나준우,남,34,1993-07-15,930715-1361226,군필,2016-03-09,10,대졸,세종대학교,2.7,인턴전환,계약직,,,,두리안정보기술,서울 강남,인사부,채용팀,3,과장,팀원,1,,,najunwoo_269@daum.net,010-1087-7445,서울시 강남구 논현동,56000000,20,5,우리은행,1005-512-114822,가입,78,D,B,B,D,B,,,비해당,,,
EMP1273,엄유진,여,40,1987-07-19,870719-2187419,해당없음,2010-01-12,16,전문대졸,명지전문대학,3.6,인턴전환,계약직,,,,두리안정보기술,서울 강남,마케팅부,브랜드팀,1,차장,팀원,2,,,umyujin_406@daum.net,010-2778-5728,서울시 서초구 방배동,62000000,19,13,기업은행,010-77-449058,가입,85,B,B,B,B,B,SQLD,673,해당,,감봉,복무규정위반
EMP1274,홍예진,여,30,1997-05-13,970513-2732568,해당없음,2025-07-02,0,대졸,부산대학교,2.7,추천,정규직,,,,두리안정보기술,경기 판교,인사부,채용팀,3,사원,팀원,1,,,hongyejin42@hanmail.net,010-6110-2181,서울시 마포구 상암동,34000000,12,15,카카오뱅크,333-15-0089071,미가입,75,,,,,,,645,비해당,,,
EMP1275,나수진,여,48,1979-03-14,790314-2250157,해당없음,2004-12-17,21,대졸,한국외국어대학교,3.2,추천,정규직,,,,두리안정보기술,서울 강남,인사부,채용팀,3,부장,팀원,2,,,nasujin_kr@kakao.com,010-2216-7343,서울시 노원구 상계동,103000000,14,8,농협은행,351-0382-7611-15,가입,96,S,S,S,S,S,SQLD,,해당,,감봉,복무규정위반
EMP1276,민다은,여,44,1983-03-01,830301-2686999,해당없음,2010-06-03,15,대졸,동국대학교,3.6,공채,정규직,,,,두리안정보기술,경기 판교,영업부,국내영업팀,1,차장,팀원,2,,,mindaeun_707@daum.net,010-5827-4700,서울시 노원구 상계동,65000000,18,15,농협은행,351-4809-6755-00,가입,90,A,B,S,A,A,,564,비해당,,감봉,지각반복
EMP1277,한성준,남,28,1999-10-26,991026-1373715,군필,2024-09-26,1,대졸,가천대학교,2.7,인턴전환,정규직,,,,두리안정보기술,경기 판교,인사부,교육팀,3,사원,팀원,1,,,hansungjun_dev@kakao.com,010-1918-3761,서울시 서초구 서초동,36000000,14,2,국민은행,418132-10-792553,가입,76,,,,,B,정보보안기사,522,해당,,,
EMP1278,백민석,남,53,1974-01-06,740106-1502575,군필,2000-11-27,25,대졸,단국대학교,3.3,경력,정규직,포스코,차장,인사관리,두리안정보기술,서울 강남,기획부,전략기획팀,1,부장,팀원,2,,,baekminseok_dev@daum.net,010-4223-5632,서울시 강서구 마곡동,117000000,9,7,카카오뱅크,333-12-8067749,가입,93,A,A,A,B,A,,,비해당,,,
EMP1279,권서현,여,28,1999-09-24,990924-2179838,해당없음,2025-07-15,0,대졸,덕성여자대학교,2.7,공채,계약직,,,,두리안정보기술,경기 판교,영업부,해외영업팀,1,사원,팀원,1,,,kwonseohyun_986@gmail.com,010-8413-5790,경기도 수원시 영통구 매탄동,34000000,13,12,기업은행,010-47-700541,가입,65,,,,,,ADsP,,해당,,,
EMP1280,임민호,남,43,1984-01-04,840104-1123646,군필,2014-08-07,11,대졸,덕성여자대학교,3.1,인턴전환,계약직,,,,두리안정보기술,경기 판교,기획부,사업기획팀,1,차장,팀원,2,,,limminho@nate.com,010-8446-4227,경기도 수원시 영통구 매탄동,69000000,23,3,우리은행,1002-286-546714,가입,82,B,B,B,B,A,빅데이터분석기사,923,해당,,,
EMP1281,고승환,남,48,1979-09-03,790903-1409844,군필,2004-11-05,21,고졸,,,경력,계약직,쿠팡,대리,프론트엔드개발,두리안정보기술,서울 여의도,마케팅부,디지털마케팅팀,1,부장,팀원,2,,,koseunghwan87@hanmail.net,010-8082-2764,경기도 용인시 기흥구 영덕동,86000000,13,2,카카오뱅크,333-00-9905683,가입,90,A,A,A,A,A,,,비해당,,,
EMP1282,함민지,여,25,2002-04-27,020427-4497704,해당없음,2025-06-14,0,고졸,,,공채,정규직,,,,두리안정보기술,서울 강남,영업부,국내영업팀,1,사원,팀원,1,자발적퇴직,2025-09-04,hamminji48@hanmail.net,010-9194-2168,서울시 서초구 방배동,34000000,12,2,우리은행,1006-777-996426,가입,66,,,,,,,,비해당,,,
EMP1283,박승환,남,39,1988-03-14,880314-1101212,면제,2015-10-15,10,대졸,국민대학교,3.6,인턴전환,계약직,,,,두리안정보기술,서울 강남,개발부,AI팀,1,과장,팀원,1,,,parkseunghwan45@daum.net,010-6370-7135,경기도 성남시 분당구 판교동,60500000,28,12,신한은행,140-189-961888,가입,85,B,B,B,A,B,빅데이터분석기사,513,해당,,,
EMP1284,성혜린,여,38,1989-03-28,890328-2589918,해당없음,2014-03-28,12,대졸,가천대학교,3.6,인턴전환,정규직,,,,두리안정보기술,경기 판교,개발부,백엔드팀,1,차장,팀원,2,,,sunghyerin63@nate.com,010-1450-2980,경기도 성남시 분당구 판교동,78100000,16,0,토스뱅크,100-7125-5560,가입,85,B,C,A,B,B,컴퓨터활용능력1급,,해당,MVP,,
EMP1285,임채원,여,30,1997-04-02,970402-2669558,해당없음,2023-02-05,3,대졸,가천대학교,3.7,추천,계약직,,,,두리안정보기술,서울 강남,마케팅부,브랜드팀,1,사원,팀원,1,,,limchaewon18@hanmail.net,010-7241-4870,인천시 부평구 부평동,34000000,18,0,국민은행,719919-61-516512,가입,62,,,,C,C,빅데이터분석기사,,해당,,,
EMP1286,노지현,여,28,1999-12-09,991209-2289346,해당없음,2022-09-03,3,대졸,이화여자대학교,2.5,인턴전환,정규직,,,,두리안정보기술,경기 판교,개발부,프론트팀,1,사원,팀원,1,,,nohjihyun50@kakao.com,010-6565-9229,서울시 강남구 역삼동,39600000,5,15,농협은행,302-3380-8160-25,가입,63,,,C,C,D,빅데이터분석기사,613,해당,,,
EMP1287,임예진,여,43,1984-11-03,841103-2216451,해당없음,2016-12-11,9,대학원졸,인하대학교,3.9,경력,정규직,네이버,사원,재무회계,두리안정보기술,서울 강남,개발부,프론트팀,1,차장,팀원,2,자발적퇴직,2020-12-23,limyejin_989@daum.net,010-2760-3565,경기도 성남시 분당구 정자동,78100000,23,12,토스뱅크,100-7990-7362,가입,85,A,B,B,A,B,,531,비해당,,,
EMP1288,고서윤,여,44,1983-02-22,830222-2505437,해당없음,2007-02-02,19,대학원졸,서강대학교,2.9,인턴전환,정규직,,,,두리안정보기술,경기 판교,기획부,전략기획팀,1,부장,팀원,2,,,koseoyoon_work@naver.com,010-3892-2218,서울시 서초구 서초동,86000000,20,5,국민은행,762436-07-903953,가입,85,A,A,B,B,B,ADsP,,해당,,,
EMP1289,한나은,여,33,1994-06-03,940603-2883076,해당없음,2018-01-25,8,대졸,경희대학교,2.7,추천,정규직,,,,두리안정보기술,서울 강남,인사부,채용팀,3,대리,팀원,1,,,hannaeun71@nate.com,010-4061-8855,경기도 용인시 기흥구 영덕동,46000000,16,11,국민은행,500107-07-456495,가입,79,B,B,B,B,B,정보처리기사,,해당,,,
EMP1290,구민준,남,45,1982-12-20,821220-1901351,군필,2005-12-19,20,대졸,서울대학교,2.6,추천,정규직,,,,두리안정보기술,서울 강남,개발부,인프라팀,1,부장,팀장,2,,,koominjun82@daum.net,010-5061-2480,서울시 강남구 논현동,84700000,16,7,카카오뱅크,333-00-7411213,가입,93,A,A,A,A,A,AWS Solutions Architect,549,해당,공로상,경고,지각반복
EMP1291,권예준,남,34,1993-08-05,930805-1264918,면제,2020-04-19,6,전문대졸,명지전문대학,2.6,추천,계약직,,,,두리안정보기술,서울 여의도,기획부,사업기획팀,1,과장,팀원,1,,,kwonyejun_573@hanmail.net,010-2075-4083,경기도 성남시 분당구 정자동,57000000,25,1,국민은행,630150-54-463240,가입,85,A,B,B,B,B,,845,비해당,,,
EMP1292,전하은,여,25,2002-05-09,020509-4796677,해당없음,2025-11-21,0,대졸,숭실대학교,2.9,인턴전환,계약직,,,,두리안정보기술,경기 판교,영업부,국내영업팀,1,사원,팀원,1,,,jeonhaeun_work@nate.com,010-7502-1182,경기도 수원시 영통구 매탄동,38000000,9,10,하나은행,111-813763-4915,가입,77,,,,,,AWS Solutions Architect,,해당,우수사원상,,
EMP1293,엄수아,여,31,1996-06-08,960608-2367858,해당없음,2020-08-16,5,대학원졸,명지대학교,3.3,추천,정규직,,,,두리안정보기술,서울 여의도,기획부,전략기획팀,1,대리,팀원,1,,,umsua54@kakao.com,010-5709-2882,인천시 부평구 부평동,46000000,16,2,우리은행,1002-053-153797,가입,74,C,B,C,B,C,SQLD,,해당,,,
EMP1294,노예준,남,40,1987-10-23,871023-1165338,미필,2012-06-04,13,대졸,성균관대학교,3.5,추천,계약직,,,,두리안정보기술,서울 강남,영업부,국내영업팀,1,차장,팀원,2,,,nohyejun_kr@naver.com,010-6573-9740,경기도 용인시 기흥구 영덕동,66000000,25,9,국민은행,800690-86-052041,가입,90,A,A,A,A,A,빅데이터분석기사,,해당,,,
EMP1295,한선우,남,29,1998-06-04,980604-1422980,군필,2022-12-27,3,대졸,고려대학교,3.6,추천,정규직,,,,두리안정보기술,서울 강남,인사부,채용팀,3,사원,팀원,1,,,hansunwoo65@nate.com,010-7159-7970,서울시 용산구 이태원동,33000000,14,3,우리은행,1005-902-433239,가입,75,,,C,C,B,ADsP,,해당,,,
EMP1296,류민지,여,30,1997-05-01,970501-2801035,해당없음,2020-03-17,6,대졸,광운대학교,2.9,추천,계약직,,,,두리안정보기술,경기 판교,영업부,해외영업팀,1,대리,팀원,1,,,ryuminji73@nate.com,010-1478-6797,서울시 영등포구 여의도동,41000000,12,6,농협은행,302-6151-7858-76,가입,71,C,C,D,C,B,,618,비해당,우수사원상,,
EMP1297,유지유,여,39,1988-07-24,880724-2416660,해당없음,2011-11-04,14,대학원졸,서울대학교,3.9,경력,계약직,쿠팡,과장,백엔드개발,두리안정보기술,경기 판교,개발부,인프라팀,1,차장,팀원,2,,,yoojiyu_dev@kakao.com,010-4662-4770,서울시 영등포구 여의도동,66000000,19,12,카카오뱅크,333-94-5987976,가입,79,C,B,C,C,C,,,비해당,,경고,업무태만
EMP1298,지서연,여,27,2000-12-26,001226-4842565,해당없음,2024-03-28,2,대졸,부산대학교,3.8,공채,정규직,,,,두리안정보기술,서울 강남,마케팅부,디지털마케팅팀,1,사원,팀원,1,,,jiseoyeon68@hanmail.net,010-9628-6517,서울시 송파구 문정동,31000000,11,7,신한은행,140-676-420895,가입,64,,,,,D,,944,비해당,,,
EMP1299,안성민,남,32,1995-06-09,950609-1942798,군필,2019-03-20,7,대졸,서강대학교,2.6,공채,정규직,,,,두리안정보기술,경기 판교,인사부,교육팀,3,대리,팀원,1,,,ahnsungmin.3@daum.net,010-3198-1844,경기도 성남시 분당구 판교동,44000000,19,0,신한은행,100-780-624964,가입,77,C,B,B,C,C,,,비해당,,,
EMP1300,성정수,남,51,1976-07-12,760712-1900015,군필,2007-02-10,19,대졸,국민대학교,3.7,인턴전환,계약직,,,,두리안정보기술,서울 여의도,마케팅부,디지털마케팅팀,1,부장,팀원,2,,,sungjungsu.1@gmail.com,010-3525-7235,서울시 서초구 서초동,88000000,18,1,하나은행,111-515786-4083,가입,82,A,B,B,B,B,AWS Solutions Architect,848,해당,,,
EMP1301,양승준,남,29,1998-09-26,980926-1118115,군필,2026-05-04,0,대졸,연세대학교,3,추천,정규직,,,,두리안정보기술,서울 여의도,기획부,사업기획팀,1,사원,팀원,1,계약만료,2026-06-01,yangseungjun23@daum.net,010-1419-8908,서울시 영등포구 여의도동,35000000,6,4,농협은행,351-0127-8509-54,가입,70,,,,,,빅데이터분석기사,,해당,,,
EMP1302,우선우,남,24,2003-02-15,030215-3616972,면제,2026-03-24,0,대졸,홍익대학교,2.8,인턴전환,정규직,,,,두리안정보기술,서울 여의도,인사부,채용팀,3,사원,팀원,1,권고사직,2026-05-07,woosunwoo.5@kakao.com,010-9421-6895,서울시 마포구 합정동,32000000,15,12,신한은행,140-760-602226,가입,66,,,,,,ADsP,520,해당,,,
EMP1303,한지수,여,36,1991-06-11,910611-2152226,해당없음,2014-04-26,12,대졸,한양대학교,3.1,경력,계약직,롯데그룹,대리,마케팅기획,두리안정보기술,경기 판교,기획부,사업기획팀,1,과장,팀원,1,권고사직,2021-06-15,hanjisu64@daum.net,010-6824-1274,경기도 성남시 분당구 정자동,58000000,27,7,하나은행,200-777721-1937,가입,77,B,B,C,B,B,,578,비해당,,,
EMP1304,허도현,남,36,1991-05-12,910512-1389334,면제,2016-05-11,10,대졸,숭실대학교,3.2,경력,정규직,롯데그룹,차장,백엔드개발,두리안정보기술,서울 강남,영업부,국내영업팀,1,과장,팀원,1,,,heodohyun64@hanmail.net,010-4685-5901,서울시 강남구 삼성동,48000000,27,0,기업은행,030-19-986798,가입,79,B,B,B,B,B,ADsP,634,해당,,,
EMP1305,조지호,남,28,1999-10-17,991017-1536492,군필,2024-05-25,1,대졸,연세대학교,3.9,경력,정규직,KT,차장,재무회계,두리안정보기술,서울 강남,영업부,해외영업팀,1,사원,팀원,1,,,jojiho11@nate.com,010-1767-3037,서울시 서초구 서초동,30000000,17,6,카카오뱅크,333-90-6623362,가입,67,,,,,D,,633,비해당,,,
EMP1306,신민석,남,38,1989-01-02,890102-1735818,군필,2019-12-18,6,대졸,인하대학교,3.9,추천,정규직,,,,두리안정보기술,서울 여의도,마케팅부,디지털마케팅팀,1,과장,팀원,1,,,shinminseok_work@kakao.com,010-9465-9538,서울시 송파구 문정동,55000000,19,8,카카오뱅크,333-15-1181993,가입,87,A,C,C,B,B,,772,비해당,공로상,,
EMP1307,지지원,여,35,1992-04-28,920428-2340244,해당없음,2019-10-11,6,대졸,연세대학교,3.5,경력,정규직,카카오,차장,데이터분석,두리안정보기술,서울 여의도,인사부,교육팀,3,과장,팀원,1,,,jijiwon.2@gmail.com,010-8642-7175,서울시 강남구 논현동,55000000,23,11,국민은행,130573-39-117728,가입,85,C,B,B,C,C,,,비해당,,,
EMP1308,한예진,여,29,1998-07-16,980716-2455232,해당없음,2021-05-08,5,대졸,단국대학교,2.6,공채,정규직,,,,두리안정보기술,서울 여의도,개발부,AI팀,1,대리,팀원,1,,,hanyejin_698@kakao.com,010-3865-6867,서울시 영등포구 여의도동,49500000,11,15,국민은행,564134-73-066617,가입,82,,B,B,B,B,정보보안기사,,해당,,,
EMP1309,손소희,여,31,1996-05-18,960518-2216581,해당없음,2025-05-07,1,대졸,경희대학교,3.9,공채,정규직,,,,두리안정보기술,서울 여의도,기획부,전략기획팀,1,사원,팀원,1,,,sonsohee_393@kakao.com,010-5153-3433,서울시 강남구 논현동,38000000,7,9,우리은행,1006-826-990195,가입,76,,,,,,정보보안기사,,해당,,,
EMP1310,최다현,여,39,1988-11-03,881103-2148196,해당없음,2015-10-28,10,대졸,연세대학교,3.6,인턴전환,계약직,,,,두리안정보기술,서울 강남,마케팅부,브랜드팀,1,과장,팀원,1,,,choidahyun_dev@nate.com,010-3553-9130,서울시 강남구 삼성동,51000000,18,5,신한은행,110-904-407092,가입,77,C,B,B,B,B,정보보안기사,738,해당,,,
EMP1311,민은별,여,46,1981-05-27,810527-2658411,해당없음,2013-05-10,13,전문대졸,명지전문대학,3.4,인턴전환,정규직,,,,두리안정보기술,경기 판교,인사부,교육팀,3,차장,팀원,2,,,mineunbyul.1@nate.com,010-3835-4804,서울시 서초구 방배동,66000000,17,13,신한은행,100-167-569650,가입,81,B,B,B,B,B,,952,비해당,,,
EMP1312,양하준,남,27,2000-03-06,000306-3781722,군필,2023-06-23,2,전문대졸,경북전문대학교,2.6,경력,정규직,삼성전자,사원,영업관리,두리안정보기술,서울 여의도,영업부,해외영업팀,1,사원,팀원,1,,,yanghajun.5@kakao.com,010-7424-7043,서울시 강서구 마곡동,35000000,12,6,우리은행,1006-732-085270,가입,67,,,,B,C,ADsP,,해당,,,
EMP1313,양동현,남,30,1997-11-22,971122-1691643,군필,2023-06-11,2,대학원졸,세종대학교,2.7,인턴전환,계약직,,,,두리안정보기술,서울 강남,마케팅부,디지털마케팅팀,1,사원,팀원,1,,,yangdonghyun50@daum.net,010-5392-1171,서울시 강남구 역삼동,31000000,16,2,신한은행,140-036-747685,가입,70,,,,C,C,,,비해당,,,
EMP1314,방소희,여,31,1996-05-25,960525-2712945,해당없음,2019-11-20,6,대졸,건국대학교,3.8,공채,정규직,,,,두리안정보기술,경기 판교,개발부,인프라팀,1,과장,팀원,1,,,bangsohee9@nate.com,010-9617-8047,서울시 영등포구 여의도동,55000000,24,15,카카오뱅크,333-23-0847906,가입,87,B,B,B,B,A,,539,비해당,,,
EMP1315,성보미,여,28,1999-03-01,990301-2985047,해당없음,2022-07-18,3,전문대졸,인하공업전문대학,3.2,인턴전환,계약직,,,,두리안정보기술,서울 여의도,기획부,사업기획팀,1,대리,팀원,1,,,sungbomi.5@kakao.com,010-7739-8418,서울시 노원구 상계동,41000000,13,1,국민은행,152946-48-675101,가입,76,,,B,B,C,SQLD,828,해당,MVP,,
EMP1316,지지민,여,47,1980-03-07,800307-2331921,해당없음,2006-05-01,20,전문대졸,명지전문대학,3.4,경력,계약직,쿠팡,과장,프로젝트관리,두리안정보기술,서울 강남,인사부,교육팀,3,부장,팀원,2,,,jijimin47@gmail.com,010-5504-1042,경기도 고양시 일산동구 장항동,78000000,20,6,신한은행,110-121-234905,가입,91,A,A,B,A,B,AWS Solutions Architect,638,해당,,,
EMP1317,원윤서,여,47,1980-03-12,800312-2579005,해당없음,2009-10-06,16,고졸,,,인턴전환,정규직,,,,두리안정보기술,서울 강남,인사부,교육팀,3,부장,팀원,2,,,wonyunseo_907@gmail.com,010-7564-3273,경기도 고양시 일산동구 장항동,86000000,15,8,토스뱅크,100-1566-7316,가입,89,S,A,B,A,S,,795,비해당,,,
EMP1318,곽채원,여,31,1996-07-16,960716-2102836,해당없음,2019-10-23,6,대졸,명지대학교,3.9,공채,계약직,,,,두리안정보기술,서울 여의도,기획부,사업기획팀,1,과장,팀원,1,,,kwakchaewon_dev@daum.net,010-5074-2429,서울시 강남구 삼성동,50000000,25,2,카카오뱅크,333-89-3882767,가입,74,C,C,C,D,B,AWS Solutions Architect,,해당,,,
EMP1319,민동현,남,26,2001-07-16,010716-3883001,군필,2026-01-07,0,전문대졸,인하공업전문대학,3.7,인턴전환,정규직,,,,두리안정보기술,서울 여의도,개발부,백엔드팀,1,사원,팀원,1,,,mindonghyun97@hanmail.net,010-7041-2586,인천시 부평구 부평동,37400000,10,4,토스뱅크,100-2827-5195,가입,60,,,,,,정보처리기사,,해당,공로상,,
EMP1320,송예은,여,41,1986-11-15,861115-2156036,해당없음,2015-05-14,11,대졸,중앙대학교,4,추천,계약직,,,,두리안정보기술,서울 여의도,기획부,전략기획팀,1,과장,팀원,1,,,songyeeun20@kakao.com,010-1619-2646,서울시 마포구 상암동,52000000,24,2,기업은행,030-07-935978,가입,86,B,C,B,A,B,빅데이터분석기사,918,해당,,,
EMP1321,천채원,여,32,1995-01-15,950115-2796684,해당없음,2020-12-14,5,대졸,충남대학교,3.1,경력,정규직,쿠팡,과장,프로젝트관리,두리안정보기술,서울 강남,인사부,채용팀,3,과장,팀원,1,,,chunchaewon_251@daum.net,010-8502-3252,경기도 성남시 분당구 판교동,54000000,30,12,우리은행,1002-881-822823,가입,80,B,B,A,B,C,리눅스마스터,682,해당,,,
EMP1322,정준서,남,40,1987-01-10,870110-1795790,군필,2017-01-14,9,대학원졸,가천대학교,3.6,인턴전환,계약직,,,,두리안정보기술,서울 여의도,마케팅부,디지털마케팅팀,1,과장,팀원,1,,,jungjunseo.4@naver.com,010-5783-3833,서울시 강서구 마곡동,52000000,22,4,신한은행,100-067-335116,가입,83,B,B,B,B,B,정보처리기사,785,해당,,,
EMP1323,공우진,남,45,1982-01-14,820114-1827264,군필,2009-05-16,17,고졸,,,추천,정규직,,,,두리안정보기술,경기 판교,기획부,전략기획팀,1,부장,팀원,2,,,kongwoojin51@gmail.com,010-3284-1731,서울시 은평구 불광동,84000000,18,13,카카오뱅크,333-92-1095058,가입,86,B,A,B,B,B,컴퓨터활용능력1급,643,해당,,,
EMP1324,황지훈,남,36,1991-12-16,911216-1916583,군필,2015-10-20,10,대졸,숭실대학교,2.9,추천,정규직,,,,두리안정보기술,서울 여의도,영업부,해외영업팀,1,과장,팀원,1,,,hwangjihoon_work@nate.com,010-5700-3182,서울시 서초구 서초동,57000000,20,13,카카오뱅크,333-60-5667820,가입,75,B,B,B,C,B,,,비해당,,,
EMP1325,배지민,여,24,2003-04-11,030411-4719061,해당없음,2025-10-17,0,대졸,건국대학교,3.1,경력,정규직,KT,사원,인사관리,두리안정보기술,서울 강남,개발부,AI팀,1,사원,팀원,1,계약만료,2025-12-28,baejimin_kr@gmail.com,010-3060-5887,서울시 마포구 상암동,33000000,5,10,신한은행,140-079-977605,가입,66,,,,,,,,비해당,우수사원상,,
EMP1326,원도윤,남,46,1981-01-07,810107-1236142,군필,2011-10-11,14,전문대졸,영진전문대학교,3,공채,정규직,,,,두리안정보기술,서울 강남,개발부,프론트팀,1,차장,팀원,2,,,wondoyoon78@gmail.com,010-5701-5382,인천시 부평구 부평동,79200000,25,4,기업은행,010-07-151820,가입,81,B,B,B,B,A,정보처리기사,544,해당,MVP,,
EMP1327,심성준,남,25,2002-05-27,020527-3334519,군필,2025-06-03,0,대졸,연세대학교,3.3,추천,정규직,,,,두리안정보기술,서울 여의도,개발부,백엔드팀,1,사원,팀원,1,,,shimsungjun_307@daum.net,010-7245-7218,서울시 은평구 불광동,41800000,8,4,신한은행,180-703-085077,가입,63,,,,,,,821,비해당,,,
EMP1328,구지호,남,30,1997-04-19,970419-1298027,군필,2025-02-11,1,전문대졸,경북전문대학교,3.8,공채,정규직,,,,두리안정보기술,경기 판교,영업부,국내영업팀,1,사원,팀원,1,,,koojiho_work@gmail.com,010-9215-1481,서울시 강남구 역삼동,34000000,8,7,우리은행,1006-375-147994,미가입,66,,,,,,정보처리기사,651,해당,,,
EMP1329,지민지,여,32,1995-06-09,950609-2933668,해당없음,2019-03-11,7,대졸,가천대학교,2.6,추천,정규직,,,,두리안정보기술,서울 여의도,인사부,교육팀,3,대리,팀원,1,,,jiminji_298@nate.com,010-9504-7496,서울시 송파구 잠실동,46000000,16,12,기업은행,010-77-889255,가입,81,B,C,B,B,B,AWS Solutions Architect,989,해당,,,
EMP1330,성동현,남,36,1991-02-22,910222-1351390,군필,2018-08-01,7,대졸,숭실대학교,3.8,경력,정규직,롯데그룹,대리,데이터분석,두리안정보기술,서울 강남,인사부,채용팀,3,과장,팀원,1,,,sungdonghyun_966@naver.com,010-6326-1727,서울시 은평구 불광동,49000000,25,5,신한은행,110-962-260863,가입,82,B,B,C,C,A,컴퓨터활용능력1급,968,해당,팀워크상,,
EMP1331,신하영,여,36,1991-10-13,911013-2726456,해당없음,2022-11-27,3,대졸,경북대학교,2.8,경력,정규직,현대자동차,과장,프로젝트관리,두리안정보기술,서울 여의도,마케팅부,디지털마케팅팀,1,대리,팀원,1,,,shinhayoung@hanmail.net,010-3129-8546,경기도 성남시 분당구 판교동,38000000,18,5,토스뱅크,100-4275-9978,가입,71,,,B,D,D,빅데이터분석기사,922,해당,,,
EMP1332,주지훈,남,37,1990-10-09,901009-1370981,군필,2015-10-24,10,전문대졸,인하공업전문대학,3.2,추천,정규직,,,,두리안정보기술,경기 판교,인사부,교육팀,3,차장,팀원,2,,,jujihoon_kr@hanmail.net,010-2499-3879,경기도 수원시 영통구 매탄동,61000000,17,3,농협은행,351-6551-7310-61,가입,85,C,A,B,B,B,빅데이터분석기사,832,해당,공로상,,
EMP1333,윤지유,여,31,1996-08-12,960812-2639368,해당없음,2024-11-10,1,대졸,중앙대학교,3.7,경력,정규직,카카오,차장,백엔드개발,두리안정보기술,서울 여의도,인사부,교육팀,3,사원,팀원,1,,,yoonjiyu_776@nate.com,010-5324-7132,서울시 서초구 방배동,36000000,17,14,우리은행,1006-794-664407,가입,67,,,,,C,,975,비해당,,,
EMP1334,박하늘,여,35,1992-04-27,920427-2437014,해당없음,2019-08-06,6,대졸,광운대학교,3.7,인턴전환,정규직,,,,두리안정보기술,서울 강남,기획부,전략기획팀,1,대리,팀원,1,,,parkhaneul.9@kakao.com,010-8338-4904,서울시 송파구 잠실동,43000000,21,5,우리은행,1005-989-646096,가입,82,B,B,B,B,B,,660,비해당,,,
EMP1335,엄지원,여,31,1996-12-07,961207-2934563,해당없음,2019-11-14,6,대졸,서울대학교,3.9,인턴전환,계약직,,,,두리안정보기술,서울 여의도,인사부,채용팀,3,과장,팀원,1,,,umjiwon_152@kakao.com,010-7441-4986,경기도 성남시 분당구 정자동,50000000,21,9,토스뱅크,100-2321-0993,가입,81,A,B,B,A,C,,,비해당,,,
EMP1336,지서현,여,30,1997-02-22,970222-2688121,해당없음,2022-08-27,3,전문대졸,인하공업전문대학,2.8,인턴전환,정규직,,,,두리안정보기술,서울 여의도,영업부,해외영업팀,1,사원,팀원,1,,,jiseohyun57@gmail.com,010-5411-8289,서울시 송파구 문정동,37000000,17,14,카카오뱅크,333-06-4248506,가입,76,,,B,C,B,빅데이터분석기사,625,해당,,,
EMP1337,김서윤,여,43,1984-11-09,841109-2679299,해당없음,2016-07-09,9,대졸,국민대학교,2.8,인턴전환,정규직,,,,두리안정보기술,서울 여의도,마케팅부,디지털마케팅팀,1,차장,팀원,2,,,kimseoyoon_767@gmail.com,010-2221-8104,경기도 용인시 기흥구 영덕동,60000000,16,0,카카오뱅크,333-55-9260421,가입,81,B,C,B,A,C,ADsP,847,해당,,,
EMP1338,나채원,여,29,1998-06-26,980626-2200129,해당없음,2022-04-09,4,대졸,연세대학교,3.9,공채,정규직,,,,두리안정보기술,서울 여의도,기획부,사업기획팀,1,대리,팀원,1,,,nachaewon_work@nate.com,010-5594-1666,서울시 강서구 마곡동,38000000,18,5,토스뱅크,100-8060-5337,가입,75,,,B,C,B,정보보안기사,,해당,MVP,,
EMP1339,송도현,남,40,1987-04-04,870404-1282975,군필,2014-04-11,12,대졸,숭실대학교,2.7,인턴전환,계약직,,,,두리안정보기술,경기 판교,인사부,채용팀,3,과장,팀원,1,,,songdohyun@kakao.com,010-1440-7705,인천시 부평구 부평동,55000000,21,6,신한은행,100-708-714923,가입,82,B,B,B,B,B,,776,비해당,,,
EMP1340,홍소연,여,41,1986-01-20,860120-2362613,해당없음,2014-05-15,12,대졸,세종대학교,3.3,인턴전환,정규직,,,,두리안정보기술,서울 여의도,개발부,AI팀,1,과장,팀원,1,,,hongsoyeon97@daum.net,010-7327-6404,서울시 강남구 삼성동,56100000,29,5,하나은행,181-877818-4312,가입,86,C,A,B,B,B,,668,비해당,,,
EMP1341,차승환,남,25,2002-08-14,020814-3592746,군필,2025-09-08,0,대졸,가천대학교,3.5,공채,정규직,,,,두리안정보기술,서울 여의도,개발부,백엔드팀,1,사원,팀원,1,,,chaseunghwan_kr@nate.com,010-3160-7586,서울시 노원구 상계동,34100000,6,10,국민은행,690055-29-574050,가입,62,,,,,,리눅스마스터,,해당,,,
EMP1342,정준혁,남,32,1995-07-06,950706-1401298,군필,2023-05-26,2,대졸,고려대학교,3.5,추천,정규직,,,,두리안정보기술,서울 여의도,개발부,백엔드팀,1,대리,팀원,1,,,jungjunhyuk.2@nate.com,010-1668-4880,서울시 강서구 마곡동,52800000,21,15,농협은행,351-8201-2684-63,가입,69,,,,C,D,,930,비해당,,,
EMP1343,유지원,여,25,2002-06-23,020623-4662470,해당없음,2026-03-27,0,대졸,강원대학교,2.8,경력,정규직,네이버,사원,인사관리,두리안정보기술,경기 판교,마케팅부,브랜드팀,1,사원,팀원,1,,,yoojiwon13@daum.net,010-6955-6212,경기도 수원시 영통구 매탄동,33000000,6,4,신한은행,140-029-731269,가입,76,,,,,,ADsP,,해당,,,
EMP1344,함지우,여,29,1998-08-15,980815-2955885,해당없음,2021-04-23,5,대졸,홍익대학교,3.8,경력,계약직,KT,차장,재무회계,두리안정보기술,경기 판교,기획부,사업기획팀,1,대리,팀원,1,,,hamjiwoo_dev@naver.com,010-9577-1962,경기도 용인시 기흥구 영덕동,44000000,12,12,국민은행,333257-04-707090,가입,80,,B,B,C,B,정보처리기사,559,해당,,,
EMP1345,한소연,여,36,1991-05-13,910513-2125998,해당없음,2015-11-10,10,대졸,강원대학교,4,경력,정규직,SK하이닉스,대리,백엔드개발,두리안정보기술,서울 여의도,마케팅부,브랜드팀,1,과장,팀원,1,자발적퇴직,2024-05-20,hansoyeon21@daum.net,010-2560-8977,서울시 강남구 삼성동,48000000,28,9,농협은행,302-1068-1173-51,가입,86,B,B,B,A,B,정보보안기사,,해당,,,
EMP1346,최우진,남,31,1996-08-09,960809-1165035,군필,2022-01-09,4,대졸,경희대학교,3.7,추천,계약직,,,,두리안정보기술,서울 강남,개발부,프론트팀,1,사원,팀원,1,,,choiwoojin_674@kakao.com,010-7941-7414,서울시 강서구 마곡동,35200000,10,0,국민은행,028415-15-484485,가입,67,,,C,D,C,,950,비해당,,경고,복무규정위반
EMP1347,송우혁,남,35,1992-02-24,920224-1539301,군필,2018-07-02,7,대학원졸,명지대학교,3.6,인턴전환,계약직,,,,두리안정보기술,경기 판교,개발부,백엔드팀,1,대리,팀원,1,,,songwoohyuk90@kakao.com,010-5182-9868,경기도 용인시 기흥구 영덕동,47300000,10,7,카카오뱅크,333-93-6446916,가입,81,B,B,B,B,B,,,비해당,우수사원상,,
EMP1348,안하은,여,27,2000-06-18,000618-4460289,해당없음,2025-03-22,1,대학원졸,중앙대학교,2.8,공채,정규직,,,,두리안정보기술,서울 강남,기획부,사업기획팀,1,사원,팀원,1,,,ahnhaeun45@gmail.com,010-1454-2041,서울시 강남구 삼성동,31000000,13,12,농협은행,356-2318-9689-25,가입,75,,,,,,,,비해당,,,
EMP1349,엄하은,여,36,1991-02-26,910226-2777536,해당없음,2015-09-28,10,대졸,인하대학교,3,추천,정규직,,,,두리안정보기술,서울 여의도,개발부,프론트팀,1,과장,팀원,1,,,umhaeun.9@nate.com,010-2303-3137,서울시 강동구 천호동,59400000,20,2,카카오뱅크,333-08-7684294,가입,79,C,B,C,C,B,,,비해당,,,
EMP1350,홍준우,남,26,2001-11-20,011120-3718971,군필,2025-11-26,0,대졸,성균관대학교,2.6,추천,정규직,,,,두리안정보기술,경기 판교,인사부,교육팀,3,사원,팀원,1,,,hongjunwoo62@naver.com,010-9114-7312,서울시 송파구 문정동,33000000,10,1,토스뱅크,100-1102-5746,가입,64,,,,,,,,비해당,,,
EMP1351,원하린,여,27,2000-05-24,000524-4346619,해당없음,2025-10-17,0,대졸,동국대학교,3,인턴전환,정규직,,,,두리안정보기술,서울 강남,영업부,국내영업팀,1,사원,팀원,1,,,wonharin2@gmail.com,010-3029-4999,경기도 성남시 분당구 판교동,35000000,16,6,농협은행,351-9053-2489-79,가입,66,,,,,,,951,비해당,,,
EMP1352,신준혁,남,40,1987-12-04,871204-1961860,면제,2020-09-06,5,대졸,성균관대학교,2.7,공채,정규직,,,,두리안정보기술,서울 여의도,영업부,국내영업팀,1,과장,팀원,1,,,shinjunhyuk72@hanmail.net,010-2953-5357,서울시 송파구 잠실동,51000000,20,4,하나은행,111-719770-5705,가입,74,B,B,B,C,B,SQLD,,해당,,,
EMP1353,현재민,남,44,1983-04-12,830412-1500120,군필,2010-03-18,16,대학원졸,인하대학교,3.2,추천,정규직,,,,두리안정보기술,경기 판교,기획부,전략기획팀,1,차장,팀원,2,,,hyunjaemin89@naver.com,010-1662-8939,서울시 노원구 상계동,68000000,23,0,국민은행,911719-28-033804,가입,82,B,B,B,B,B,,,비해당,,,
EMP1354,임지아,여,40,1987-08-13,870813-2576763,해당없음,2016-02-10,10,대졸,홍익대학교,3,공채,정규직,,,,두리안정보기술,서울 여의도,기획부,전략기획팀,1,차장,팀원,2,,,limjia43@gmail.com,010-9303-2152,서울시 강남구 논현동,68000000,25,5,기업은행,020-66-590515,가입,90,A,A,A,A,A,,674,비해당,,,
EMP1355,문하영,여,33,1994-05-22,940522-2467797,해당없음,2023-12-10,2,대졸,숙명여자대학교,3.3,공채,정규직,,,,두리안정보기술,서울 여의도,마케팅부,브랜드팀,1,대리,팀원,1,,,moonhayoung_work@naver.com,010-8125-1304,서울시 송파구 문정동,44000000,15,5,기업은행,010-86-449251,가입,73,,,,B,B,정보보안기사,,해당,,,
EMP1356,성소연,여,42,1985-06-15,850615-2578664,해당없음,2010-08-10,15,전문대졸,인하공업전문대학,3.7,경력,정규직,삼성전자,사원,프로젝트관리,두리안정보기술,경기 판교,마케팅부,브랜드팀,1,부장,팀원,2,,,sungsoyeon_dev@naver.com,010-2461-8699,서울시 서초구 방배동,85000000,17,10,하나은행,181-457761-2156,가입,87,C,B,A,B,A,컴퓨터활용능력1급,652,해당,,,
EMP1357,원다현,여,42,1985-09-12,850912-2674635,해당없음,2013-02-17,13,대졸,세종대학교,3.7,공채,정규직,,,,두리안정보기술,경기 판교,영업부,국내영업팀,1,차장,팀원,2,계약만료,2025-10-22,wondahyun48@gmail.com,010-9494-7873,서울시 은평구 불광동,63000000,21,1,기업은행,030-25-462914,가입,80,B,B,B,C,B,,,비해당,,,
EMP1358,심준우,남,30,1997-02-25,970225-1832557,면제,2020-05-02,6,대졸,이화여자대학교,3.6,추천,정규직,,,,두리안정보기술,서울 여의도,기획부,전략기획팀,1,대리,팀원,1,,,shimjunwoo.2@nate.com,010-9661-7584,경기도 용인시 기흥구 영덕동,46000000,14,8,우리은행,1006-127-853970,가입,74,B,B,D,B,D,AWS Solutions Architect,,해당,,,
EMP1359,홍선우,남,34,1993-06-15,930615-1573727,미필,2016-08-10,9,대학원졸,한국외국어대학교,3.4,추천,계약직,,,,두리안정보기술,경기 판교,영업부,해외영업팀,1,과장,팀원,1,,,hongsunwoo.6@hanmail.net,010-7777-2372,서울시 마포구 합정동,49000000,28,0,국민은행,800806-74-560247,가입,85,B,B,B,A,A,AWS Solutions Architect,,해당,,,
EMP1360,송다은,여,27,2000-01-13,000113-4851324,해당없음,2024-10-25,1,대졸,명지대학교,3.9,인턴전환,계약직,,,,두리안정보기술,서울 여의도,인사부,교육팀,3,사원,팀원,1,,,songdaeun_309@kakao.com,010-1525-9092,경기도 고양시 일산동구 장항동,33000000,15,14,농협은행,302-1594-5442-37,가입,72,,,,,B,,735,비해당,,정직,업무태만
EMP1361,천동현,남,41,1986-03-27,860327-1302658,군필,2016-10-21,9,전문대졸,인하공업전문대학,3.8,공채,정규직,,,,두리안정보기술,경기 판교,마케팅부,디지털마케팅팀,1,과장,팀원,1,,,chundonghyun93@nate.com,010-9558-9529,서울시 강동구 천호동,48000000,20,10,카카오뱅크,333-53-9140600,가입,84,B,B,A,B,C,빅데이터분석기사,947,해당,,,
EMP1362,현태양,남,36,1991-03-01,910301-1920460,미필,2018-08-10,7,대졸,홍익대학교,3.8,추천,계약직,,,,두리안정보기술,서울 강남,인사부,채용팀,3,과장,팀원,1,계약만료,2021-07-29,hyuntaeyang_603@nate.com,010-8625-6158,서울시 서초구 서초동,48000000,27,13,농협은행,301-8936-6089-12,가입,86,A,A,C,A,B,,,비해당,,,
EMP1363,임민준,남,33,1994-10-22,941022-1757775,군필,2020-06-26,5,대학원졸,서강대학교,2.9,경력,정규직,LG전자,대리,영업관리,두리안정보기술,서울 여의도,개발부,AI팀,1,과장,팀원,1,,,limminjun_dev@daum.net,010-2985-4603,서울시 강남구 삼성동,61600000,20,0,토스뱅크,100-2936-2694,가입,86,B,A,B,B,A,,935,비해당,,,
EMP1364,조서연,여,36,1991-08-02,910802-2856262,해당없음,2018-11-26,7,대졸,연세대학교,4,인턴전환,정규직,,,,두리안정보기술,서울 강남,개발부,프론트팀,1,과장,팀원,1,,,joseoyeon_work@naver.com,010-9108-4824,서울시 용산구 이태원동,57200000,21,4,신한은행,110-610-847538,가입,83,B,B,C,B,B,SQLD,625,해당,,,
EMP1365,오지후,남,28,1999-02-02,990202-1821086,군필,2022-02-13,4,대졸,서강대학교,2.5,공채,정규직,,,,두리안정보기술,서울 여의도,기획부,사업기획팀,1,사원,팀원,1,,,ohjihoo_907@gmail.com,010-2738-2680,서울시 서초구 서초동,31000000,14,14,농협은행,301-8035-6408-82,가입,78,,,B,B,B,,,비해당,,,
EMP1366,송예린,여,42,1985-01-03,850103-2865037,해당없음,2008-12-15,17,대졸,전북대학교,3.7,경력,정규직,네이버,차장,데이터분석,두리안정보기술,경기 판교,개발부,백엔드팀,1,부장,팀원,2,,,songyerin.8@nate.com,010-2549-7973,서울시 강서구 마곡동,92400000,12,10,국민은행,226029-91-896115,가입,93,B,A,S,A,A,,604,비해당,,,
EMP1367,임민호,남,40,1987-02-08,870208-1959028,군필,2012-12-01,13,대학원졸,서강대학교,3.5,경력,정규직,KT,차장,백엔드개발,두리안정보기술,서울 강남,영업부,해외영업팀,1,차장,팀원,2,,,limminho11@gmail.com,010-8021-7392,경기도 성남시 분당구 정자동,60000000,23,11,토스뱅크,100-7338-1010,가입,89,A,A,S,A,S,AWS Solutions Architect,,해당,,,
EMP1368,홍서현,여,29,1998-03-06,980306-2278523,해당없음,2023-12-21,2,전문대졸,인하공업전문대학,3.1,공채,계약직,,,,두리안정보기술,서울 강남,기획부,사업기획팀,1,사원,팀원,1,,,hongseohyun_dev@naver.com,010-4144-9919,서울시 강동구 천호동,35000000,14,3,우리은행,1002-090-496376,가입,76,,,,B,B,,,비해당,,,
EMP1369,이우혁,남,38,1989-09-17,890917-1913966,군필,2012-10-15,13,대졸,한국외국어대학교,3.9,경력,정규직,현대자동차,사원,인사관리,두리안정보기술,서울 강남,인사부,채용팀,3,차장,팀원,2,,,leewoohyuk97@hanmail.net,010-7095-5587,서울시 용산구 이태원동,70000000,15,9,카카오뱅크,333-46-3832123,가입,82,B,C,B,B,B,정보보안기사,917,해당,,,
EMP1370,송세연,여,26,2001-02-26,010226-4963584,해당없음,2024-04-03,2,대학원졸,강원대학교,3.9,인턴전환,정규직,,,,두리안정보기술,서울 여의도,기획부,사업기획팀,1,사원,팀원,1,,,songseyeon46@naver.com,010-9951-3760,경기도 성남시 분당구 정자동,37000000,5,9,우리은행,1006-773-140113,가입,78,,,,,B,빅데이터분석기사,,해당,팀워크상,,
EMP1371,김수현,남,50,1977-03-04,770304-1977666,군필,2009-06-04,16,전문대졸,경북전문대학교,3.2,공채,정규직,,,,두리안정보기술,서울 여의도,기획부,사업기획팀,1,부장,팀원,2,,,kimsoohyun@hanmail.net,010-3384-9264,서울시 마포구 합정동,78000000,18,9,기업은행,030-65-281685,가입,91,S,S,A,A,A,정보처리기사,702,해당,,정직,업무태만
EMP1372,임하늘,여,54,1973-02-22,730222-2728279,해당없음,1999-05-23,27,대졸,가천대학교,3.9,추천,정규직,,,,두리안정보기술,서울 여의도,개발부,,1,이사,팀원,3,,,limhaneul46@hanmail.net,010-3820-9245,서울시 용산구 이태원동,123200000,10,13,카카오뱅크,333-41-8067817,가입,92,A,S,S,A,S,SQLD,792,해당,,,
EMP1373,문준혁,남,27,2000-05-15,000515-3946546,면제,2023-10-25,2,대졸,홍익대학교,3.5,경력,정규직,LG전자,사원,프로젝트관리,두리안정보기술,경기 판교,영업부,국내영업팀,1,사원,팀원,1,,,moonjunhyuk@kakao.com,010-5940-9093,서울시 은평구 불광동,37000000,9,1,카카오뱅크,333-20-2172986,가입,77,,,,C,B,,,비해당,,,
EMP1374,곽태양,남,37,1990-01-07,900107-1894572,군필,2018-07-26,7,고졸,,,추천,정규직,,,,두리안정보기술,서울 여의도,인사부,채용팀,3,과장,팀원,1,,,kwaktaeyang@kakao.com,010-8085-7737,서울시 노원구 상계동,54000000,30,6,우리은행,1005-240-796659,가입,84,B,B,B,C,B,정보처리기사,,해당,,,
EMP1375,나채원,여,31,1996-07-04,960704-2601556,해당없음,2023-03-06,3,고졸,,,인턴전환,정규직,,,,두리안정보기술,경기 판교,인사부,채용팀,3,대리,팀원,1,,,nachaewon_753@nate.com,010-4915-2898,서울시 노원구 상계동,48000000,18,6,기업은행,010-54-235733,가입,75,,,,C,C,SQLD,768,해당,,정직,복무규정위반
EMP1376,현수진,여,31,1996-04-21,960421-2503606,해당없음,2019-04-27,7,대졸,인하대학교,2.6,추천,정규직,,,,두리안정보기술,경기 판교,개발부,AI팀,1,과장,팀원,1,,,hyunsujin44@gmail.com,010-7488-7648,경기도 용인시 기흥구 영덕동,63800000,26,0,우리은행,1006-283-429857,미가입,85,B,B,B,B,B,,,비해당,,,
EMP1377,서민준,남,30,1997-06-07,970607-1355670,군필,2021-05-17,5,전문대졸,명지전문대학,2.9,공채,계약직,,,,두리안정보기술,경기 판교,마케팅부,디지털마케팅팀,1,대리,팀원,1,,,seominjun_dev@nate.com,010-5402-6515,경기도 수원시 영통구 매탄동,47000000,11,4,국민은행,532185-84-159595,가입,74,,B,B,C,B,,869,비해당,,,
EMP1378,고재원,남,24,2003-10-11,031011-3354122,군필,2025-10-24,0,대학원졸,단국대학교,3.7,인턴전환,정규직,,,,두리안정보기술,서울 여의도,마케팅부,디지털마케팅팀,1,사원,팀원,1,,,kojaewon60@gmail.com,010-1982-2875,서울시 용산구 이태원동,32000000,17,11,농협은행,356-4171-7651-16,가입,66,,,,,,ADsP,,해당,,,
EMP1379,천민재,남,30,1997-10-06,971006-1795939,면제,2023-07-05,2,대졸,서강대학교,3.7,인턴전환,계약직,,,,두리안정보기술,경기 판교,영업부,해외영업팀,1,대리,팀원,1,,,chunminjae_511@gmail.com,010-1820-8707,서울시 은평구 불광동,41000000,10,8,신한은행,100-939-936422,가입,72,,,,B,D,빅데이터분석기사,771,해당,,,
EMP1380,심서준,남,30,1997-07-15,970715-1172916,면제,2025-09-19,0,고졸,,,경력,정규직,롯데그룹,사원,재무회계,두리안정보기술,서울 강남,영업부,국내영업팀,1,사원,팀원,1,,,shimseojun_dev@kakao.com,010-4748-1643,경기도 수원시 영통구 매탄동,34000000,8,7,신한은행,100-108-572432,가입,60,,,,,,,,비해당,,,
EMP1381,백재현,남,27,2000-12-24,001224-3495804,군필,2024-01-07,2,대학원졸,인하대학교,3.6,인턴전환,계약직,,,,두리안정보기술,경기 판교,인사부,채용팀,3,사원,팀원,1,,,baekjaehyun59@kakao.com,010-7540-9699,서울시 서초구 방배동,34000000,13,14,농협은행,356-1938-1693-69,미가입,71,,,,,C,,533,비해당,,,
EMP1382,최서준,남,48,1979-04-17,790417-1146973,군필,2008-08-01,17,대졸,숙명여자대학교,3.3,경력,정규직,현대자동차,과장,프로젝트관리,두리안정보기술,경기 판교,마케팅부,브랜드팀,1,부장,팀원,2,,,choiseojun_764@gmail.com,010-2965-9536,서울시 영등포구 여의도동,89000000,16,14,국민은행,939021-50-701432,가입,92,A,A,A,B,A,,,비해당,,감봉,지각반복
EMP1383,성서준,남,54,1973-10-08,731008-1762617,군필,2001-12-08,24,대졸,충남대학교,3.6,추천,정규직,,,,두리안정보기술,서울 여의도,기획부,사업기획팀,1,부장,팀원,2,,,sungseojun_dev@kakao.com,010-2303-7344,경기도 성남시 분당구 판교동,118000000,11,0,국민은행,599165-31-519664,가입,96,S,S,A,A,S,,,비해당,,,
EMP1384,안재원,남,46,1981-11-26,811126-1941868,군필,2016-06-21,9,대졸,서강대학교,3.1,경력,계약직,LG전자,과장,백엔드개발,두리안정보기술,서울 여의도,영업부,해외영업팀,1,차장,팀원,2,,,ahnjaewon_work@gmail.com,010-9175-8414,서울시 강동구 천호동,71000000,16,8,토스뱅크,100-7017-3071,가입,86,B,B,B,A,A,,766,비해당,,,
EMP1385,이재민,남,33,1994-03-28,940328-1550361,군필,2022-03-14,4,전문대졸,경북전문대학교,3.9,경력,정규직,롯데그룹,차장,인사관리,두리안정보기술,경기 판교,마케팅부,디지털마케팅팀,1,대리,팀원,1,,,leejaemin.2@nate.com,010-6702-2086,인천시 부평구 부평동,42000000,15,15,하나은행,162-173526-5164,가입,76,,,B,D,B,SQLD,846,해당,,,
EMP1386,하예린,여,43,1984-03-26,840326-2879554,해당없음,2007-12-14,18,대졸,경희대학교,3.4,인턴전환,정규직,,,,두리안정보기술,경기 판교,기획부,전략기획팀,1,부장,팀원,2,권고사직,2013-05-17,hayerin45@hanmail.net,010-7034-2155,서울시 서초구 서초동,76000000,13,4,하나은행,111-212635-3154,가입,88,A,A,B,A,A,리눅스마스터,,해당,,,
EMP1387,지은별,여,38,1989-04-04,890404-2449049,해당없음,2014-02-13,12,대졸,세종대학교,3.5,경력,계약직,포스코,차장,프론트엔드개발,두리안정보기술,서울 강남,영업부,국내영업팀,1,과장,팀원,1,,,jieunbyul_work@hanmail.net,010-5754-3607,서울시 강남구 역삼동,59000000,22,6,신한은행,100-726-557163,가입,84,C,B,B,A,B,AWS Solutions Architect,865,해당,,,
EMP1388,민하늘,여,40,1987-07-15,870715-2417756,해당없음,2014-09-16,11,대졸,홍익대학교,3.1,추천,정규직,,,,두리안정보기술,경기 판교,영업부,해외영업팀,1,차장,팀원,2,,,minhaneul.1@daum.net,010-3301-8660,서울시 송파구 잠실동,70000000,23,9,농협은행,301-1300-6982-82,가입,79,C,B,B,B,B,리눅스마스터,596,해당,,,
EMP1389,민하영,여,26,2001-11-17,011117-4525193,해당없음,2025-06-16,0,전문대졸,명지전문대학,3.3,경력,정규직,현대자동차,사원,인사관리,두리안정보기술,서울 여의도,영업부,해외영업팀,1,사원,팀원,1,,,minhayoung60@kakao.com,010-7859-6739,서울시 송파구 문정동,36000000,9,7,우리은행,1006-619-530403,가입,69,,,,,,SQLD,,해당,,,
EMP1390,백수진,여,31,1996-08-02,960802-2773694,해당없음,2019-08-02,6,대졸,충남대학교,2.9,인턴전환,계약직,,,,두리안정보기술,경기 판교,개발부,AI팀,1,과장,팀원,1,,,baeksujin.2@hanmail.net,010-8990-6390,경기도 성남시 분당구 정자동,53900000,27,2,우리은행,1002-611-419800,가입,75,B,B,B,D,C,,,비해당,,,
EMP1391,양승준,남,37,1990-10-07,901007-1455683,군필,2013-03-08,13,대졸,고려대학교,2.6,추천,정규직,,,,두리안정보기술,경기 판교,기획부,사업기획팀,1,차장,팀원,2,,,yangseungjun18@naver.com,010-2348-1885,서울시 서초구 방배동,67000000,15,14,카카오뱅크,333-71-5580464,가입,81,B,B,B,A,A,,,비해당,팀워크상,,
EMP1392,나다현,여,27,2000-08-21,000821-4343379,해당없음,2023-09-07,2,고졸,,,추천,정규직,,,,두리안정보기술,서울 강남,인사부,채용팀,3,사원,팀원,1,자발적퇴직,2025-02-02,nadahyun92@naver.com,010-9200-7455,서울시 서초구 방배동,36000000,7,8,카카오뱅크,333-94-8724456,가입,63,,,,C,D,AWS Solutions Architect,,해당,,,
EMP1393,강승준,남,27,2000-12-17,001217-3323716,면제,2025-10-13,0,고졸,,,경력,정규직,현대자동차,차장,영업관리,두리안정보기술,서울 강남,영업부,국내영업팀,1,사원,팀원,1,,,kangseungjun_880@nate.com,010-4687-3999,서울시 강서구 마곡동,38000000,17,4,토스뱅크,100-0701-7167,가입,75,,,,,,,,비해당,,,
EMP1394,전하린,여,56,1971-06-11,710611-2958077,해당없음,1994-08-02,31,대졸,연세대학교,3.2,인턴전환,계약직,,,,두리안정보기술,서울 여의도,영업부,,1,이사,본부장,3,,,jeonharin64@gmail.com,010-5521-6134,서울시 강동구 천호동,149000000,9,13,우리은행,1005-426-453852,가입,99,S,S,S,A,S,,985,비해당,우수사원상,감봉,지각반복
EMP1395,노세연,여,29,1998-08-07,980807-2462725,해당없음,2021-06-08,4,대졸,전북대학교,2.8,인턴전환,정규직,,,,두리안정보기술,서울 강남,인사부,채용팀,3,대리,팀원,1,,,nohseyeon.9@daum.net,010-4867-9316,인천시 부평구 부평동,45000000,13,1,농협은행,351-8173-4165-24,가입,77,,C,B,B,B,리눅스마스터,583,해당,,정직,지각반복
EMP1396,이미래,여,40,1987-08-09,870809-2139923,해당없음,2016-02-07,10,대졸,인하대학교,3.1,경력,정규직,롯데그룹,차장,데이터분석,두리안정보기술,서울 여의도,기획부,사업기획팀,1,차장,팀원,2,,,leemirae@kakao.com,010-3640-8557,서울시 강남구 역삼동,68000000,16,8,농협은행,301-5291-6621-98,가입,83,B,A,B,A,A,컴퓨터활용능력1급,,해당,,,
EMP1397,정서윤,여,41,1986-10-04,861004-2167196,해당없음,2016-01-25,10,대졸,서강대학교,3.2,공채,계약직,,,,두리안정보기술,경기 판교,개발부,AI팀,1,차장,팀원,2,,,jungseoyoon_756@kakao.com,010-8566-1025,서울시 강남구 삼성동,73700000,19,7,농협은행,301-2707-1216-34,가입,81,B,C,B,B,A,,939,비해당,,,
EMP1398,안지민,여,39,1988-03-25,880325-2268813,해당없음,2017-09-26,8,대졸,고려대학교,3.7,추천,정규직,,,,두리안정보기술,서울 강남,마케팅부,브랜드팀,1,과장,팀원,1,,,ahnjimin63@naver.com,010-9212-4938,서울시 영등포구 여의도동,56000000,18,9,하나은행,111-903008-8802,가입,80,B,C,B,B,B,컴퓨터활용능력1급,909,해당,,정직,업무태만
EMP1399,우재원,남,42,1985-09-23,850923-1777356,군필,2011-03-28,15,전문대졸,경북전문대학교,2.8,공채,정규직,,,,두리안정보기술,경기 판교,기획부,사업기획팀,1,부장,팀원,2,,,woojaewon_339@naver.com,010-1284-6331,서울시 송파구 잠실동,80000000,17,6,우리은행,1005-052-984733,가입,89,A,S,A,A,A,,901,비해당,,,
EMP1400,홍지후,남,27,2000-02-18,000218-3133278,면제,2023-02-21,3,대졸,경북대학교,3.2,공채,계약직,,,,두리안정보기술,서울 강남,개발부,프론트팀,1,대리,팀원,1,,,hongjihoo23@hanmail.net,010-2310-2095,인천시 부평구 부평동,52800000,22,10,국민은행,464456-29-547216,가입,76,,,,D,B,,565,비해당,,,
EMP1401,윤지수,여,31,1996-02-03,960203-2199300,해당없음,2019-06-21,6,대졸,건국대학교,3.7,경력,정규직,네이버,사원,프론트엔드개발,두리안정보기술,경기 판교,개발부,AI팀,1,과장,팀원,1,,,yoonjisu_kr@gmail.com,010-5964-3003,서울시 송파구 문정동,64900000,27,15,신한은행,100-525-395482,가입,77,B,C,C,C,C,정보처리기사,626,해당,,,
EMP1402,천보미,여,32,1995-07-03,950703-2599618,해당없음,2018-08-11,7,고졸,,,경력,정규직,KT,사원,데이터분석,두리안정보기술,서울 여의도,기획부,사업기획팀,1,과장,팀원,1,,,chunbomi_663@nate.com,010-7179-5425,서울시 강남구 삼성동,48000000,18,2,토스뱅크,100-7735-9330,가입,86,B,C,B,B,A,리눅스마스터,,해당,,,
EMP1403,곽혜린,여,39,1988-06-12,880612-2509495,해당없음,2020-02-18,6,대졸,연세대학교,3.2,인턴전환,정규직,,,,두리안정보기술,경기 판교,마케팅부,디지털마케팅팀,1,과장,팀원,1,,,kwakhyerin80@nate.com,010-8650-7293,서울시 서초구 서초동,55000000,26,10,카카오뱅크,333-11-6370270,가입,75,C,B,B,B,D,정보처리기사,971,해당,,,
EMP1404,구서연,여,29,1998-08-11,980811-2660214,해당없음,2025-05-23,0,대졸,중앙대학교,2.9,공채,정규직,,,,두리안정보기술,서울 강남,개발부,인프라팀,1,사원,팀원,1,,,kooseoyeon33@kakao.com,010-8716-8436,서울시 강남구 논현동,38500000,8,9,하나은행,111-701032-9655,가입,68,,,,,,,856,비해당,,,
EMP1405,양민석,남,45,1982-07-01,820701-1105605,군필,2010-02-26,16,대졸,서강대학교,3.3,추천,계약직,,,,두리안정보기술,경기 판교,개발부,프론트팀,1,차장,팀원,2,정년퇴직,2025-12-02,yangminseok62@gmail.com,010-6476-1030,서울시 영등포구 여의도동,66000000,17,10,토스뱅크,100-5947-0962,가입,88,A,A,A,A,A,,663,비해당,,경고,업무태만
EMP1406,오태양,남,46,1981-10-15,811015-1897060,군필,2009-09-17,16,전문대졸,명지전문대학,3.4,공채,정규직,,,,두리안정보기술,서울 강남,마케팅부,브랜드팀,1,부장,팀원,2,,,ohtaeyang43@daum.net,010-9654-7106,서울시 용산구 이태원동,81000000,13,5,신한은행,180-225-940016,가입,92,A,A,B,B,B,,933,비해당,공로상,,
EMP1407,한건우,남,27,2000-12-09,001209-3946317,군필,2023-12-10,2,대학원졸,전남대학교,2.8,공채,정규직,,,,두리안정보기술,서울 여의도,개발부,AI팀,1,사원,팀원,1,,,hangunwoo.8@daum.net,010-9067-6128,서울시 강서구 마곡동,40700000,11,1,국민은행,832923-45-173925,가입,65,,,,C,C,AWS Solutions Architect,,해당,,,
EMP1408,방도현,남,40,1987-06-01,870601-1445997,미필,2014-08-05,11,대졸,세종대학교,3.9,인턴전환,계약직,,,,두리안정보기술,서울 강남,개발부,인프라팀,1,과장,팀원,1,,,bangdohyun98@nate.com,010-2809-8929,서울시 영등포구 여의도동,66000000,19,1,농협은행,351-1159-7968-91,가입,83,C,B,B,B,B,,912,비해당,,,
EMP1409,하예은,여,27,2000-07-03,000703-4386471,해당없음,2023-07-01,2,고졸,,,공채,정규직,,,,두리안정보기술,경기 판교,개발부,프론트팀,1,사원,팀원,1,,,hayeeun.6@hanmail.net,010-2391-1925,경기도 성남시 분당구 정자동,40700000,8,1,기업은행,010-21-418880,가입,68,,,,B,B,정보처리기사,,해당,,,
EMP1410,유지민,여,36,1991-12-22,911222-2738800,해당없음,2014-07-13,11,대졸,덕성여자대학교,3.3,공채,계약직,,,,두리안정보기술,경기 판교,영업부,해외영업팀,1,과장,팀원,1,,,yoojimin.2@nate.com,010-4589-6083,경기도 수원시 영통구 매탄동,51000000,28,4,하나은행,162-263201-3590,가입,76,B,C,C,B,C,SQLD,701,해당,,,
EMP1411,심예진,여,25,2002-12-20,021220-4483963,해당없음,2025-02-01,1,전문대졸,인하공업전문대학,3.9,공채,정규직,,,,두리안정보기술,서울 여의도,마케팅부,디지털마케팅팀,1,사원,팀원,1,,,shimyejin_831@kakao.com,010-5374-8393,서울시 마포구 합정동,38000000,5,5,토스뱅크,100-9246-0314,가입,69,,,,,,빅데이터분석기사,,해당,,,
EMP1412,전하늘,여,34,1993-02-23,930223-2925751,해당없음,2023-03-27,3,전문대졸,명지전문대학,2.6,인턴전환,정규직,,,,두리안정보기술,서울 강남,영업부,해외영업팀,1,대리,팀원,1,,,jeonhaneul32@gmail.com,010-2257-4528,서울시 노원구 상계동,40000000,19,13,우리은행,1005-185-165352,미가입,82,,,,B,A,,802,비해당,,,
EMP1413,진우진,남,30,1997-10-10,971010-1144542,군필,2023-09-25,2,대졸,홍익대학교,3.2,추천,정규직,,,,두리안정보기술,서울 여의도,기획부,전략기획팀,1,사원,팀원,1,,,jinwoojin72@hanmail.net,010-5696-5451,서울시 강동구 천호동,34000000,6,2,우리은행,1005-950-630909,가입,65,,,,C,C,,743,비해당,,,
EMP1414,진승준,남,30,1997-08-02,970802-1559123,군필,2025-03-09,1,대졸,국민대학교,4,인턴전환,계약직,,,,두리안정보기술,경기 판교,영업부,국내영업팀,1,사원,팀원,1,,,jinseungjun.2@kakao.com,010-6579-1839,서울시 노원구 상계동,30000000,16,10,농협은행,302-1830-3565-63,가입,75,,,,,,AWS Solutions Architect,625,해당,,,
EMP1415,윤하영,여,57,1970-05-14,700514-2817985,해당없음,2002-09-06,23,전문대졸,인하공업전문대학,3.8,공채,계약직,,,,두리안정보기술,서울 강남,개발부,인프라팀,1,부장,팀원,2,,,yoonhayoung5@kakao.com,010-5065-6025,서울시 강남구 삼성동,119900000,10,11,카카오뱅크,333-81-9584342,가입,89,A,S,B,A,A,,853,비해당,,,
EMP1416,류예진,여,36,1991-01-25,910125-2618935,해당없음,2019-06-20,6,대졸,전남대학교,3.5,공채,정규직,,,,두리안정보기술,경기 판교,마케팅부,브랜드팀,1,대리,팀원,1,정년퇴직,2024-07-27,ryuyejin77@nate.com,010-2316-9033,서울시 송파구 문정동,39000000,20,5,기업은행,030-59-296222,가입,75,C,C,B,B,B,SQLD,,해당,,,
EMP1417,최정수,남,30,1997-09-24,970924-1419488,군필,2022-07-06,3,대졸,서강대학교,3.1,추천,정규직,,,,두리안정보기술,서울 강남,영업부,국내영업팀,1,대리,팀원,1,,,choijungsu_802@nate.com,010-8299-6411,서울시 은평구 불광동,48000000,12,1,하나은행,111-506001-5048,미가입,80,,,A,B,A,빅데이터분석기사,745,해당,공로상,,
EMP1418,노지훈,남,34,1993-11-03,931103-1268765,군필,2018-11-09,7,고졸,,,공채,정규직,,,,두리안정보기술,서울 여의도,인사부,채용팀,3,과장,팀원,1,,,nohjihoon_dev@hanmail.net,010-9965-1591,서울시 강남구 역삼동,55000000,26,7,신한은행,140-519-379220,미가입,85,B,B,B,B,B,,615,비해당,,,
EMP1419,민우진,남,34,1993-02-09,930209-1616510,군필,2020-09-12,5,대학원졸,광운대학교,2.9,인턴전환,정규직,,,,두리안정보기술,서울 강남,영업부,해외영업팀,1,대리,팀원,1,,,minwoojin10@naver.com,010-7883-5133,서울시 노원구 상계동,43000000,11,6,토스뱅크,100-9717-9119,가입,75,D,B,B,B,B,정보보안기사,853,해당,,,
EMP1420,원유진,여,34,1993-06-16,930616-2181831,해당없음,2021-08-02,4,고졸,,,공채,정규직,,,,두리안정보기술,서울 강남,마케팅부,디지털마케팅팀,1,대리,팀원,1,,,wonyujin4@kakao.com,010-4743-9848,서울시 마포구 상암동,39000000,17,4,하나은행,200-668331-6483,가입,74,,C,C,C,B,컴퓨터활용능력1급,896,해당,공로상,,
EMP1421,나승환,남,53,1974-11-28,741128-1919298,군필,1997-09-13,28,대졸,경희대학교,2.5,추천,정규직,,,,두리안정보기술,경기 판교,마케팅부,,1,이사,팀원,3,,,naseunghwan.4@naver.com,010-6240-1232,경기도 고양시 일산동구 장항동,157000000,5,4,농협은행,351-3107-9051-85,가입,90,A,A,A,A,A,,586,비해당,,,
EMP1422,임재원,남,30,1997-07-20,970720-1455419,미필,2022-10-24,3,대졸,한국외국어대학교,2.6,경력,정규직,삼성전자,차장,인사관리,두리안정보기술,서울 강남,기획부,사업기획팀,1,대리,팀원,1,,,limjaewon.6@naver.com,010-4143-7805,서울시 노원구 상계동,42000000,21,9,하나은행,200-269554-1664,가입,80,,,B,B,B,,952,비해당,,,
EMP1423,차지아,여,40,1987-01-01,870101-2791787,해당없음,2020-01-17,6,대학원졸,성균관대학교,3.7,공채,정규직,,,,두리안정보기술,경기 판교,마케팅부,디지털마케팅팀,1,과장,팀원,1,,,chajia_820@hanmail.net,010-3372-4902,서울시 영등포구 여의도동,52000000,19,5,농협은행,301-2912-1019-44,가입,86,B,A,B,A,B,,686,비해당,,,
EMP1424,허도윤,남,48,1979-08-05,790805-1558856,미필,2006-11-20,19,대졸,홍익대학교,2.6,경력,계약직,LG전자,사원,프론트엔드개발,두리안정보기술,경기 판교,기획부,사업기획팀,1,부장,팀원,2,,,heodoyoon_kr@naver.com,010-2257-5562,서울시 서초구 방배동,117000000,14,7,기업은행,030-92-706537,가입,94,A,A,A,A,S,정보처리기사,845,해당,,,
EMP1425,신성민,남,30,1997-05-28,970528-1557450,면제,2022-08-03,3,대졸,연세대학교,2.8,경력,계약직,롯데그룹,과장,백엔드개발,두리안정보기술,서울 강남,인사부,교육팀,3,대리,팀원,1,,,shinsungmin_131@naver.com,010-6179-8881,서울시 노원구 상계동,45000000,21,7,농협은행,301-4769-3811-57,가입,80,,,B,B,B,,,비해당,,경고,복무규정위반
EMP1426,곽지원,여,30,1997-01-04,970104-2898530,해당없음,2020-02-15,6,대졸,고려대학교,3.7,인턴전환,정규직,,,,두리안정보기술,서울 여의도,기획부,전략기획팀,1,대리,팀원,1,,,kwakjiwon_117@naver.com,010-1088-6951,서울시 은평구 불광동,41000000,12,9,우리은행,1002-276-363721,가입,81,B,B,B,B,C,리눅스마스터,942,해당,공로상,,
EMP1427,고은별,여,37,1990-07-04,900704-2598562,해당없음,2020-12-25,5,대졸,홍익대학교,2.8,인턴전환,정규직,,,,두리안정보기술,경기 판교,인사부,교육팀,3,과장,팀원,1,계약만료,2023-04-19,koeunbyul67@gmail.com,010-3414-5592,경기도 성남시 분당구 판교동,58000000,29,11,하나은행,162-080713-2747,가입,82,B,C,B,A,B,,925,비해당,,,
EMP1428,진지현,여,36,1991-05-26,910526-2685622,해당없음,2020-07-14,5,대학원졸,전남대학교,2.8,공채,정규직,,,,두리안정보기술,경기 판교,기획부,전략기획팀,1,대리,팀원,1,,,jinjihyun@naver.com,010-9556-2267,서울시 송파구 잠실동,44000000,10,3,토스뱅크,100-5577-0793,가입,69,C,B,C,C,B,정보보안기사,624,해당,,,
EMP1429,장예원,여,24,2003-06-08,030608-4980762,해당없음,2025-07-24,0,대졸,국민대학교,4,공채,정규직,,,,두리안정보기술,경기 판교,인사부,채용팀,3,사원,팀원,1,,,jangyewon_191@hanmail.net,010-9900-6060,서울시 강남구 삼성동,35000000,16,2,토스뱅크,100-3669-1465,가입,60,,,,,,,637,비해당,,감봉,복무규정위반
EMP1430,양혜린,여,30,1997-09-04,970904-2165855,해당없음,2025-08-04,0,고졸,,,인턴전환,계약직,,,,두리안정보기술,서울 여의도,마케팅부,디지털마케팅팀,1,사원,팀원,1,,,yanghyerin70@gmail.com,010-5465-3691,경기도 용인시 기흥구 영덕동,30000000,10,4,국민은행,647299-13-839476,가입,62,,,,,,,,비해당,,,
EMP1431,전지호,남,29,1998-08-26,980826-1324568,군필,2022-09-15,3,대졸,경희대학교,2.9,인턴전환,계약직,,,,두리안정보기술,경기 판교,마케팅부,디지털마케팅팀,1,대리,팀원,1,,,jeonjiho_311@nate.com,010-1639-9160,서울시 강남구 삼성동,46000000,10,4,하나은행,162-425341-5332,가입,80,,,B,A,B,컴퓨터활용능력1급,,해당,,,
EMP1432,황채영,여,33,1994-04-03,940403-2189570,해당없음,2020-09-02,5,대졸,아주대학교,2.9,공채,정규직,,,,두리안정보기술,서울 여의도,기획부,사업기획팀,1,대리,팀원,1,,,hwangchaeyoung_549@daum.net,010-6510-6458,서울시 강서구 마곡동,44000000,19,5,카카오뱅크,333-75-9020244,가입,69,B,B,C,C,D,,863,비해당,,,
EMP1433,함지민,여,40,1987-01-17,870117-2896617,해당없음,2011-11-28,14,대졸,경희대학교,3.1,경력,계약직,KT,사원,재무회계,두리안정보기술,경기 판교,기획부,전략기획팀,1,차장,팀원,2,,,hamjimin.5@daum.net,010-7812-2571,서울시 용산구 이태원동,70000000,19,8,신한은행,180-069-083053,가입,82,B,B,B,B,A,,637,비해당,,,
EMP1434,나도현,남,35,1992-02-12,920212-1656771,군필,2023-06-20,2,대졸,경희대학교,3.5,추천,정규직,,,,두리안정보기술,경기 판교,마케팅부,브랜드팀,1,대리,팀원,1,,,nadohyun16@daum.net,010-7431-6395,서울시 강남구 삼성동,44000000,12,14,토스뱅크,100-3621-3111,미가입,76,,,,B,B,ADsP,,해당,,,
EMP1435,함서준,남,25,2002-10-15,021015-3924956,군필,2025-12-15,0,대졸,연세대학교,3.5,추천,정규직,,,,두리안정보기술,서울 강남,영업부,해외영업팀,1,사원,팀원,1,계약만료,2026-01-24,hamseojun.8@daum.net,010-3004-4448,서울시 영등포구 여의도동,36000000,7,9,농협은행,302-5938-7490-23,가입,64,,,,,,,871,비해당,,,
EMP1436,구선우,남,61,1966-05-24,660524-1711830,군필,2001-11-09,24,대졸,전북대학교,3.7,공채,정규직,,,,두리안정보기술,서울 강남,인사부,교육팀,3,부장,팀원,2,,,koosunwoo_dev@hanmail.net,010-5181-7947,서울시 강남구 역삼동,152000000,8,5,토스뱅크,100-8480-3952,가입,100,S,A,S,S,A,,757,비해당,,,
EMP1437,하하은,여,49,1978-03-04,780304-2928903,해당없음,2009-10-11,16,대졸,중앙대학교,2.7,경력,정규직,LG전자,사원,인사관리,두리안정보기술,서울 강남,기획부,사업기획팀,1,부장,팀원,2,권고사직,2015-10-26,hahaeun_dev@naver.com,010-3734-9427,서울시 송파구 문정동,82000000,12,1,농협은행,302-8097-6049-85,가입,88,S,A,A,A,S,,761,비해당,,,
EMP1438,진하은,여,27,2000-09-17,000917-4881984,해당없음,2023-08-23,2,고졸,,,공채,정규직,,,,두리안정보기술,경기 판교,인사부,채용팀,3,사원,팀원,1,,,jinhaeun_157@hanmail.net,010-1334-2438,서울시 영등포구 여의도동,34000000,7,4,토스뱅크,100-0079-1530,가입,78,,,,B,C,,951,비해당,,,
EMP1439,남민재,남,25,2002-11-21,021121-3432934,군필,2025-08-12,0,대졸,중앙대학교,3.1,공채,정규직,,,,두리안정보기술,서울 여의도,마케팅부,브랜드팀,1,사원,팀원,1,,,namminjae96@gmail.com,010-2205-9845,서울시 영등포구 여의도동,30000000,15,10,국민은행,887976-06-977635,가입,78,,,,,,ADsP,535,해당,,,
EMP1440,송현우,남,37,1990-10-08,901008-1832277,군필,2013-10-06,12,대졸,숙명여자대학교,2.7,경력,계약직,포스코,차장,재무회계,두리안정보기술,경기 판교,개발부,AI팀,1,차장,팀원,2,,,songhyunwoo@kakao.com,010-3705-1701,서울시 마포구 합정동,66000000,21,11,신한은행,180-541-248638,가입,83,A,C,B,B,B,,931,비해당,,,
EMP1441,정소희,여,37,1990-08-13,900813-2198530,해당없음,2014-06-03,11,전문대졸,명지전문대학,3.1,공채,정규직,,,,두리안정보기술,서울 여의도,인사부,교육팀,3,과장,팀원,1,,,jungsohee76@kakao.com,010-2401-1928,경기도 고양시 일산동구 장항동,55000000,28,3,하나은행,181-714854-1649,가입,75,B,C,B,B,C,AWS Solutions Architect,,해당,,,
EMP1442,한예준,남,45,1982-04-17,820417-1601640,군필,2006-11-19,19,대졸,경북대학교,3,인턴전환,정규직,,,,두리안정보기술,서울 여의도,기획부,사업기획팀,1,부장,팀원,2,,,hanyejun.8@naver.com,010-4509-7992,경기도 성남시 분당구 정자동,90000000,20,10,카카오뱅크,333-44-2960567,가입,83,B,C,B,B,B,,600,비해당,,,
EMP1443,백시우,남,31,1996-06-12,960612-1695057,면제,2020-05-25,5,대졸,서울대학교,4,경력,정규직,KT,차장,마케팅기획,두리안정보기술,서울 여의도,영업부,국내영업팀,1,대리,팀원,1,,,baeksiwoo80@hanmail.net,010-5629-3813,서울시 강서구 마곡동,45000000,14,8,우리은행,1002-735-763281,가입,82,B,B,B,B,B,,,비해당,,,
EMP1444,양현준,남,29,1998-12-28,981228-1717996,군필,2021-04-27,5,대졸,동국대학교,2.5,경력,정규직,LG전자,대리,데이터분석,두리안정보기술,경기 판교,영업부,국내영업팀,1,대리,팀원,1,,,yanghyunjun.2@naver.com,010-9346-4319,서울시 서초구 방배동,40000000,10,1,농협은행,351-0082-0222-61,가입,77,,B,B,C,C,,559,비해당,,,
EMP1445,주하늘,여,25,2002-07-23,020723-4903155,해당없음,2025-10-23,0,대졸,강원대학교,2.6,공채,계약직,,,,두리안정보기술,서울 강남,개발부,프론트팀,1,사원,팀원,1,,,juhaneul10@kakao.com,010-9404-5144,서울시 은평구 불광동,40700000,18,5,하나은행,162-916575-7078,가입,77,,,,,,,810,비해당,,감봉,지각반복
EMP1446,오보미,여,34,1993-08-13,930813-2540342,해당없음,2018-06-22,7,대졸,서울대학교,2.9,인턴전환,정규직,,,,두리안정보기술,서울 강남,영업부,해외영업팀,1,과장,팀원,1,,,ohbomi80@hanmail.net,010-5798-7327,서울시 강서구 마곡동,51000000,21,4,기업은행,030-47-383473,가입,77,B,C,C,B,B,SQLD,,해당,,,
EMP1447,박채영,여,28,1999-12-04,991204-2894468,해당없음,2022-01-25,4,고졸,,,공채,계약직,,,,두리안정보기술,서울 강남,마케팅부,브랜드팀,1,사원,팀원,1,,,parkchaeyoung_411@naver.com,010-4177-7345,서울시 마포구 상암동,38000000,6,5,농협은행,356-1813-7774-86,가입,67,,,C,B,C,정보보안기사,,해당,,,
EMP1448,진성준,남,40,1987-02-26,870226-1481243,군필,2016-02-26,10,대졸,충남대학교,3.7,공채,계약직,,,,두리안정보기술,경기 판교,인사부,채용팀,3,과장,팀원,1,,,jinsungjun28@nate.com,010-3303-2395,서울시 노원구 상계동,49000000,18,14,토스뱅크,100-0019-0790,가입,74,B,B,B,B,D,ADsP,638,해당,공로상,,
EMP1449,함우혁,남,41,1986-07-25,860725-1211012,군필,2020-10-27,5,대졸,홍익대학교,3.9,인턴전환,정규직,,,,두리안정보기술,서울 여의도,마케팅부,디지털마케팅팀,1,과장,팀원,1,,,hamwoohyuk_kr@hanmail.net,010-9228-8474,경기도 성남시 분당구 판교동,50000000,29,15,농협은행,351-6593-8944-52,가입,80,B,B,B,B,B,,,비해당,,,
EMP1450,원태양,남,41,1986-03-25,860325-1602487,군필,2014-10-24,11,대졸,한양대학교,2.8,경력,계약직,LG전자,차장,영업관리,두리안정보기술,서울 강남,기획부,전략기획팀,1,과장,팀원,1,,,wontaeyang72@naver.com,010-3569-7906,서울시 강동구 천호동,55000000,23,11,카카오뱅크,333-20-7038208,가입,80,A,A,B,B,C,정보처리기사,533,해당,,,
EMP1451,허준혁,남,54,1973-02-09,730209-1340607,군필,1999-04-01,27,고졸,,,추천,정규직,,,,두리안정보기술,서울 강남,인사부,,3,이사,팀원,3,,,heojunhyuk_897@hanmail.net,010-5975-6464,서울시 서초구 서초동,104000000,8,12,하나은행,111-771641-5345,가입,94,A,A,B,A,B,컴퓨터활용능력1급,514,해당,,,
EMP1452,방지훈,남,27,2000-02-22,000222-3293822,미필,2023-10-02,2,전문대졸,명지전문대학,3.8,공채,계약직,,,,두리안정보기술,서울 강남,기획부,전략기획팀,1,대리,팀원,1,,,bangjihoon@gmail.com,010-7152-9465,서울시 마포구 합정동,42000000,10,15,기업은행,020-97-746886,가입,73,,,,C,C,정보보안기사,,해당,,,
EMP1453,고세연,여,51,1976-12-02,761202-2431414,해당없음,2001-09-16,24,고졸,,,공채,정규직,,,,두리안정보기술,서울 강남,인사부,채용팀,3,부장,팀원,2,계약만료,2019-08-13,koseyeon_524@hanmail.net,010-3992-2570,서울시 강동구 천호동,104000000,8,10,농협은행,302-5146-9957-88,가입,95,S,S,S,S,S,정보처리기사,,해당,,,
EMP1454,주성호,남,29,1998-05-25,980525-1882547,군필,2021-12-02,4,대학원졸,한양대학교,3.4,공채,정규직,,,,두리안정보기술,경기 판교,마케팅부,브랜드팀,1,대리,팀원,1,정년퇴직,2023-03-15,jusungho_kr@nate.com,010-7258-2693,서울시 강동구 천호동,41000000,17,9,우리은행,1005-991-151470,가입,70,,C,C,C,C,빅데이터분석기사,617,해당,,,
EMP1455,민지아,여,37,1990-11-13,901113-2247373,해당없음,2015-10-08,10,대졸,건국대학교,3.9,경력,정규직,롯데그룹,차장,프로젝트관리,두리안정보기술,서울 여의도,마케팅부,브랜드팀,1,차장,팀원,2,,,minjia46@gmail.com,010-4570-2373,인천시 부평구 부평동,68000000,20,10,국민은행,505971-80-315349,가입,89,A,S,B,A,B,,518,비해당,,,
EMP1456,방현우,남,42,1985-11-19,851119-1171958,군필,2009-06-26,16,대학원졸,한양대학교,2.7,공채,정규직,,,,두리안정보기술,서울 여의도,인사부,교육팀,3,부장,팀원,2,,,banghyunwoo82@naver.com,010-7157-2473,서울시 용산구 이태원동,85000000,13,3,우리은행,1005-017-569059,가입,93,A,A,S,A,A,,577,비해당,,,
EMP1457,안지아,여,38,1989-05-03,890503-2869348,해당없음,2015-02-21,11,대졸,아주대학교,2.9,추천,계약직,,,,두리안정보기술,서울 여의도,영업부,해외영업팀,1,과장,팀원,1,,,ahnjia_248@naver.com,010-2272-5963,서울시 송파구 문정동,48000000,22,6,국민은행,671286-51-827771,가입,75,B,C,C,C,B,,,비해당,,,
EMP1458,권수진,여,35,1992-06-12,920612-2845109,해당없음,2023-03-20,3,대졸,광운대학교,3,추천,정규직,,,,두리안정보기술,서울 강남,기획부,사업기획팀,1,대리,팀원,1,,,kwonsujin.4@nate.com,010-6349-8104,서울시 강남구 논현동,42000000,21,13,우리은행,1005-933-242835,가입,70,,,,C,C,리눅스마스터,,해당,,,
EMP1459,손주원,남,28,1999-08-09,990809-1536254,면제,2023-01-07,3,대졸,서강대학교,3.4,공채,정규직,,,,두리안정보기술,서울 여의도,기획부,전략기획팀,1,대리,팀원,1,,,sonjuwon.1@daum.net,010-2967-1474,경기도 고양시 일산동구 장항동,48000000,16,9,카카오뱅크,333-29-6104895,가입,70,,,,C,C,,853,비해당,,,
EMP1460,구유진,여,47,1980-04-27,800427-2881814,해당없음,2003-07-01,22,전문대졸,인하공업전문대학,3.6,추천,계약직,,,,두리안정보기술,경기 판교,마케팅부,디지털마케팅팀,1,부장,팀원,2,,,kooyujin.1@nate.com,010-2087-1125,경기도 성남시 분당구 판교동,104000000,15,13,기업은행,010-39-240758,가입,88,A,A,S,S,A,AWS Solutions Architect,747,해당,,,
EMP1461,주우혁,남,47,1980-05-25,800525-1394502,군필,2004-03-06,22,대졸,경희대학교,2.9,경력,정규직,LG전자,차장,프론트엔드개발,두리안정보기술,경기 판교,영업부,국내영업팀,1,부장,팀원,2,,,juwoohyuk.7@daum.net,010-4418-4015,경기도 성남시 분당구 정자동,85000000,19,15,국민은행,024854-27-844025,가입,86,B,B,B,B,B,,,비해당,,,
EMP1462,방예린,여,36,1991-05-22,910522-2285016,해당없음,2018-11-08,7,대졸,이화여자대학교,3.7,인턴전환,계약직,,,,두리안정보기술,경기 판교,개발부,AI팀,1,대리,팀원,1,,,bangyerin98@gmail.com,010-3423-3541,서울시 송파구 문정동,42900000,12,13,기업은행,010-81-412478,가입,78,B,B,C,C,B,빅데이터분석기사,641,해당,,,
EMP1463,강태호,남,32,1995-04-14,950414-1664710,군필,2018-06-23,7,대학원졸,동국대학교,2.7,공채,계약직,,,,두리안정보기술,경기 판교,인사부,채용팀,3,과장,팀원,1,,,kangtaeho_440@gmail.com,010-8739-6828,서울시 은평구 불광동,55000000,30,13,우리은행,1006-459-177884,가입,82,B,B,B,B,B,,551,비해당,,경고,업무태만
EMP1464,전지수,여,34,1993-10-13,931013-2262760,해당없음,2018-08-02,7,대졸,홍익대학교,2.6,인턴전환,정규직,,,,두리안정보기술,서울 강남,인사부,채용팀,3,대리,팀원,1,권고사직,2020-10-23,jeonjisu90@daum.net,010-5502-2281,서울시 서초구 서초동,42000000,15,4,우리은행,1002-689-397708,가입,72,B,B,B,C,C,AWS Solutions Architect,639,해당,팀워크상,,
EMP1465,엄수연,여,29,1998-08-17,980817-2592904,해당없음,2021-11-23,4,전문대졸,인하공업전문대학,3.6,공채,정규직,,,,두리안정보기술,서울 강남,인사부,교육팀,3,대리,팀원,1,,,umsuyeon_work@daum.net,010-1683-2017,서울시 강남구 삼성동,41000000,11,2,신한은행,140-388-764069,가입,79,,B,C,B,C,리눅스마스터,,해당,,,
EMP1466,안지원,여,37,1990-12-27,901227-2895611,해당없음,2014-03-06,12,대졸,이화여자대학교,2.9,경력,계약직,네이버,사원,영업관리,두리안정보기술,서울 여의도,영업부,국내영업팀,1,차장,팀원,2,,,ahnjiwon_dev@daum.net,010-5694-7628,서울시 서초구 방배동,66000000,16,9,하나은행,162-017985-8298,가입,84,B,A,B,B,B,ADsP,651,해당,,,
EMP1467,박지수,여,30,1997-06-18,970618-2944134,해당없음,2020-06-12,5,대학원졸,덕성여자대학교,2.8,공채,정규직,,,,두리안정보기술,서울 강남,영업부,국내영업팀,1,대리,팀원,1,,,parkjisu22@naver.com,010-6840-2498,경기도 고양시 일산동구 장항동,46000000,12,5,토스뱅크,100-5197-4287,가입,70,C,C,B,C,C,,,비해당,우수사원상,,
EMP1468,신지민,여,36,1991-10-17,911017-2948025,해당없음,2014-11-22,11,대졸,경북대학교,3,추천,정규직,,,,두리안정보기술,서울 강남,인사부,채용팀,3,차장,팀원,2,,,shinjimin_work@naver.com,010-5065-7193,서울시 서초구 방배동,70000000,15,12,신한은행,140-076-002869,가입,86,B,B,B,B,B,정보처리기사,767,해당,,,
EMP1469,황민재,남,39,1988-07-19,880719-1141725,군필,2011-05-25,14,대학원졸,숭실대학교,2.5,경력,계약직,네이버,사원,프로젝트관리,두리안정보기술,서울 강남,영업부,해외영업팀,1,차장,팀원,2,,,hwangminjae18@naver.com,010-1610-1204,경기도 수원시 영통구 매탄동,65000000,21,14,하나은행,181-502878-9956,가입,80,A,B,A,A,B,빅데이터분석기사,,해당,,,
EMP1470,박채영,여,35,1992-03-16,920316-2957693,해당없음,2019-03-05,7,대졸,홍익대학교,3.2,공채,정규직,,,,두리안정보기술,경기 판교,영업부,해외영업팀,1,대리,팀원,1,,,parkchaeyoung35@gmail.com,010-5110-7621,서울시 노원구 상계동,40000000,17,15,토스뱅크,100-2294-3414,가입,80,B,B,B,B,A,ADsP,,해당,,,
EMP1471,강현우,남,29,1998-03-07,980307-1105509,군필,2023-09-05,2,대학원졸,강원대학교,3,경력,정규직,KT,과장,영업관리,두리안정보기술,경기 판교,기획부,사업기획팀,1,사원,팀원,1,,,kanghyunwoo.5@gmail.com,010-8795-6821,서울시 노원구 상계동,34000000,14,5,카카오뱅크,333-10-4271697,가입,66,,,,C,C,,756,비해당,,,
EMP1472,고우진,남,37,1990-03-11,900311-1759963,군필,2014-06-11,11,대졸,고려대학교,3.9,추천,계약직,,,,두리안정보기술,서울 강남,개발부,프론트팀,1,차장,팀원,2,,,kowoojin.6@nate.com,010-8031-8625,서울시 송파구 문정동,66000000,18,6,카카오뱅크,333-53-5785450,가입,78,B,C,B,B,B,,,비해당,,,
EMP1473,나성민,남,28,1999-09-17,990917-1188354,면제,2022-11-20,3,대졸,중앙대학교,3.9,공채,정규직,,,,두리안정보기술,서울 강남,인사부,교육팀,3,사원,팀원,1,,,nasungmin35@daum.net,010-7407-9983,서울시 은평구 불광동,33000000,17,5,국민은행,987966-22-085040,가입,68,,,B,B,C,빅데이터분석기사,,해당,,,
EMP1474,성성민,남,33,1994-08-18,940818-1349088,군필,2023-01-24,3,대학원졸,광운대학교,3.4,인턴전환,정규직,,,,두리안정보기술,서울 강남,인사부,교육팀,3,대리,팀원,1,,,sungsungmin52@naver.com,010-8410-3302,서울시 강동구 천호동,39000000,13,3,기업은행,010-61-375060,가입,75,,,,B,B,,828,비해당,팀워크상,,
EMP1475,최하영,여,40,1987-06-03,870603-2756990,해당없음,2015-12-20,10,대졸,한양대학교,3.9,경력,계약직,네이버,대리,백엔드개발,두리안정보기술,서울 강남,개발부,인프라팀,1,차장,팀원,2,자발적퇴직,2019-03-10,choihayoung_251@nate.com,010-6782-9002,인천시 부평구 부평동,69300000,16,13,기업은행,020-85-361530,가입,88,S,A,A,A,S,,,비해당,,,
EMP1476,원준우,남,27,2000-01-27,000127-3276920,군필,2025-11-14,0,대졸,국민대학교,3.1,인턴전환,정규직,,,,두리안정보기술,서울 강남,개발부,프론트팀,1,사원,팀원,1,,,wonjunwoo_482@nate.com,010-2397-8822,경기도 성남시 분당구 판교동,36300000,8,7,신한은행,140-401-970073,가입,64,,,,,,ADsP,,해당,MVP,,
EMP1477,손현우,남,28,1999-06-21,990621-1396871,미필,2025-08-14,0,대졸,아주대학교,2.7,추천,정규직,,,,두리안정보기술,서울 여의도,영업부,해외영업팀,1,사원,팀원,1,,,sonhyunwoo_work@daum.net,010-6887-3038,서울시 은평구 불광동,36000000,10,5,카카오뱅크,333-12-4374625,가입,76,,,,,,,,비해당,,,
EMP1478,구재원,남,32,1995-10-05,951005-1811302,군필,2022-08-01,3,고졸,,,경력,정규직,SK하이닉스,대리,영업관리,두리안정보기술,서울 강남,기획부,사업기획팀,1,대리,팀원,1,,,koojaewon.9@hanmail.net,010-5091-1023,경기도 성남시 분당구 정자동,41000000,11,11,카카오뱅크,333-09-5765353,가입,79,,,B,B,B,,530,비해당,팀워크상,,
EMP1479,윤예린,여,25,2002-09-17,020917-4560245,해당없음,2025-02-28,1,대졸,서강대학교,3.5,공채,정규직,,,,두리안정보기술,서울 여의도,영업부,국내영업팀,1,사원,팀원,1,,,yoonyerin_dev@hanmail.net,010-4856-7003,서울시 노원구 상계동,30000000,8,6,국민은행,338335-18-050718,가입,69,,,,,,,981,비해당,,,
EMP1480,전아름,여,29,1998-02-16,980216-2267265,해당없음,2023-05-16,3,대졸,한양대학교,2.9,추천,계약직,,,,두리안정보기술,경기 판교,개발부,AI팀,1,사원,팀원,1,,,jeonareum7@daum.net,010-9395-3212,서울시 송파구 문정동,40700000,8,6,농협은행,351-7329-7158-68,가입,68,,,,C,B,,815,비해당,,,
EMP1481,윤지훈,남,25,2002-02-02,020202-3362544,군필,2025-04-18,1,대졸,서강대학교,2.9,경력,정규직,현대자동차,과장,재무회계,두리안정보기술,경기 판교,기획부,사업기획팀,1,사원,팀원,1,,,yoonjihoon_kr@nate.com,010-8339-4476,서울시 송파구 문정동,31000000,12,9,토스뱅크,100-3373-1256,가입,67,,,,,,,,비해당,,,
EMP1482,민수연,여,47,1980-09-27,800927-2535172,해당없음,2004-06-22,21,대졸,단국대학교,3.9,인턴전환,정규직,,,,두리안정보기술,서울 강남,개발부,백엔드팀,1,부장,팀원,2,,,minsuyeon_325@gmail.com,010-2676-9837,경기도 성남시 분당구 판교동,99000000,20,13,우리은행,1005-398-476117,가입,91,A,A,A,A,B,,953,비해당,,감봉,업무태만
EMP1483,백은별,여,42,1985-11-09,851109-2112319,해당없음,2009-10-09,16,고졸,,,공채,계약직,,,,두리안정보기술,서울 여의도,개발부,AI팀,1,부장,팀원,2,,,baekeunbyul_564@hanmail.net,010-3541-6842,서울시 서초구 방배동,84700000,19,11,토스뱅크,100-2499-4007,가입,86,B,B,C,A,B,,564,비해당,,,
EMP1484,엄민지,여,41,1986-08-11,860811-2999655,해당없음,2011-12-21,14,대졸,성균관대학교,3.8,공채,정규직,,,,두리안정보기술,서울 여의도,마케팅부,디지털마케팅팀,1,차장,팀원,2,,,umminji.6@nate.com,010-3885-5686,서울시 마포구 상암동,67000000,22,11,기업은행,020-15-220472,가입,88,A,B,A,A,A,,771,비해당,,,
EMP1485,차재원,남,35,1992-03-18,920318-1823610,면제,2022-04-23,4,대졸,건국대학교,3.1,공채,정규직,,,,두리안정보기술,경기 판교,개발부,백엔드팀,1,대리,팀원,1,,,chajaewon.6@hanmail.net,010-8600-1106,서울시 송파구 문정동,51700000,12,1,신한은행,140-985-136784,가입,77,,,B,B,C,컴퓨터활용능력1급,821,해당,,,
EMP1486,주도현,남,31,1996-12-07,961207-1731551,군필,2025-03-08,1,대졸,연세대학교,2.8,경력,정규직,네이버,대리,영업관리,두리안정보기술,경기 판교,개발부,AI팀,1,사원,팀원,1,,,judohyun37@daum.net,010-6606-7726,경기도 성남시 분당구 판교동,38500000,14,2,하나은행,111-131802-0380,가입,76,,,,,,,813,비해당,,,
EMP1487,배수빈,여,26,2001-01-14,010114-4351176,해당없음,2024-04-02,2,대졸,숙명여자대학교,2.6,추천,정규직,,,,두리안정보기술,경기 판교,마케팅부,브랜드팀,1,사원,팀원,1,,,baesubin35@gmail.com,010-5429-2777,경기도 고양시 일산동구 장항동,33000000,9,1,국민은행,598656-53-108964,가입,74,,,,,B,리눅스마스터,,해당,,,
EMP1488,공정수,남,45,1982-06-15,820615-1547286,군필,2009-01-26,17,대졸,고려대학교,3.6,공채,정규직,,,,두리안정보기술,경기 판교,마케팅부,디지털마케팅팀,1,차장,팀원,2,,,kongjungsu4@nate.com,010-6273-9125,서울시 마포구 상암동,69000000,23,13,하나은행,162-469590-8019,가입,84,B,B,B,B,B,AWS Solutions Architect,559,해당,,,
EMP1489,강수진,여,36,1991-11-09,911109-2860382,해당없음,2015-09-22,10,대졸,국민대학교,3.4,공채,정규직,,,,두리안정보기술,서울 여의도,인사부,교육팀,3,과장,팀원,1,,,kangsujin85@nate.com,010-3760-7360,서울시 강서구 마곡동,53000000,22,12,기업은행,030-77-901043,가입,79,B,D,B,B,B,,851,비해당,,,
EMP1490,지지수,여,30,1997-06-24,970624-2590539,해당없음,2020-07-05,5,고졸,,,공채,정규직,,,,두리안정보기술,서울 강남,기획부,전략기획팀,1,대리,팀원,1,,,jijisu97@kakao.com,010-9305-2552,서울시 강남구 역삼동,47000000,16,6,우리은행,1002-546-464924,가입,70,B,C,D,C,C,,890,비해당,,,
EMP1491,임수빈,여,41,1986-08-21,860821-2752109,해당없음,2016-04-11,10,대학원졸,성균관대학교,3.9,공채,정규직,,,,두리안정보기술,경기 판교,인사부,교육팀,3,차장,팀원,2,,,limsubin53@daum.net,010-4877-1158,서울시 마포구 상암동,68000000,16,14,기업은행,010-89-861434,가입,78,C,C,B,B,C,컴퓨터활용능력1급,951,해당,,,
EMP1492,이승환,남,37,1990-03-07,900307-1676827,면제,2014-06-21,11,대졸,연세대학교,2.7,경력,계약직,삼성전자,과장,데이터분석,두리안정보기술,경기 판교,개발부,AI팀,1,과장,팀원,1,,,leeseunghwan_dev@nate.com,010-7144-6020,서울시 송파구 잠실동,55000000,23,2,농협은행,356-8228-1169-73,미가입,76,B,C,B,B,B,정보처리기사,,해당,,,
EMP1493,이지후,남,37,1990-08-14,900814-1109242,미필,2014-01-19,12,대학원졸,아주대학교,3.5,공채,정규직,,,,두리안정보기술,경기 판교,영업부,국내영업팀,1,차장,팀원,2,,,leejihoo54@daum.net,010-1530-4611,경기도 용인시 기흥구 영덕동,70000000,22,1,카카오뱅크,333-36-2651074,가입,83,B,A,B,A,A,컴퓨터활용능력1급,752,해당,,,
EMP1494,백도현,남,29,1998-07-10,980710-1314916,군필,2023-04-14,3,대졸,건국대학교,2.5,경력,정규직,포스코,사원,프로젝트관리,두리안정보기술,경기 판교,기획부,사업기획팀,1,사원,팀원,1,,,baekdohyun.3@kakao.com,010-1280-5669,서울시 영등포구 여의도동,30000000,9,0,국민은행,616340-87-091821,가입,62,,,,D,C,,952,비해당,MVP,,
EMP1495,최승준,남,34,1993-04-05,930405-1927365,군필,2016-09-10,9,대학원졸,한양대학교,4,경력,정규직,포스코,대리,인사관리,두리안정보기술,서울 강남,개발부,AI팀,1,과장,팀원,1,,,choiseungjun.4@gmail.com,010-8724-5491,서울시 송파구 문정동,55000000,23,13,우리은행,1006-702-491778,가입,74,C,B,C,B,B,,666,비해당,,,
EMP1496,장동현,남,40,1987-01-06,870106-1401195,군필,2019-12-25,6,대학원졸,한국외국어대학교,3.8,추천,정규직,,,,두리안정보기술,경기 판교,인사부,채용팀,3,과장,팀원,1,권고사직,2022-09-24,jangdonghyun@naver.com,010-3285-4968,경기도 수원시 영통구 매탄동,60000000,18,12,우리은행,1002-451-397790,가입,86,B,B,B,B,C,정보보안기사,716,해당,,,
EMP1497,서채영,여,34,1993-03-04,930304-2661186,해당없음,2017-12-10,8,고졸,,,추천,계약직,,,,두리안정보기술,경기 판교,기획부,사업기획팀,1,과장,팀원,1,,,seochaeyoung_kr@daum.net,010-3145-8364,서울시 용산구 이태원동,55000000,27,2,우리은행,1005-090-917285,가입,75,C,D,B,B,B,AWS Solutions Architect,,해당,,,
EMP1498,노민준,남,28,1999-12-07,991207-1846510,군필,2026-01-06,0,대졸,숙명여자대학교,2.6,공채,정규직,,,,두리안정보기술,서울 여의도,마케팅부,디지털마케팅팀,1,사원,팀원,1,,,nohminjun68@hanmail.net,010-1492-2235,서울시 강남구 삼성동,33000000,12,13,토스뱅크,100-7601-1608,가입,62,,,,,,,632,비해당,,,
EMP1499,성지훈,남,31,1996-08-25,960825-1826504,군필,2023-06-25,2,대졸,경북대학교,3.5,공채,정규직,,,,두리안정보기술,서울 강남,영업부,해외영업팀,1,대리,팀원,1,,,sungjihoon_916@kakao.com,010-7656-4973,서울시 서초구 서초동,42000000,22,12,농협은행,351-5465-8330-87,가입,82,,,,B,B,리눅스마스터,,해당,,,
EMP1500,하혜린,여,25,2002-06-08,020608-4688256,해당없음,2025-07-05,0,대졸,국민대학교,2.9,추천,정규직,,,,두리안정보기술,서울 여의도,마케팅부,디지털마케팅팀,1,사원,팀원,1,,,hahyerin.6@hanmail.net,010-7387-1178,서울시 강남구 논현동,35000000,5,3,하나은행,200-044829-1832,가입,68,,,,,,,613,비해당,,,
EMP1501,나민호,남,33,1994-06-21,940621-1259052,군필,2017-07-16,8,대졸,충남대학교,3,경력,정규직,롯데그룹,사원,백엔드개발,두리안정보기술,서울 강남,마케팅부,브랜드팀,1,과장,팀원,1,,,naminho@hanmail.net,010-2321-4385,서울시 강동구 천호동,60000000,25,11,토스뱅크,100-3063-8611,가입,80,B,B,B,B,A,SQLD,711,해당,,,
EMP1502,함정우,남,45,1982-12-13,821213-1970173,군필,2005-08-27,20,대학원졸,세종대학교,3.2,경력,정규직,현대자동차,사원,마케팅기획,두리안정보기술,서울 여의도,인사부,교육팀,3,부장,팀원,2,,,hamjungwoo.3@naver.com,010-8456-3039,경기도 용인시 기흥구 영덕동,80000000,13,11,기업은행,010-03-697117,가입,83,B,B,B,B,A,정보처리기사,982,해당,,,
EMP1503,배준서,남,35,1992-07-16,920716-1177602,군필,2023-12-09,2,전문대졸,영진전문대학교,3.4,경력,정규직,롯데그룹,차장,데이터분석,두리안정보기술,서울 강남,기획부,전략기획팀,1,대리,팀원,1,,,baejunseo_995@nate.com,010-4858-8451,경기도 용인시 기흥구 영덕동,45000000,16,15,카카오뱅크,333-38-3335914,가입,83,,,,B,A,정보보안기사,918,해당,우수사원상,,
EMP1504,남수진,여,25,2002-12-10,021210-4642001,해당없음,2025-06-18,0,대졸,고려대학교,2.6,공채,정규직,,,,두리안정보기술,서울 강남,인사부,교육팀,3,사원,팀원,1,권고사직,2025-10-07,namsujin90@kakao.com,010-1411-4163,서울시 강남구 논현동,37000000,12,6,우리은행,1005-346-778084,가입,67,,,,,,,,비해당,,,
EMP1505,심재원,남,34,1993-04-19,930419-1519651,미필,2016-06-08,9,대졸,서강대학교,3.7,추천,계약직,,,,두리안정보기술,경기 판교,영업부,국내영업팀,1,과장,팀원,1,,,shimjaewon97@gmail.com,010-2624-3175,경기도 성남시 분당구 정자동,54000000,29,0,국민은행,269925-20-399687,가입,74,B,B,B,B,B,ADsP,,해당,,,
EMP1506,차민호,남,27,2000-07-07,000707-3374271,군필,2024-02-04,2,고졸,,,경력,정규직,현대자동차,차장,백엔드개발,두리안정보기술,경기 판교,마케팅부,디지털마케팅팀,1,사원,팀원,1,계약만료,2025-05-13,chaminho_129@naver.com,010-2032-9885,서울시 마포구 합정동,38000000,12,12,국민은행,980346-96-974491,가입,69,,,,,C,빅데이터분석기사,778,해당,,,
EMP1507,심수진,여,49,1978-10-08,781008-2725549,해당없음,2006-04-17,20,고졸,,,인턴전환,정규직,,,,두리안정보기술,경기 판교,영업부,해외영업팀,1,부장,팀원,2,정년퇴직,2012-07-22,shimsujin98@daum.net,010-3343-2940,서울시 은평구 불광동,81000000,18,1,신한은행,180-915-658904,가입,90,A,A,S,A,S,빅데이터분석기사,,해당,,,
EMP1508,원재원,남,38,1989-05-28,890528-1658788,군필,2016-07-24,9,대졸,전북대학교,3.3,공채,정규직,,,,두리안정보기술,경기 판교,개발부,백엔드팀,1,과장,팀원,1,,,wonjaewon_843@kakao.com,010-7495-1265,서울시 영등포구 여의도동,61600000,23,12,카카오뱅크,333-04-3280299,가입,76,B,C,B,B,B,,,비해당,,,
EMP1509,박소연,여,29,1998-11-16,981116-2185936,해당없음,2025-10-03,0,대졸,고려대학교,3.4,공채,계약직,,,,두리안정보기술,서울 강남,마케팅부,디지털마케팅팀,1,사원,팀원,1,,,parksoyeon12@naver.com,010-3913-2860,서울시 은평구 불광동,32000000,8,2,카카오뱅크,333-25-7418211,가입,63,,,,,,리눅스마스터,674,해당,,,
EMP1510,정정수,남,28,1999-04-18,990418-1959283,군필,2022-10-28,3,대졸,한양대학교,3.4,공채,정규직,,,,두리안정보기술,서울 여의도,인사부,교육팀,3,대리,팀원,1,,,jungjungsu_234@hanmail.net,010-2378-3857,서울시 서초구 방배동,47000000,19,14,기업은행,030-80-893246,가입,68,,,D,C,C,,946,비해당,,,
EMP1511,김현우,남,31,1996-11-24,961124-1452944,군필,2025-11-25,0,대졸,서울대학교,3.5,추천,정규직,,,,두리안정보기술,경기 판교,개발부,프론트팀,1,사원,팀원,1,,,kimhyunwoo72@kakao.com,010-8487-2241,서울시 송파구 잠실동,39600000,8,10,신한은행,180-432-359194,가입,76,,,,,,,726,비해당,,,
EMP1512,장우진,남,31,1996-02-08,960208-1742288,군필,2019-01-08,7,대졸,성균관대학교,3,공채,정규직,,,,두리안정보기술,경기 판교,마케팅부,브랜드팀,1,과장,팀원,1,,,jangwoojin43@kakao.com,010-8630-2113,경기도 용인시 기흥구 영덕동,52000000,28,9,기업은행,010-95-396218,미가입,80,A,B,B,A,B,AWS Solutions Architect,,해당,팀워크상,,
EMP1513,류준혁,남,31,1996-01-13,960113-1841880,군필,2019-11-26,6,대졸,아주대학교,3.2,인턴전환,정규직,,,,두리안정보기술,서울 여의도,마케팅부,디지털마케팅팀,1,과장,팀원,1,,,ryujunhyuk.1@hanmail.net,010-4346-2780,서울시 은평구 불광동,53000000,25,9,하나은행,111-265639-3441,가입,77,B,B,B,C,B,,713,비해당,,,
EMP1514,서정수,남,40,1987-12-10,871210-1555954,군필,2015-06-08,10,대학원졸,아주대학교,3.9,경력,정규직,롯데그룹,과장,재무회계,두리안정보기술,경기 판교,개발부,AI팀,1,과장,팀원,1,,,seojungsu1@gmail.com,010-8689-3778,서울시 은평구 불광동,55000000,29,3,기업은행,020-18-888806,가입,79,C,C,B,C,C,,504,비해당,,,
EMP1515,백지아,여,32,1995-03-28,950328-2441827,해당없음,2018-08-12,7,대졸,전남대학교,2.6,인턴전환,정규직,,,,두리안정보기술,서울 여의도,영업부,국내영업팀,1,과장,팀원,1,,,baekjia55@kakao.com,010-1484-4337,서울시 마포구 상암동,48000000,27,9,우리은행,1002-092-828819,가입,82,B,A,B,B,C,정보보안기사,,해당,,,
EMP1516,지보미,여,38,1989-02-23,890223-2754086,해당없음,2016-10-10,9,대졸,숭실대학교,3.3,경력,정규직,포스코,사원,데이터분석,두리안정보기술,경기 판교,인사부,교육팀,3,과장,팀원,1,,,jibomi.8@naver.com,010-6176-4874,서울시 송파구 문정동,55000000,22,13,하나은행,162-959681-7457,미가입,76,B,B,B,B,C,,,비해당,,,
EMP1517,노서연,여,45,1982-12-11,821211-2419321,해당없음,2009-11-17,16,대졸,서울대학교,2.7,경력,정규직,LG전자,차장,프론트엔드개발,두리안정보기술,서울 여의도,개발부,인프라팀,1,차장,팀원,2,,,nohseoyeon48@gmail.com,010-2364-8226,서울시 강남구 역삼동,77000000,21,2,카카오뱅크,333-96-3360881,가입,79,B,C,B,B,B,리눅스마스터,,해당,,,
EMP1518,민예원,여,40,1987-07-04,870704-2468756,해당없음,2015-06-07,10,대졸,국민대학교,2.6,경력,정규직,현대자동차,사원,프론트엔드개발,두리안정보기술,경기 판교,영업부,국내영업팀,1,차장,팀원,2,,,minyewon83@daum.net,010-5716-5822,서울시 노원구 상계동,64000000,21,1,카카오뱅크,333-47-2826182,가입,82,B,B,B,B,B,ADsP,531,해당,,,
EMP1519,방지후,남,33,1994-05-26,940526-1623528,미필,2017-03-20,9,대졸,가천대학교,3.7,추천,정규직,,,,두리안정보기술,서울 강남,기획부,전략기획팀,1,과장,팀원,1,,,bangjihoo_361@hanmail.net,010-9734-2448,경기도 성남시 분당구 정자동,50000000,27,6,토스뱅크,100-5982-9788,가입,83,A,B,B,B,A,,,비해당,,,
EMP1520,윤소연,여,40,1987-06-14,870614-2554931,해당없음,2010-12-15,15,대졸,국민대학교,3,경력,정규직,쿠팡,사원,프로젝트관리,두리안정보기술,경기 판교,기획부,전략기획팀,1,차장,팀원,2,,,yoonsoyeon_704@kakao.com,010-3214-6101,서울시 노원구 상계동,68000000,21,9,우리은행,1005-416-359917,가입,80,C,B,B,B,B,ADsP,,해당,,,
EMP1521,지지영,여,36,1991-08-11,910811-2830144,해당없음,2019-10-18,6,전문대졸,영진전문대학교,3.5,경력,계약직,쿠팡,대리,재무회계,두리안정보기술,서울 여의도,개발부,AI팀,1,대리,팀원,1,,,jijiyoung79@hanmail.net,010-5612-2689,서울시 서초구 방배동,42900000,11,1,국민은행,222354-96-026475,가입,76,C,B,C,C,C,,974,비해당,,,
EMP1522,안서윤,여,30,1997-04-27,970427-2692332,해당없음,2021-03-20,5,전문대졸,경북전문대학교,2.8,추천,정규직,,,,두리안정보기술,경기 판교,인사부,교육팀,3,대리,팀원,1,,,ahnseoyoon.2@gmail.com,010-6804-6145,서울시 송파구 문정동,40000000,20,11,기업은행,020-06-540515,가입,76,,C,C,B,B,빅데이터분석기사,,해당,,,
EMP1523,최서현,여,47,1980-12-01,801201-2356604,해당없음,2004-04-26,22,대졸,연세대학교,3.5,추천,정규직,,,,두리안정보기술,서울 여의도,기획부,사업기획팀,1,부장,팀원,2,,,choiseohyun@gmail.com,010-8208-9075,서울시 송파구 문정동,79000000,12,12,카카오뱅크,333-05-0080685,가입,93,A,B,A,A,A,,,비해당,,,
EMP1524,백도현,남,24,2003-09-03,030903-3973080,미필,2026-04-06,0,대졸,이화여자대학교,2.9,추천,정규직,,,,두리안정보기술,서울 여의도,마케팅부,브랜드팀,1,사원,팀원,1,,,baekdohyun37@daum.net,010-8228-1777,서울시 노원구 상계동,32000000,16,0,우리은행,1002-685-589668,가입,70,,,,,,ADsP,900,해당,우수사원상,,
EMP1525,차지현,여,36,1991-01-16,910116-2321298,해당없음,2019-12-09,6,대졸,이화여자대학교,2.7,경력,계약직,포스코,사원,프로젝트관리,두리안정보기술,서울 강남,인사부,채용팀,3,과장,팀원,1,,,chajihyun.5@gmail.com,010-9913-7719,경기도 성남시 분당구 판교동,58000000,25,7,신한은행,110-087-640639,가입,86,B,C,B,B,B,ADsP,826,해당,,,
EMP1526,신도현,남,38,1989-02-28,890228-1595076,군필,2013-12-23,12,대졸,아주대학교,3.5,추천,계약직,,,,두리안정보기술,경기 판교,개발부,인프라팀,1,차장,팀원,2,,,shindohyun_work@gmail.com,010-8380-8172,서울시 강남구 삼성동,78100000,22,7,하나은행,162-135024-6726,가입,85,B,B,B,C,B,정보처리기사,,해당,,,
EMP1527,신승환,남,32,1995-11-09,951109-1865184,군필,2018-01-24,8,대졸,성균관대학교,3.8,공채,정규직,,,,두리안정보기술,서울 여의도,인사부,교육팀,3,과장,팀원,1,,,shinseunghwan74@gmail.com,010-9709-6425,경기도 성남시 분당구 정자동,54000000,28,8,신한은행,100-281-004245,가입,84,B,B,B,B,C,,728,비해당,,,
EMP1528,오민준,남,27,2000-11-06,001106-3536436,군필,2025-06-21,0,대졸,세종대학교,2.7,공채,정규직,,,,두리안정보기술,서울 강남,기획부,전략기획팀,1,사원,팀원,1,,,ohminjun_dev@daum.net,010-1113-6889,서울시 송파구 잠실동,31000000,13,11,신한은행,140-237-201680,가입,69,,,,,,정보보안기사,747,해당,,,
EMP1529,김소연,여,33,1994-06-09,940609-2126564,해당없음,2019-02-25,7,대졸,건국대학교,3.6,추천,계약직,,,,두리안정보기술,서울 강남,개발부,AI팀,1,대리,팀원,1,,,kimsoyeon.2@nate.com,010-5913-8605,경기도 용인시 기흥구 영덕동,52800000,16,14,카카오뱅크,333-50-6308052,가입,80,B,A,B,B,A,SQLD,,해당,,,
EMP1530,손하영,여,41,1986-07-01,860701-2578442,해당없음,2013-06-19,12,대학원졸,성균관대학교,3.5,인턴전환,정규직,,,,두리안정보기술,서울 강남,개발부,프론트팀,1,차장,팀원,2,,,sonhayoung.1@kakao.com,010-1586-1428,서울시 강서구 마곡동,73700000,15,10,우리은행,1005-217-378620,가입,82,B,B,B,B,A,SQLD,,해당,,,
EMP1531,최하은,여,50,1977-03-06,770306-2186015,해당없음,2004-06-25,21,대졸,덕성여자대학교,3.8,인턴전환,정규직,,,,두리안정보기술,서울 여의도,마케팅부,디지털마케팅팀,1,부장,팀원,2,권고사직,2005-09-25,choihaeun_872@kakao.com,010-3371-9068,경기도 수원시 영통구 매탄동,77000000,15,10,신한은행,140-683-883316,가입,87,B,A,A,B,C,,966,비해당,,,
EMP1532,지도현,남,28,1999-08-13,990813-1714489,군필,2022-05-28,3,대학원졸,이화여자대학교,3.7,공채,정규직,,,,두리안정보기술,서울 강남,인사부,채용팀,3,대리,팀원,1,,,jidohyun.3@kakao.com,010-9366-1074,서울시 강남구 논현동,40000000,16,4,카카오뱅크,333-93-4844895,가입,74,,,C,B,B,컴퓨터활용능력1급,,해당,,,
EMP1533,현재원,남,33,1994-07-16,940716-1459434,군필,2017-01-19,9,대졸,중앙대학교,3.1,추천,정규직,,,,두리안정보기술,서울 강남,기획부,사업기획팀,1,과장,팀원,1,,,hyunjaewon@kakao.com,010-9024-2832,서울시 노원구 상계동,51000000,18,6,토스뱅크,100-2993-4957,가입,82,B,B,B,B,A,,988,비해당,,,
EMP1534,강민석,남,44,1983-04-06,830406-1843322,군필,2014-08-02,11,전문대졸,명지전문대학,2.9,공채,정규직,,,,두리안정보기술,서울 여의도,인사부,교육팀,3,차장,팀원,2,권고사직,2020-08-14,kangminseok_410@kakao.com,010-1854-2361,경기도 고양시 일산동구 장항동,71000000,22,11,기업은행,010-19-520585,가입,85,A,B,B,B,B,,669,비해당,,,
EMP1535,안성민,남,36,1991-10-21,911021-1207883,미필,2016-06-16,9,대학원졸,전북대학교,3.4,공채,계약직,,,,두리안정보기술,경기 판교,인사부,채용팀,3,과장,팀원,1,,,ahnsungmin_work@naver.com,010-8609-3187,서울시 송파구 문정동,54000000,27,10,국민은행,823231-09-950536,가입,78,B,B,B,B,C,,611,비해당,,,
EMP1536,나은별,여,30,1997-08-21,970821-2226542,해당없음,2020-11-18,5,대졸,건국대학교,3.8,인턴전환,정규직,,,,두리안정보기술,서울 강남,기획부,전략기획팀,1,대리,팀원,1,,,naeunbyul_work@gmail.com,010-4896-6307,서울시 노원구 상계동,48000000,16,10,우리은행,1002-673-830094,미가입,79,B,B,B,B,C,,,비해당,,,
EMP1537,차지민,여,41,1986-11-25,861125-2618041,해당없음,2020-11-22,5,대학원졸,덕성여자대학교,3.2,추천,정규직,,,,두리안정보기술,서울 강남,마케팅부,브랜드팀,1,과장,팀원,1,,,chajimin.8@kakao.com,010-3767-2062,경기도 고양시 일산동구 장항동,48000000,30,7,신한은행,100-000-754053,가입,87,B,B,C,C,B,,625,비해당,,,
EMP1538,손도현,남,36,1991-02-14,910214-1654695,군필,2015-07-11,10,대졸,이화여자대학교,2.7,경력,정규직,삼성전자,사원,영업관리,두리안정보기술,서울 여의도,개발부,백엔드팀,1,차장,팀원,2,,,sondohyun_703@daum.net,010-6671-5338,서울시 마포구 합정동,74800000,15,10,기업은행,030-27-722170,가입,88,A,S,A,S,A,,834,비해당,,,
EMP1539,안재현,남,27,2000-02-06,000206-3206876,군필,2025-11-26,0,고졸,,,경력,정규직,쿠팡,사원,영업관리,두리안정보기술,경기 판교,인사부,채용팀,3,사원,팀원,1,,,ahnjaehyun81@kakao.com,010-8872-9645,서울시 강동구 천호동,34000000,18,14,우리은행,1006-076-639015,가입,60,,,,,,ADsP,,해당,,정직,업무태만
EMP1540,신다은,여,30,1997-11-25,971125-2924989,해당없음,2020-04-12,6,대졸,성균관대학교,3.5,공채,정규직,,,,두리안정보기술,서울 강남,기획부,사업기획팀,1,대리,팀원,1,,,shindaeun_872@kakao.com,010-3752-6753,서울시 송파구 잠실동,45000000,16,15,국민은행,981388-23-112764,미가입,75,C,D,C,B,B,정보보안기사,624,해당,,,
EMP1541,황선우,남,46,1981-01-06,810106-1702684,군필,2014-07-26,11,대졸,충남대학교,3.9,경력,계약직,롯데그룹,사원,데이터분석,두리안정보기술,서울 강남,인사부,채용팀,3,차장,팀원,2,,,hwangsunwoo_work@nate.com,010-6815-9584,서울시 강남구 논현동,67000000,20,14,우리은행,1005-256-296720,가입,84,B,A,B,C,B,리눅스마스터,,해당,,,
EMP1542,정예린,여,27,2000-09-10,000910-4454564,해당없음,2025-10-05,0,대졸,중앙대학교,3.6,인턴전환,계약직,,,,두리안정보기술,경기 판교,인사부,채용팀,3,사원,팀원,1,,,jungyerin22@gmail.com,010-3821-6334,서울시 노원구 상계동,34000000,15,0,신한은행,100-963-826126,가입,65,,,,,,정보처리기사,885,해당,공로상,,
EMP1543,구예린,여,30,1997-03-08,970308-2243838,해당없음,2025-07-23,0,대졸,숙명여자대학교,2.8,인턴전환,계약직,,,,두리안정보기술,서울 여의도,영업부,국내영업팀,1,사원,팀원,1,,,kooyerin50@naver.com,010-2550-5493,서울시 서초구 방배동,31000000,15,14,국민은행,624039-87-330667,가입,67,,,,,,,617,비해당,,,
EMP1544,권정수,남,33,1994-05-08,940508-1484641,군필,2019-05-03,7,고졸,,,추천,계약직,,,,두리안정보기술,경기 판교,영업부,국내영업팀,1,대리,팀원,1,,,kwonjungsu_774@gmail.com,010-1800-5699,경기도 용인시 기흥구 영덕동,39000000,20,0,기업은행,020-30-305486,가입,75,B,B,C,C,C,,774,비해당,,,
EMP1545,배선우,남,36,1991-06-12,910612-1827926,군필,2015-02-28,11,대졸,경희대학교,3.8,경력,정규직,롯데그룹,사원,영업관리,두리안정보기술,경기 판교,마케팅부,브랜드팀,1,과장,팀원,1,,,baesunwoo_450@naver.com,010-5428-5704,서울시 영등포구 여의도동,57000000,24,2,기업은행,030-74-034505,가입,82,B,C,B,A,B,,,비해당,우수사원상,,
EMP1546,허수현,남,33,1994-08-22,940822-1400904,군필,2023-06-22,2,대학원졸,한양대학교,4,공채,정규직,,,,두리안정보기술,경기 판교,인사부,채용팀,3,대리,팀원,1,,,heosoohyun.1@nate.com,010-2039-3570,서울시 은평구 불광동,45000000,17,13,농협은행,356-1503-9292-90,가입,68,,,,C,C,ADsP,615,해당,,,
EMP1547,임도현,남,41,1986-08-25,860825-1390776,군필,2020-01-24,6,대학원졸,성균관대학교,3.7,경력,정규직,포스코,차장,백엔드개발,두리안정보기술,서울 강남,개발부,백엔드팀,1,과장,팀원,1,,,limdohyun_534@nate.com,010-2963-8766,서울시 마포구 상암동,53900000,20,13,국민은행,707257-38-166278,가입,83,B,A,A,A,B,,,비해당,,,
EMP1548,임하은,여,37,1990-03-07,900307-2829076,해당없음,2017-08-17,8,대졸,아주대학교,3.6,추천,정규직,,,,두리안정보기술,서울 여의도,기획부,사업기획팀,1,과장,팀원,1,,,limhaeun_849@naver.com,010-8836-9802,서울시 강서구 마곡동,60000000,22,3,카카오뱅크,333-63-3660794,가입,85,B,B,B,B,B,,,비해당,,,
EMP1549,유지아,여,47,1980-03-27,800327-2213853,해당없음,2004-12-07,21,대학원졸,고려대학교,3.1,경력,정규직,삼성전자,대리,데이터분석,두리안정보기술,경기 판교,기획부,전략기획팀,1,부장,팀장,2,정년퇴직,2008-12-03,yoojia37@daum.net,010-9529-3427,서울시 용산구 이태원동,87000000,15,2,국민은행,446486-21-310179,미가입,92,A,A,A,A,A,리눅스마스터,,해당,팀워크상,,
EMP1550,함혜린,여,51,1976-05-07,760507-2564018,해당없음,2010-05-08,16,대졸,충남대학교,4,경력,정규직,삼성전자,대리,마케팅기획,두리안정보기술,서울 강남,영업부,국내영업팀,1,부장,팀원,2,,,hamhyerin45@daum.net,010-3339-4795,서울시 은평구 불광동,79000000,18,14,신한은행,110-156-814106,가입,82,B,B,C,B,A,컴퓨터활용능력1급,626,해당,,,
EMP1551,노도윤,남,29,1998-04-10,980410-1264022,면제,2021-03-06,5,대졸,단국대학교,3.6,경력,계약직,LG전자,차장,백엔드개발,두리안정보기술,서울 강남,마케팅부,브랜드팀,1,대리,팀원,1,,,nohdoyoon26@hanmail.net,010-9025-3010,경기도 성남시 분당구 판교동,39000000,22,8,국민은행,006569-82-394196,가입,69,,C,D,C,D,AWS Solutions Architect,,해당,,,
EMP1552,방윤서,여,33,1994-07-08,940708-2654266,해당없음,2018-02-12,8,대졸,한국외국어대학교,3.5,추천,계약직,,,,두리안정보기술,서울 강남,기획부,사업기획팀,1,대리,팀원,1,,,bangyunseo_520@gmail.com,010-4808-4991,서울시 서초구 서초동,44000000,11,6,국민은행,534931-54-641287,가입,70,C,C,B,C,D,ADsP,,해당,,,
EMP1553,원준서,남,48,1979-05-11,790511-1369880,군필,2011-07-24,14,전문대졸,인하공업전문대학,2.9,공채,정규직,,,,두리안정보기술,서울 여의도,마케팅부,디지털마케팅팀,1,부장,팀원,2,,,wonjunseo71@nate.com,010-2422-5767,서울시 강남구 역삼동,84000000,12,6,신한은행,140-492-132504,가입,91,A,A,A,A,A,정보처리기사,736,해당,,,
EMP1554,우지아,여,27,2000-03-18,000318-4511455,해당없음,2023-06-10,2,전문대졸,영진전문대학교,3.7,공채,정규직,,,,두리안정보기술,서울 강남,인사부,교육팀,3,대리,팀원,1,,,woojia59@kakao.com,010-9396-1734,서울시 강동구 천호동,44000000,17,7,기업은행,020-15-667652,가입,74,,,,B,C,AWS Solutions Architect,,해당,,,
EMP1555,성주원,남,24,2003-01-11,030111-3730947,군필,2026-04-04,0,전문대졸,영진전문대학교,2.5,인턴전환,정규직,,,,두리안정보기술,경기 판교,개발부,인프라팀,1,사원,팀원,1,,,sungjuwon.4@hanmail.net,010-4600-7307,서울시 송파구 문정동,38500000,6,11,토스뱅크,100-1078-8214,가입,72,,,,,,AWS Solutions Architect,818,해당,팀워크상,,
EMP1556,구서연,여,42,1985-07-02,850702-2565862,해당없음,2015-01-20,11,대졸,경북대학교,3.3,경력,정규직,현대자동차,대리,인사관리,두리안정보기술,경기 판교,인사부,채용팀,3,차장,팀원,2,,,kooseoyeon73@nate.com,010-8621-9958,경기도 성남시 분당구 정자동,63000000,15,12,하나은행,111-002756-3095,가입,84,A,B,B,C,A,SQLD,,해당,,,
EMP1557,윤다은,여,28,1999-08-05,990805-2102524,해당없음,2022-04-20,4,고졸,,,경력,정규직,쿠팡,차장,인사관리,두리안정보기술,서울 강남,개발부,인프라팀,1,사원,팀원,1,,,yoondaeun.9@gmail.com,010-2446-6792,서울시 마포구 합정동,33000000,13,9,토스뱅크,100-2805-8881,가입,62,,,D,C,C,,934,비해당,,,
EMP1558,문민준,남,29,1998-11-07,981107-1223284,군필,2022-04-12,4,대졸,인하대학교,3.7,인턴전환,계약직,,,,두리안정보기술,경기 판교,기획부,사업기획팀,1,사원,팀원,1,,,moonminjun29@hanmail.net,010-4115-8005,서울시 강남구 삼성동,34000000,14,7,농협은행,351-5251-0229-06,가입,71,,,C,D,C,,898,비해당,,,
EMP1559,현윤서,여,36,1991-12-26,911226-2472152,해당없음,2019-01-09,7,대졸,홍익대학교,3.6,인턴전환,정규직,,,,두리안정보기술,경기 판교,개발부,백엔드팀,1,대리,팀원,1,,,hyunyunseo.4@naver.com,010-2688-1806,서울시 영등포구 여의도동,52800000,12,12,신한은행,180-640-270952,가입,72,B,B,B,C,C,,,비해당,,,
EMP1560,성성민,남,36,1991-01-02,910102-1565302,미필,2019-02-22,7,대졸,서울대학교,3.6,경력,정규직,롯데그룹,사원,마케팅기획,두리안정보기술,서울 여의도,마케팅부,디지털마케팅팀,1,과장,팀원,1,,,sungsungmin78@hanmail.net,010-6880-6815,서울시 강남구 삼성동,59000000,27,7,농협은행,356-8259-6566-14,가입,87,B,B,B,B,B,정보보안기사,785,해당,,,
EMP1561,지성호,남,29,1998-05-25,980525-1461851,군필,2022-10-04,3,대졸,덕성여자대학교,3.9,인턴전환,정규직,,,,두리안정보기술,서울 강남,영업부,국내영업팀,1,사원,팀원,1,,,jisungho_kr@daum.net,010-9950-9101,경기도 수원시 영통구 매탄동,33000000,12,6,신한은행,140-589-243680,가입,75,,,B,B,B,,699,비해당,,,
EMP1562,문준서,남,32,1995-01-19,950119-1814016,군필,2018-05-10,8,대졸,중앙대학교,3.3,추천,정규직,,,,두리안정보기술,경기 판교,개발부,프론트팀,1,과장,팀원,1,,,moonjunseo.8@nate.com,010-6916-1996,서울시 영등포구 여의도동,52800000,30,0,신한은행,180-707-644782,가입,86,B,C,B,C,B,정보처리기사,,해당,,,
EMP1563,민우진,남,31,1996-07-12,960712-1183456,군필,2025-10-18,0,고졸,,,공채,정규직,,,,두리안정보기술,서울 강남,영업부,국내영업팀,1,사원,팀원,1,,,minwoojin73@gmail.com,010-7559-4005,서울시 서초구 방배동,38000000,12,14,기업은행,020-75-841616,가입,75,,,,,,,988,비해당,공로상,,
EMP1564,박하은,여,38,1989-08-22,890822-2200110,해당없음,2018-10-03,7,대졸,경북대학교,3.1,경력,정규직,롯데그룹,사원,프로젝트관리,두리안정보기술,경기 판교,기획부,전략기획팀,1,과장,팀원,1,계약만료,2022-11-25,parkhaeun.2@nate.com,010-9780-8355,서울시 강남구 역삼동,52000000,29,10,국민은행,131844-40-839520,가입,87,B,B,B,B,A,,,비해당,,,
EMP1565,허준서,남,45,1982-02-13,820213-1498590,군필,2007-05-12,19,대학원졸,성균관대학교,3.4,인턴전환,정규직,,,,두리안정보기술,경기 판교,개발부,프론트팀,1,부장,팀원,2,,,heojunseo.1@nate.com,010-6180-3148,경기도 성남시 분당구 판교동,96800000,16,8,기업은행,030-28-451154,가입,87,B,B,B,B,B,,,비해당,,,
EMP1566,하소연,여,31,1996-10-07,961007-2649943,해당없음,2025-06-02,0,대졸,이화여자대학교,3.7,경력,계약직,네이버,대리,프론트엔드개발,두리안정보기술,서울 강남,인사부,채용팀,3,사원,팀원,1,권고사직,2026-06-02,hasoyeon97@naver.com,010-1768-7425,서울시 마포구 상암동,33000000,7,10,하나은행,200-984394-0363,가입,60,,,,,,빅데이터분석기사,516,해당,,,
EMP1567,오수진,여,36,1991-08-01,910801-2985545,해당없음,2020-08-01,5,대졸,건국대학교,3,인턴전환,정규직,,,,두리안정보기술,서울 여의도,영업부,해외영업팀,1,대리,팀원,1,,,ohsujin.3@naver.com,010-5927-1918,경기도 용인시 기흥구 영덕,41000000,16,9,농협은행,351-1687-1512-95,가입,78,B,B,B,B,C,,790,비해당,,,
EMP1568,손하은,여,26,2001-04-05,010405-4729518,해당없음,2025-02-09,1,대학원졸,동국대학교,3.5,경력,계약직,SK하이닉스,대리,재무회계,두리안정보기술,서울 여의도,마케팅부,디지털마케팅팀,1,사원,팀원,1,,,sonhaeun794@daum.net,010-8684-6183,서울시 강서구 마곡동,30000000,17,0,국민은행,331240-71-676654,가입,71,,,,,,정보보안기사,,해당,,,
EMP1569,송우진,남,24,2003-04-12,030412-3282010,군필,2023-09-03,3,전문대졸,영진전문대학교,3.2,추천,정규직,,,,두리안정보기술,서울 여의도,인사부,채용팀,1,사원,팀원,1,,,song.woojin486@gmail.com,010-2329-7970,서울시 마포구 합정동,41000000,29,10,하나은행,200-934311-2292,가입,83,,,,B,B,SQLD,,해당,우수사원상,,
EMP1570,전시우,남,24,2003-06-05,030605-3292961,군필,2023-09-13,3,전문대졸,경북전문대학교,3.5,공채,정규직,,,,두리안정보기술,경기 판교,인사부,채용팀,1,사원,팀원,1,,,jeon시woo_122@naver.com,010-5849-3853,경기도 성남시 분당구 정자동,30000000,11,0,토스뱅크,100-8575-9064,가입,67,,,,C,C,,,비해당,,,
EMP1571,임하은,여,29,1998-04-28,980428-2666581,해당없음,2023-05-04,3,전문대졸,영진전문대학교,2.8,추천,정규직,,,,두리안정보기술,경기 판교,마케팅부,브랜드팀,1,사원,팀원,1,,,limhaeun901@gmail.com,010-7111-7530,경기도 수원시 영통구 매탄동,35000000,6,5,하나은행,111-361331-2806,가입,78,,,,C,B,SQLD,,해당,,,
EMP1572,전하준,남,27,2000-02-28,000228-3578246,군필,2024-12-24,2,전문대졸,영진전문대학교,3.1,공채,계약직,,,,두리안정보기술,서울 여의도,인사부,교육팀,1,사원,팀원,1,,,jeonhajun_420@nate.com,010-5625-7208,서울시 강서구 마곡동,34000000,15,10,토스뱅크,100-7319-3841,가입,68,,,,,C,,548,비해당,,,
EMP1573,손지호,남,27,2000-01-22,000122-3018830,군필,2024-06-23,2,전문대졸,인하공업전문대학,3.7,공채,정규직,,,,두리안정보기술,경기 판교,영업부,해외영업팀,1,사원,팀원,1,,,sonjiho_318@hanmail.net,010-9374-8276,경기도 성남시 분당구 정자동,37400000,6,6,국민은행,540663-15-386786,가입,62,,,,,C,리눅스마스터,516,해당,,,
EMP1574,현지수,여,30,1997-09-17,970917-2166247,해당없음,2023-11-20,3,전문대졸,경북전문대학교,3.7,추천,정규직,,,,두리안정보기술,서울 강남,개발부,백엔드팀,1,사원,팀원,1,자발적퇴직,2026-04-25,hyunjisu_132@nate.com,010-8316-7373,서울시 강남구 역삼동,38000000,10,8,우리은행,1006-588-305552,가입,97,,,,A,A,,637,비해당,,,
EMP1575,양성민,남,27,2000-08-19,000819-3780157,군필,2024-12-13,2,고졸,,,인턴전환,정규직,,,,두리안정보기술,경기 판교,마케팅부,디지털마케팅팀,1,사원,팀원,1,,,yangsungmin344@naver.com,010-9732-5511,경기도 성남시 분당구 판교동,32000000,5,0,카카오뱅크,333-16-3878395,가입,69,,,,,B,,562,비해당,우수사원상,,
EMP1576,백수빈,여,26,2001-10-02,011002-4518382,해당없음,2025-07-02,1,대졸,동국대학교,2.8,경력,계약직,KT,차장,프로젝트관리,두리안정보기술,서울 강남,기획부,사업기획팀,1,사원,팀원,1,,,baeksubin363@daum.net,010-2860-3059,서울시 서초구 방배동,33000000,18,12,카카오뱅크,333-25-9092566,가입,82,,,,,,,750,비해당,,,
EMP1577,성현우,남,24,2003-11-13,031113-3127803,미필,2022-03-12,4,대학원졸,고려대학교,3.4,인턴전환,정규직,,,,두리안정보기술,서울 여의도,영업부,국내영업팀,1,사원,팀원,1,,,sunghyunwoo939@kakao.com,010-4856-8272,서울시 마포구 합정동,34000000,7,3,우리은행,1005-912-609419,가입,72,,,B,B,C,,738,비해당,,,
EMP1578,한재민,남,31,1996-05-11,960511-1550649,군필,2024-10-02,2,대졸,서울대학교,2.7,추천,정규직,,,,두리안정보기술,서울 강남,마케팅부,디지털마케팅팀,1,사원,팀원,1,권고사직,2025-09-12,hanjaemin_562@gmail.com,010-1303-5731,서울시 강남구 역삼동,30000000,29,8,국민은행,576140-77-205790,가입,82,,,,,B,,,비해당,공로상,,
EMP1579,하혜린,여,27,2000-09-14,000914-4296200,해당없음,2025-01-07,1,대졸,연세대학교,2.7,경력,계약직,삼성전자,사원,프로젝트관리,두리안정보기술,경기 판교,개발부,인프라팀,1,사원,팀원,1,,,ha.hyerin406@hanmail.net,010-2212-3713,경기도 성남시 분당구 정자동,30000000,13,13,기업은행,020-79-627570,가입,97,,,,,,,930,비해당,,,
EMP1580,허소연,여,31,1996-02-12,960212-2428881,해당없음,2022-09-06,4,대졸,부산대학교,3.2,경력,계약직,롯데그룹,대리,영업관리,두리안정보기술,서울 여의도,개발부,프론트팀,1,사원,팀원,1,,,heosoyeon_247@gmail.com,010-7897-7478,서울시 마포구 합정동,38000000,21,8,국민은행,004851-54-134270,가입,82,,,A,A,B,리눅스마스터,,해당,,,
EMP1581,안지호,남,29,1998-04-04,980404-1512562,면제,2023-11-01,3,대졸,숙명여자대학교,2.8,추천,정규직,,,,두리안정보기술,서울 강남,기획부,전략기획팀,1,사원,팀원,1,,,jihoan313@daum.net,010-4245-8412,서울시 강남구 논현동,31000000,15,2,국민은행,067011-78-468944,가입,61,,,,C,C,정보보안기사,953,해당,,,
EMP1582,문우혁,남,26,2001-02-27,010227-3106161,군필,2022-07-01,4,대졸,한국외국어대학교,2.9,추천,정규직,,,,두리안정보기술,서울 강남,개발부,인프라팀,1,사원,팀원,1,,,woohyukmoon865@daum.net,010-9145-7942,서울시 강남구 역삼동,36000000,21,13,농협은행,302-3608-9777-76,가입,81,,,B,A,B,정보보안기사,,해당,,,
EMP1583,홍혜린,여,29,1998-05-17,980517-2780941,해당없음,2026-04-03,0,고졸,,,추천,정규직,,,,두리안정보기술,경기 판교,개발부,백엔드팀,1,사원,팀원,1,,,honghyerin125@kakao.com,010-5625-9096,경기도 수원시 영통구 매탄동,30000000,15,13,농협은행,351-1090-2434-49,가입,75,,,,,,,507,비해당,,,
EMP1584,진서현,여,27,2000-12-18,001218-4990015,해당없음,2022-02-10,4,대졸,경희대학교,2.6,인턴전환,정규직,,,,두리안정보기술,서울 여의도,마케팅부,브랜드팀,1,사원,팀원,1,자발적퇴직,2026-04-14,jinseohyun209@gmail.com,010-1208-8040,서울시 은평구 불광동,35000000,22,7,토스뱅크,100-3664-8597,가입,87,,,A,B,B,,982,비해당,,,
EMP1585,장재민,남,28,1999-12-14,991214-1624973,미필,2025-02-10,1,대학원졸,한국외국어대학교,3.4,추천,계약직,,,,두리안정보기술,서울 여의도,기획부,사업기획팀,1,사원,팀원,1,계약만료,2026-05-16,jang.jaemin314@hanmail.net,010-5133-9193,서울시 은평구 불광동,33000000,28,12,하나은행,200-593317-2650,가입,74,,,,,,,765,비해당,팀워크상,,
EMP1586,남민호,남,26,2001-06-17,010617-3106167,군필,2025-03-26,1,대학원졸,고려대학교,3.3,추천,정규직,,,,두리안정보기술,경기 판교,개발부,AI팀,1,사원,팀원,1,,,namminho86@naver.com,010-4196-2443,경기도 성남시 분당구 정자동,30000000,5,15,하나은행,111-086712-4674,가입,63,,,,,,,,비해당,,경고,지각반복
EMP1587,서예린,여,26,2001-12-10,011210-4478953,해당없음,2024-03-27,2,대졸,경희대학교,2.6,추천,정규직,,,,두리안정보기술,경기 판교,인사부,교육팀,1,사원,팀원,1,,,seoyerin134@nate.com,010-6326-4793,경기도 성남시 분당구 정자동,31000000,20,5,기업은행,030-59-640165,가입,85,,,,,A,정보처리기사,913,해당,,,
EMP1588,천예은,여,26,2001-06-18,010618-4845285,해당없음,2022-03-24,4,대졸,인하대학교,3,추천,정규직,,,,두리안정보기술,서울 강남,개발부,프론트팀,1,사원,팀원,1,,,cheonyeeun979@daum.net,010-9998-5842,서울시 강남구 논현동,32000000,18,4,우리은행,1005-713-239004,가입,83,,,A,B,B,,,비해당,,,
EMP1589,허하은,여,26,2001-03-21,010321-4214105,해당없음,2026-02-16,0,대졸,인하대학교,3.3,공채,정규직,,,,두리안정보기술,서울 강남,인사부,교육팀,1,사원,팀원,1,,,heohaeun_321@kakao.com,010-3035-5740,서울시 송파구 문정동,32000000,26,7,기업은행,030-20-297021,가입,87,,,,,,,919,비해당,,,
EMP1590,장소연,여,26,2001-12-22,011222-4073717,해당없음,2024-01-18,2,대졸,연세대학교,2.7,공채,정규직,,,,두리안정보기술,서울 여의도,기획부,전략기획팀,1,사원,팀원,1,,,jangsoyeon248@nate.com,010-3078-8433,서울시 마포구 합정동,41000000,9,0,신한은행,180-962-259745,가입,89,,,,,A,리눅스마스터,,해당,,,
EMP1591,차소연,여,29,1998-01-03,980103-2287490,해당없음,2022-01-27,4,대졸,성균관대학교,3.2,경력,정규직,쿠팡,대리,프로젝트관리,두리안정보기술,서울 강남,개발부,인프라팀,1,사원,팀원,1,,,chasoyeon836@daum.net,010-5941-1926,서울시 강남구 논현동,36000000,22,7,신한은행,180-975-222337,가입,83,,,B,B,B,리눅스마스터,539,해당,,,
EMP1592,주재현,남,29,1998-03-10,980310-1664947,군필,2023-10-12,3,대졸,서강대학교,3.7,경력,계약직,현대자동차,과장,영업관리,두리안정보기술,서울 강남,인사부,교육팀,1,사원,팀원,1,,,joojaehyun_571@naver.com,010-1496-5097,서울시 서초구 방배동,31000000,5,8,토스뱅크,100-3614-1435,가입,73,,,,B,C,,953,비해당,,,
EMP1593,엄세준,남,24,2003-09-28,030928-3525929,군필,2025-04-10,1,대졸,한국외국어대학교,2.7,공채,계약직,,,,두리안정보기술,경기 판교,개발부,프론트팀,1,사원,팀원,1,,,um.sejun516@naver.com,010-3512-8652,경기도 성남시 분당구 정자동,35000000,18,0,국민은행,234837-15-527042,가입,85,,,,,,리눅스마스터,,해당,,,
EMP1594,원재현,남,29,1998-09-11,980911-1176347,군필,2023-06-07,3,대졸,홍익대학교,3.7,공채,계약직,,,,두리안정보기술,경기 판교,영업부,해외영업팀,1,사원,팀원,1,,,wonjaehyun518@nate.com,010-3989-8023,경기도 수원시 영통구 매탄동,35000000,21,8,농협은행,351-3026-8350-48,가입,83,,,,B,A,AWS Solutions Architect,,해당,,,
EMP1595,송지수,여,26,2001-03-16,010316-4717073,해당없음,2022-10-12,4,대학원졸,광운대학교,3.9,인턴전환,정규직,,,,두리안정보기술,경기 판교,마케팅부,디지털마케팅팀,1,사원,팀원,1,,,song.jisu354@naver.com,010-1190-7242,경기도 수원시 영통구 매탄동,34000000,7,2,우리은행,1006-699-852021,가입,66,,,C,C,B,,721,비해당,,,
EMP1596,최지수,여,27,2000-02-18,000218-4050030,해당없음,2025-07-18,1,고졸,,,인턴전환,정규직,,,,두리안정보기술,서울 강남,개발부,인프라팀,1,사원,팀원,1,,,choijisu_225@gmail.com,010-4495-9471,서울시 강남구 논현동,36000000,29,15,농협은행,351-8153-8384-36,가입,75,,,,,,,,비해당,,,
EMP1597,남성민,남,31,1996-06-12,960612-1552754,군필,2024-06-08,2,대학원졸,한양대학교,2.8,인턴전환,계약직,,,,두리안정보기술,서울 여의도,인사부,채용팀,1,사원,팀원,1,,,nam.sungmin492@daum.net,010-1238-8692,서울시 마포구 합정동,39600000,11,4,하나은행,111-388475-3866,가입,75,,,,,B,,,비해당,MVP,,
EMP1598,성하영,여,25,2002-02-01,020201-4454629,해당없음,2024-07-23,2,고졸,,,공채,계약직,,,,두리안정보기술,경기 판교,영업부,해외영업팀,1,사원,팀원,1,,,hayoungsung682@gmail.com,010-9823-2290,경기도 성남시 분당구 판교동,30000000,15,11,우리은행,1006-985-469106,가입,73,,,,,C,컴퓨터활용능력1급,543,해당,,,
EMP1599,정수진,여,27,2000-06-13,000613-4900204,해당없음,2026-06-08,0,전문대졸,인하공업전문대학,3.8,경력,계약직,카카오,대리,프로젝트관리,두리안정보기술,서울 강남,기획부,전략기획팀,1,사원,팀원,1,,,jungsujin_481@nate.com,010-1978-3242,서울시 송파구 문정동,41000000,10,13,하나은행,111-736548-7779,미가입,68,,,,,,정보처리기사,,해당,,,
EMP1600,우수빈,여,27,2000-04-02,000402-4933687,해당없음,2024-04-09,2,대졸,한양대학교,3.7,추천,정규직,,,,두리안정보기술,서울 강남,개발부,인프라팀,1,사원,팀원,1,,,woosubin_427@nate.com,010-8312-4714,서울시 송파구 문정동,37000000,11,7,기업은행,010-55-690927,가입,80,,,,,B,정보처리기사,,해당,,,
EMP1601,천태호,남,29,1998-12-07,981207-1110455,군필,2023-02-18,3,대졸,서강대학교,4,공채,계약직,,,,두리안정보기술,서울 강남,개발부,AI팀,1,사원,팀원,1,,,cheon.taeho456@gmail.com,010-1768-8018,서울시 서초구 방배동,38000000,21,11,신한은행,140-539-889346,가입,70,,,,B,B,,923,비해당,,,
EMP1602,서소희,여,31,1996-02-12,960212-2310271,해당없음,2024-03-23,2,대졸,이화여자대학교,3.4,경력,계약직,포스코,사원,데이터분석,두리안정보기술,서울 강남,기획부,전략기획팀,1,사원,팀원,1,,,seosohee_207@gmail.com,010-3805-7981,서울시 강남구 논현동,41000000,18,13,기업은행,020-57-192856,가입,90,,,,,A,,,비해당,,,
EMP1603,강나은,여,27,2000-09-01,000901-4857389,해당없음,2022-11-20,4,대졸,고려대학교,3.2,공채,정규직,,,,두리안정보기술,서울 강남,기획부,전략기획팀,1,사원,팀원,1,,,kangnaeun_900@naver.com,010-2119-2140,서울시 서초구 방배동,34000000,15,3,신한은행,110-078-464070,가입,69,,,C,C,C,,719,비해당,공로상,,
EMP1604,곽승준,남,30,1997-01-10,970110-1553344,군필,2024-07-06,2,전문대졸,경북전문대학교,2.6,경력,정규직,카카오,차장,데이터분석,두리안정보기술,경기 판교,개발부,프론트팀,1,사원,팀원,1,,,kwakseungjun626@gmail.com,010-8904-3050,경기도 수원시 영통구 매탄동,34000000,17,12,농협은행,351-5626-8153-89,가입,80,,,,,B,정보보안기사,,해당,,,
EMP1605,방수빈,여,31,1996-04-20,960420-2320817,해당없음,2025-05-25,1,대졸,세종대학교,2.9,인턴전환,정규직,,,,두리안정보기술,경기 판교,인사부,채용팀,1,사원,팀원,1,권고사직,2025-07-17,bang.subin621@naver.com,010-5997-9285,경기도 수원시 영통구 매탄동,36000000,11,4,토스뱅크,100-1289-3356,가입,91,,,,,,AWS Solutions Architect,641,해당,,,
EMP1606,김하영,여,25,2002-10-28,021028-4704367,해당없음,2023-10-20,3,대졸,국민대학교,3,경력,계약직,네이버,과장,인사관리,두리안정보기술,서울 여의도,영업부,국내영업팀,1,사원,팀원,1,,,kimhayoung937@nate.com,010-3891-4381,서울시 마포구 합정동,36000000,21,10,신한은행,180-966-756610,가입,71,,,,C,C,,692,비해당,,,
EMP1607,손도현,남,30,1997-03-07,970307-1385969,미필,2022-10-14,4,전문대졸,경북전문대학교,3.8,인턴전환,계약직,,,,두리안정보기술,서울 강남,개발부,AI팀,1,사원,팀원,1,,,sondohyun_334@hanmail.net,010-8349-3225,서울시 서초구 방배동,31000000,25,15,농협은행,351-2256-6582-73,가입,84,,,B,B,B,정보처리기사,,해당,,,
EMP1608,백성호,남,31,1996-06-23,960623-1033138,군필,2024-07-12,2,대졸,경희대학교,3.2,경력,정규직,네이버,대리,재무회계,두리안정보기술,경기 판교,영업부,해외영업팀,1,사원,팀원,1,,,baeksungho_398@daum.net,010-3301-4675,경기도 용인시 기흥구 영덕동,37000000,10,2,기업은행,020-43-102786,가입,93,,,,,A,빅데이터분석기사,656,해당,,,
EMP1609,방지수,여,29,1998-10-25,981025-2513747,해당없음,2017-07-01,0,대졸,경희대학교,3.1,공채,계약직,,,,두리안정보기술,서울 여의도,영업부,해외영업팀,1,사원,팀원,1,,,bang.jisu640@nate.com,010-3576-1457,서울시 마포구 합정동,35000000,17,15,기업은행,030-14-473947,가입,91,,,,,,,713,비해당,,,
EMP1610,곽정우,남,29,1998-05-15,980515-1960391,미필,2022-01-28,4,대졸,서울대학교,2.7,공채,정규직,,,,두리안정보기술,서울 여의도,기획부,사업기획팀,1,사원,팀원,1,,,kwakjungwoo_543@kakao.com,010-4549-3680,서울시 강서구 마곡동,31000000,21,5,기업은행,010-12-172715,가입,79,,,B,C,C,,,비해당,,,
EMP1611,윤예은,여,25,2002-12-20,021220-4204457,해당없음,2023-12-20,3,고졸,,,추천,정규직,,,,두리안정보기술,서울 강남,기획부,사업기획팀,1,사원,팀원,1,,,yoon.yeeun392@gmail.com,010-6087-2577,서울시 강남구 역삼동,41000000,21,10,농협은행,356-1723-1374-90,미가입,73,,,,C,B,리눅스마스터,552,해당,,,
EMP1612,엄준혁,남,27,2000-06-01,000601-3108560,군필,2025-01-26,1,대졸,성균관대학교,3,공채,계약직,,,,두리안정보기술,서울 여의도,영업부,국내영업팀,1,사원,팀원,1,권고사직,2025-03-15,junhyukum705@nate.com,010-5221-3428,서울시 마포구 합정동,35000000,19,9,신한은행,100-390-524930,가입,78,,,,,,,577,비해당,,,
EMP1613,지민재,남,28,1999-09-03,990903-1613972,군필,2024-11-04,0,대졸,동국대학교,2.6,인턴전환,정규직,,,,두리안정보기술,서울 여의도,영업부,국내영업팀,1,사원,팀원,1,,,minjaeji658@nate.com,010-8947-2984,서울시 마포구 합정동,35000000,16,11,국민은행,428899-63-648313,가입,83,,,,,,,,비해당,,정직,업무태만
EMP1614,구민재,남,25,2002-06-17,020617-3564344,군필,2025-08-17,1,대졸,한국외국어대학교,3.6,추천,정규직,,,,두리안정보기술,서울 여의도,기획부,전략기획팀,1,사원,팀원,1,,,koominjae_93@daum.net,010-1845-2156,서울시 은평구 불광동,38000000,18,4,국민은행,799048-53-030296,가입,82,,,,,,,,비해당,,,
EMP1615,주하은,여,26,2001-12-14,011214-4639431,해당없음,2025-03-07,1,대졸,서강대학교,3.6,추천,정규직,,,,두리안정보기술,서울 여의도,마케팅부,디지털마케팅팀,1,사원,팀원,1,,,joohaeun973@nate.com,010-1028-2344,서울시 마포구 합정동,36000000,20,2,신한은행,110-626-622241,가입,79,,,,,,정보보안기사,,해당,,,
EMP1616,지재현,남,26,2001-09-19,010919-3983782,군필,2025-02-27,1,전문대졸,영진전문대학교,3.2,경력,정규직,KT,사원,영업관리,두리안정보기술,경기 판교,기획부,전략기획팀,1,사원,팀원,1,,,ji.jaehyun221@nate.com,010-5331-8201,경기도 용인시 기흥구 영덕동,37000000,18,0,신한은행,140-919-520224,가입,78,,,,,,,909,비해당,,,
EMP1617,전지민,여,27,2000-03-10,000310-4973008,해당없음,2024-02-10,2,대졸,아주대학교,3.5,추천,정규직,,,,두리안정보기술,경기 판교,인사부,채용팀,1,사원,팀원,1,,,jeonjimin_598@kakao.com,010-1564-2754,경기도 성남시 분당구 판교동,32000000,20,8,토스뱅크,100-8399-7754,가입,78,,,,,B,정보보안기사,931,해당,,,
EMP1618,노소희,여,27,2000-05-08,000508-4524205,해당없음,2022-11-09,4,대학원졸,숙명여자대학교,3.4,공채,정규직,,,,두리안정보기술,경기 판교,마케팅부,브랜드팀,1,사원,팀원,1,권고사직,2024-12-27,nosohee272@nate.com,010-2061-4181,경기도 용인시 기흥구 영덕동,31000000,21,8,우리은행,1006-891-150284,가입,75,,,B,C,B,정보보안기사,800,해당,,,
EMP1619,배세연,여,27,2000-05-13,000513-4675162,해당없음,2024-05-18,2,대졸,한국외국어대학교,3.5,공채,정규직,,,,두리안정보기술,서울 여의도,인사부,채용팀,1,사원,팀원,1,,,bae.seyeon485@kakao.com,010-6254-8386,서울시 강서구 마곡동,30000000,23,7,농협은행,351-2116-5320-25,가입,78,,,,,B,,556,비해당,,,
EMP1620,우태양,남,28,1999-02-19,990219-1649561,군필,2021-03-03,0,고졸,,,추천,계약직,,,,두리안정보기술,서울 강남,마케팅부,브랜드팀,1,사원,팀원,1,정년퇴직,2021-09-18,wootae양_648@hanmail.net,010-8203-3044,서울시 강남구 역삼동,34000000,22,13,신한은행,100-741-511710,가입,81,,,,,,,,비해당,,,
EMP1621,신소연,여,24,2003-01-09,030109-4005259,해당없음,2023-01-03,3,대졸,서울대학교,2.5,경력,정규직,현대자동차,사원,영업관리,두리안정보기술,서울 여의도,영업부,국내영업팀,1,사원,팀원,1,,,shin.soyeon8@daum.net,010-8778-9953,서울시 용산구 이태원동,30000000,9,13,토스뱅크,100-5390-1956,미가입,74,,,,C,C,빅데이터분석기사,,해당,,,
EMP1622,조예린,여,24,2003-05-26,030526-4009818,해당없음,2023-03-24,3,대졸,세종대학교,3.1,인턴전환,정규직,,,,두리안정보기술,서울 강남,기획부,사업기획팀,1,사원,팀원,1,,,joyerin322@hanmail.net,010-1665-3511,서울시 송파구 문정동,34000000,28,13,하나은행,200-578084-1096,가입,76,,,,C,B,정보처리기사,696,해당,,,
EMP1623,류지현,여,29,1998-02-05,980205-2506828,해당없음,2020-06-29,0,대졸,연세대학교,3.9,경력,계약직,포스코,차장,마케팅기획,두리안정보기술,서울 강남,마케팅부,브랜드팀,1,사원,팀원,1,,,ryu.jihyun405@kakao.com,010-4094-2879,서울시 서초구 방배동,35000000,13,12,신한은행,110-796-639149,가입,61,,,,,,,767,비해당,,,
EMP1624,허소희,여,30,1997-10-22,971022-2608843,해당없음,2022-02-08,4,대졸,성균관대학교,2.7,추천,계약직,,,,두리안정보기술,경기 판교,기획부,전략기획팀,1,사원,팀원,1,,,heosohee855@daum.net,010-2869-3989,경기도 성남시 분당구 판교동,38000000,10,11,우리은행,1006-329-932569,가입,78,,,B,D,B,,,비해당,,,
EMP1625,김서현,여,27,2000-07-07,000707-4322047,해당없음,2024-08-07,2,대졸,서울대학교,3.1,인턴전환,계약직,,,,두리안정보기술,서울 강남,개발부,백엔드팀,1,사원,팀원,1,,,seohyunkim801@daum.net,010-2587-4952,서울시 송파구 문정동,38000000,20,0,우리은행,1002-475-824545,가입,82,,,,,B,리눅스마스터,608,해당,,,
EMP1626,차정우,남,27,2000-04-24,000424-3550775,미필,2023-02-15,3,대졸,광운대학교,2.7,경력,계약직,카카오,차장,인사관리,두리안정보기술,경기 판교,개발부,백엔드팀,1,사원,팀원,1,,,cha.jungwoo747@gmail.com,010-5095-8207,경기도 수원시 영통구 매탄동,33000000,12,10,신한은행,110-296-947148,가입,76,,,,B,C,SQLD,803,해당,,,
EMP1627,윤수빈,여,25,2002-02-03,020203-4626793,해당없음,2025-12-22,1,대졸,숙명여자대학교,3.6,경력,정규직,현대자동차,차장,프로젝트관리,두리안정보기술,서울 강남,개발부,인프라팀,1,사원,팀원,1,,,subinyoon716@nate.com,010-2209-1875,서울시 강남구 논현동,33000000,10,3,신한은행,140-494-145004,가입,72,,,,,,,974,비해당,MVP,,
EMP1628,나성호,남,31,1996-12-19,961219-1465024,군필,2022-11-11,4,고졸,,,공채,정규직,,,,두리안정보기술,서울 여의도,기획부,전략기획팀,1,사원,팀원,1,,,na.sungho635@nate.com,010-7412-3216,서울시 용산구 이태원동,33000000,23,11,농협은행,351-2134-9368-14,가입,76,,,B,B,B,컴퓨터활용능력1급,714,해당,,,
EMP1629,함예은,여,25,2002-07-22,020722-4415410,해당없음,2024-08-27,2,대졸,국민대학교,3,추천,정규직,,,,두리안정보기술,서울 여의도,개발부,백엔드팀,1,사원,팀원,1,,,hamyeeun_916@nate.com,010-5397-5271,서울시 강서구 마곡동,41000000,21,5,농협은행,302-0680-2552-98,가입,79,,,,,C,,762,비해당,,,
EMP1630,유민준,남,28,1999-07-18,990718-1810155,군필,2025-01-28,1,대학원졸,서강대학교,3.8,공채,정규직,,,,두리안정보기술,경기 판교,개발부,AI팀,1,사원,팀원,1,,,yoominjun_173@hanmail.net,010-5846-3822,경기도 성남시 분당구 판교동,37000000,10,7,신한은행,180-754-108292,가입,96,,,,,,,566,비해당,,,
EMP1631,유미래,여,24,2003-09-26,030926-4071410,해당없음,2025-01-26,1,전문대졸,영진전문대학교,2.6,인턴전환,정규직,,,,두리안정보기술,서울 강남,기획부,전략기획팀,1,사원,팀원,1,,,yoo.mirae107@kakao.com,010-4885-4618,서울시 송파구 문정동,30000000,15,11,카카오뱅크,333-52-9824857,가입,76,,,,,,,801,비해당,MVP,,
EMP1632,임우진,남,24,2003-09-08,030908-3631085,미필,2024-03-23,2,대졸,고려대학교,3.2,경력,정규직,네이버,과장,인사관리,두리안정보기술,서울 여의도,기획부,사업기획팀,1,사원,팀원,1,,,limwoojin_343@naver.com,010-9574-7137,서울시 은평구 불광동,30000000,23,12,우리은행,1002-073-795662,가입,86,,,,,B,,,비해당,,경고,업무태만
EMP1633,방미래,여,24,2003-04-02,030402-4547467,해당없음,2025-11-07,1,대졸,국민대학교,2.9,인턴전환,정규직,,,,두리안정보기술,경기 판교,개발부,인프라팀,1,사원,팀원,1,,,miraebang348@hanmail.net,010-4499-4667,경기도 용인시 기흥구 영덕동,35000000,28,1,신한은행,140-475-901108,가입,77,,,,,,,552,비해당,,,
EMP1634,최예은,여,28,1999-08-01,990801-2523286,해당없음,2023-03-16,3,대졸,인하대학교,2.8,공채,계약직,,,,두리안정보기술,서울 여의도,기획부,전략기획팀,1,사원,팀원,1,,,choiyeeun_479@hanmail.net,010-8384-2918,서울시 용산구 이태원동,38000000,9,11,토스뱅크,100-2411-6010,가입,78,,,,B,C,리눅스마스터,,해당,,,
EMP1635,류예린,여,24,2003-10-13,031013-4032639,해당없음,2023-11-26,3,대학원졸,세종대학교,3.3,경력,정규직,쿠팡,사원,백엔드개발,두리안정보기술,서울 강남,마케팅부,브랜드팀,1,사원,팀원,1,,,yerinryu998@nate.com,010-8258-9524,서울시 서초구 방배동,38000000,22,3,토스뱅크,100-8942-8626,가입,75,,,,C,B,,743,비해당,MVP,정직,지각반복
EMP1636,정동현,남,30,1997-05-05,970505-1216612,군필,2024-01-14,2,대졸,숙명여자대학교,2.8,공채,정규직,,,,두리안정보기술,서울 여의도,마케팅부,브랜드팀,1,사원,팀원,1,,,jung동hyun957@daum.net,010-9102-2260,서울시 용산구 이태원동,30000000,20,4,우리은행,1002-095-440788,가입,77,,,,,B,,502,비해당,,,
EMP1637,곽아름,여,28,1999-05-23,990523-2389354,해당없음,2022-09-18,4,전문대졸,경북전문대학교,3.9,공채,계약직,,,,두리안정보기술,경기 판교,개발부,인프라팀,1,사원,팀원,1,,,kwakareum_996@kakao.com,010-5796-4818,경기도 수원시 영통구 매탄동,37000000,13,13,하나은행,162-578919-7871,가입,92,,,A,A,A,,563,비해당,,,
EMP1638,홍지유,여,28,1999-02-13,990213-2122189,해당없음,2025-02-21,1,대학원졸,서울대학교,3.1,추천,정규직,,,,두리안정보기술,서울 여의도,기획부,전략기획팀,1,사원,팀원,1,,,jiyuhong132@gmail.com,010-5960-6354,서울시 마포구 합정동,33000000,19,3,농협은행,351-9115-9221-65,가입,70,,,,,,정보처리기사,,해당,,,
EMP1639,차수빈,여,29,1998-03-21,980321-2123748,해당없음,2023-08-21,3,전문대졸,경북전문대학교,2.8,인턴전환,정규직,,,,두리안정보기술,서울 여의도,영업부,해외영업팀,1,사원,팀원,1,,,subincha951@hanmail.net,010-4960-7768,서울시 마포구 합정동,35000000,15,4,국민은행,291790-93-153405,가입,76,,,,B,B,,,비해당,우수사원상,,
EMP1640,원하은,여,24,2003-04-02,030402-4984474,해당없음,2022-01-27,4,대졸,한양대학교,3.2,추천,계약직,,,,두리안정보기술,서울 강남,마케팅부,브랜드팀,1,사원,팀원,1,,,haeunwon400@nate.com,010-7835-8253,서울시 송파구 문정동,37000000,18,8,카카오뱅크,333-57-1092660,가입,88,,,A,B,A,정보보안기사,,해당,,,
EMP1641,최민재,남,28,1999-10-27,991027-1199555,군필,2023-02-23,3,대졸,인하대학교,3.4,추천,정규직,,,,두리안정보기술,서울 여의도,영업부,해외영업팀,1,사원,팀원,1,,,choiminjae_120@kakao.com,010-1162-3377,서울시 마포구 합정동,38000000,16,12,기업은행,030-51-884422,가입,75,,,,B,C,,845,비해당,,,
EMP1642,정하영,여,30,1997-12-23,971223-2220608,해당없음,2024-09-28,2,대졸,동국대학교,3.5,추천,계약직,,,,두리안정보기술,서울 강남,개발부,프론트팀,1,사원,팀원,1,,,jung.hayoung299@naver.com,010-9170-2693,서울시 서초구 방배동,34000000,18,7,농협은행,356-2446-2277-98,가입,80,,,,,B,정보처리기사,837,해당,MVP,,
EMP1643,원현우,남,30,1997-06-07,970607-1268036,군필,2022-06-27,4,대졸,국민대학교,3.5,인턴전환,계약직,,,,두리안정보기술,서울 여의도,인사부,채용팀,1,사원,팀원,1,,,hyunwoowon42@naver.com,010-6100-4661,서울시 은평구 불광동,30000000,22,15,우리은행,1006-813-451177,가입,76,,,B,B,B,AWS Solutions Architect,,해당,,정직,복무규정위반
EMP1644,권재원,남,31,1996-02-14,960214-1096243,군필,2024-03-02,2,대졸,부산대학교,3.3,공채,정규직,,,,두리안정보기술,서울 여의도,개발부,백엔드팀,1,사원,팀원,1,,,kwonjaewon97@naver.com,010-6975-3216,서울시 마포구 합정동,37000000,12,14,하나은행,200-946773-3750,가입,85,,,,,B,,786,비해당,,,
EMP1645,심수아,여,27,2000-11-27,001127-4959314,해당없음,2024-04-26,2,대학원졸,세종대학교,2.8,공채,계약직,,,,두리안정보기술,서울 여의도,영업부,해외영업팀,1,사원,팀원,1,,,shimsua_405@hanmail.net,010-6950-4480,서울시 은평구 불광동,37000000,19,5,카카오뱅크,333-46-5038976,가입,87,,,,,C,,866,비해당,,,
EMP1646,방민재,남,27,2000-12-18,001218-3737340,군필,2023-11-27,3,대학원졸,성균관대학교,2.6,경력,계약직,SK하이닉스,사원,마케팅기획,두리안정보기술,서울 강남,마케팅부,브랜드팀,1,사원,팀원,1,계약만료,2024-11-29,bangminjae_271@hanmail.net,010-1847-5321,서울시 강남구 역삼동,38000000,12,14,하나은행,111-810956-6804,가입,79,,,,C,B,,637,비해당,우수사원상,,
EMP1647,원지현,여,30,1997-08-05,970805-2892367,해당없음,2020-01-03,0,대졸,숙명여자대학교,3.2,공채,정규직,,,,두리안정보기술,서울 여의도,영업부,국내영업팀,1,사원,팀원,1,,,wonjihyun200@hanmail.net,010-1941-4157,서울시 은평구 불광동,32000000,20,4,신한은행,140-916-335091,가입,72,,,,,,컴퓨터활용능력1급,989,해당,,,
EMP1648,함현우,남,26,2001-09-14,010914-3058754,군필,2023-01-23,3,전문대졸,인하공업전문대학,2.6,추천,정규직,,,,두리안정보기술,경기 판교,인사부,채용팀,1,사원,팀원,1,,,ham.hyunwoo69@nate.com,010-1307-9627,경기도 성남시 분당구 정자동,37000000,6,2,토스뱅크,100-9904-9255,가입,95,,,,S,S,,,비해당,,,
EMP1649,공시우,남,29,1998-01-01,980101-1600643,군필,2018-02-17,0,전문대졸,경북전문대학교,3.3,인턴전환,정규직,,,,두리안정보기술,서울 강남,개발부,백엔드팀,1,사원,팀원,1,,,kong시woo789@gmail.com,010-6310-6268,서울시 서초구 방배동,31000000,16,0,국민은행,800118-65-320286,가입,62,,,,,,정보처리기사,886,해당,팀워크상,,
EMP1650,이지훈,남,28,1999-04-26,990426-1580737,군필,2025-05-18,1,대졸,동국대학교,3.7,인턴전환,계약직,,,,두리안정보기술,서울 여의도,마케팅부,디지털마케팅팀,1,사원,팀원,1,,,leeji훈115@kakao.com,010-9740-1984,서울시 마포구 합정동,36000000,16,15,토스뱅크,100-6854-6185,가입,63,,,,,,ADsP,,해당,공로상,,
EMP1651,천혜린,여,27,2000-05-02,000502-4453785,해당없음,2023-09-19,3,전문대졸,영진전문대학교,2.8,인턴전환,정규직,,,,두리안정보기술,서울 여의도,개발부,인프라팀,1,사원,팀원,1,,,cheon.hyerin22@nate.com,010-9130-7536,서울시 강서구 마곡동,32000000,12,0,하나은행,200-151518-6237,가입,83,,,,A,B,,,비해당,,감봉,업무태만
EMP1652,방지현,여,25,2002-05-19,020519-4133096,해당없음,2023-06-02,3,대학원졸,고려대학교,3.1,공채,계약직,,,,두리안정보기술,서울 강남,영업부,국내영업팀,1,사원,팀원,1,,,bang.jihyun930@kakao.com,010-8096-7173,서울시 강남구 역삼동,36000000,24,2,국민은행,782741-25-382314,가입,79,,,,C,B,,,비해당,,,
EMP1653,양소연,여,31,1996-04-05,960405-2005993,해당없음,2023-12-01,3,대학원졸,아주대학교,2.7,경력,정규직,롯데그룹,차장,영업관리,두리안정보기술,경기 판교,마케팅부,디지털마케팅팀,1,사원,팀원,1,,,yang.soyeon712@daum.net,010-7916-4352,경기도 성남시 분당구 정자동,36000000,15,1,농협은행,302-5098-5206-30,가입,82,,,,B,B,,811,비해당,,,
EMP1654,허서현,여,25,2002-02-27,020227-4115812,해당없음,2022-11-04,4,대학원졸,아주대학교,3.8,인턴전환,정규직,,,,두리안정보기술,서울 여의도,영업부,국내영업팀,1,사원,팀원,1,,,heoseohyun_288@daum.net,010-7693-7561,서울시 강서구 마곡동,32000000,8,12,국민은행,517636-12-428883,미가입,74,,,B,C,C,정보보안기사,618,해당,,,
EMP1655,차동현,남,25,2002-09-17,020917-3682793,군필,2025-10-20,1,대졸,이화여자대학교,3.4,인턴전환,정규직,,,,두리안정보기술,서울 여의도,인사부,채용팀,1,사원,팀원,1,,,cha.동hyun341@hanmail.net,010-9353-5742,서울시 용산구 이태원동,35000000,15,3,기업은행,020-83-132370,가입,66,,,,,,,,비해당,,,
EMP1656,윤도현,남,25,2002-04-01,020401-3947164,군필,2021-07-01,0,대졸,한양대학교,2.6,공채,정규직,,,,두리안정보기술,경기 판교,기획부,전략기획팀,1,사원,팀원,1,,,yoondohyun_963@naver.com,010-8337-5922,경기도 성남시 분당구 판교동,32000000,12,13,농협은행,302-3062-2418-40,가입,63,,,,,,,828,비해당,팀워크상,,
EMP1657,김소희,여,31,1996-05-23,960523-2531451,해당없음,2026-05-05,0,대졸,성균관대학교,3.3,추천,계약직,,,,두리안정보기술,서울 여의도,영업부,해외영업팀,1,사원,팀원,1,,,kimsohee136@nate.com,010-9303-9232,서울시 은평구 불광동,30000000,19,7,신한은행,140-091-583261,가입,85,,,,,,리눅스마스터,,해당,,,
EMP1658,한세준,남,31,1996-05-04,960504-1195591,군필,2023-09-17,3,대졸,서울대학교,3.4,공채,정규직,,,,두리안정보기술,경기 판교,영업부,국내영업팀,1,사원,팀원,1,,,han.sejun60@naver.com,010-9391-3570,경기도 성남시 분당구 판교동,40700000,15,13,농협은행,302-0034-7488-12,가입,77,,,,B,B,,,비해당,,,
EMP1659,오서연,여,28,1999-12-24,991224-2271190,해당없음,2018-04-05,0,대졸,세종대학교,2.5,공채,정규직,,,,두리안정보기술,경기 판교,영업부,국내영업팀,1,사원,팀원,1,,,oh.seoyeon820@naver.com,010-8390-3320,경기도 용인시 기흥구 영덕동,38000000,25,10,신한은행,180-937-440717,가입,84,,,,,,,820,비해당,,,
EMP1660,엄지유,여,25,2002-12-08,021208-4457386,해당없음,2025-04-02,1,대졸,동국대학교,3.7,인턴전환,계약직,,,,두리안정보기술,서울 여의도,마케팅부,디지털마케팅팀,1,사원,팀원,1,,,um.jiyu536@gmail.com,010-2577-3630,서울시 강서구 마곡동,37000000,19,7,카카오뱅크,333-13-9233288,가입,76,,,,,,,,비해당,,,
EMP1661,문지유,여,28,1999-11-10,991110-2675470,해당없음,2025-12-16,1,대졸,인하대학교,3.1,추천,정규직,,,,두리안정보기술,경기 판교,개발부,인프라팀,1,사원,팀원,1,,,moonjiyu948@kakao.com,010-8316-8963,경기도 성남시 분당구 판교동,36000000,25,3,하나은행,181-100160-5808,가입,85,,,,,,,,비해당,MVP,,
EMP1662,곽지호,남,24,2003-10-08,031008-3981416,군필,2024-01-07,2,대졸,부산대학교,2.9,추천,계약직,,,,두리안정보기술,서울 강남,영업부,해외영업팀,1,사원,팀원,1,,,kwakjiho982@daum.net,010-2894-2047,서울시 서초구 방배동,30000000,11,4,우리은행,1006-213-447314,가입,75,,,,,C,,649,비해당,우수사원상,,
EMP1663,지세준,남,28,1999-09-07,990907-1989055,군필,2023-04-04,3,대졸,세종대학교,3.5,추천,정규직,,,,두리안정보기술,서울 강남,기획부,사업기획팀,1,사원,팀원,1,,,sejunji51@kakao.com,010-1654-8782,서울시 강남구 역삼동,41800000,17,0,국민은행,232291-60-317400,가입,80,,,,B,B,AWS Solutions Architect,853,해당,,경고,업무태만
EMP1664,문예원,여,28,1999-03-20,990320-2858128,해당없음,2024-06-18,0,대졸,한국외국어대학교,2.9,공채,정규직,,,,두리안정보기술,서울 여의도,마케팅부,브랜드팀,1,사원,팀원,1,,,moonyewon687@gmail.com,010-5320-8080,서울시 강서구 마곡동,38000000,9,7,우리은행,1006-350-209626,가입,76,,,,,,정보처리기사,979,해당,,,
EMP1665,양하영,여,24,2003-12-16,031216-4813698,해당없음,2022-12-06,4,고졸,,,인턴전환,정규직,,,,두리안정보기술,경기 판교,마케팅부,브랜드팀,1,사원,팀원,1,계약만료,2024-08-09,yanghayoung_596@naver.com,010-6639-7537,경기도 성남시 분당구 정자동,36000000,17,4,우리은행,1002-941-759663,가입,82,,,B,B,B,,,비해당,,,
EMP1666,한민재,남,29,1998-06-24,980624-1031605,미필,2025-05-10,1,대학원졸,동국대학교,2.9,공채,정규직,,,,두리안정보기술,경기 판교,마케팅부,디지털마케팅팀,1,사원,팀원,1,,,minjaehan334@hanmail.net,010-6059-5144,경기도 수원시 영통구 매탄동,34000000,11,5,우리은행,1005-064-493102,가입,96,,,,,,,660,비해당,,,
EMP1667,문재원,남,27,2000-03-09,000309-3359644,군필,2026-05-20,0,전문대졸,영진전문대학교,2.8,추천,정규직,,,,두리안정보기술,경기 판교,인사부,교육팀,1,사원,팀원,1,,,jaewonmoon85@nate.com,010-8631-4627,경기도 수원시 영통구 매탄동,38000000,5,15,우리은행,1002-024-032105,미가입,78,,,,,,정보보안기사,,해당,,,
EMP1668,심준혁,남,31,1996-07-09,960709-1146227,군필,2025-05-06,1,대졸,경희대학교,3.8,인턴전환,정규직,,,,두리안정보기술,경기 판교,마케팅부,브랜드팀,1,사원,팀원,1,,,shimjunhyuk748@gmail.com,010-9585-1169,경기도 수원시 영통구 매탄동,35000000,14,0,농협은행,356-2816-4353-94,가입,74,,,,,,,550,비해당,,,
EMP1669,윤민재,남,29,1998-09-22,980922-1897962,군필,2023-09-26,3,대졸,경희대학교,3.4,인턴전환,정규직,,,,두리안정보기술,서울 여의도,개발부,AI팀,1,사원,팀원,1,,,yoon.minjae15@kakao.com,010-5291-1451,서울시 용산구 이태원동,34000000,16,10,신한은행,100-821-732949,가입,71,,,,D,D,리눅스마스터,949,해당,,,
EMP1670,안준혁,남,27,2000-12-26,001226-3424252,미필,2025-07-08,1,대졸,성균관대학교,3.2,인턴전환,계약직,,,,두리안정보기술,서울 강남,개발부,인프라팀,1,사원,팀원,1,,,anjunhyuk685@daum.net,010-3813-9461,서울시 송파구 문정동,34000000,12,0,하나은행,181-332926-7743,가입,60,,,,,,정보보안기사,823,해당,,,
EMP1671,원지수,여,28,1999-01-17,990117-2855542,해당없음,2024-02-19,2,대졸,한국외국어대학교,3.3,경력,정규직,롯데그룹,사원,영업관리,두리안정보기술,서울 강남,영업부,해외영업팀,1,사원,팀원,1,,,won.jisu725@kakao.com,010-4751-6237,서울시 서초구 방배동,36000000,18,7,하나은행,111-656047-9612,가입,68,,,,,D,정보처리기사,835,해당,,,
EMP1672,최건우,남,28,1999-01-17,990117-1927777,미필,2024-06-27,2,대학원졸,건국대학교,3.6,공채,계약직,,,,두리안정보기술,서울 강남,개발부,백엔드팀,1,사원,팀원,1,,,choi.gunwoo692@gmail.com,010-9745-3401,서울시 송파구 문정동,38000000,21,3,하나은행,181-284295-0324,가입,71,,,,,D,,560,비해당,,,
EMP1673,한지유,여,24,2003-10-20,031020-4672292,해당없음,2025-09-13,1,대졸,서울대학교,3.4,공채,정규직,,,,두리안정보기술,서울 여의도,영업부,해외영업팀,1,사원,팀원,1,,,jiyuhan282@nate.com,010-4612-1187,서울시 용산구 이태원동,33000000,10,6,카카오뱅크,333-23-8856175,가입,69,,,,,,ADsP,885,해당,팀워크상,,
EMP1674,안지영,여,29,1998-09-05,980905-2423997,해당없음,2024-09-23,2,대졸,성균관대학교,2.5,추천,계약직,,,,두리안정보기술,서울 강남,영업부,국내영업팀,1,사원,팀원,1,,,anjiyoung503@gmail.com,010-5696-7669,서울시 송파구 문정동,36000000,21,0,토스뱅크,100-7901-9625,가입,74,,,,,C,,,비해당,,,
EMP1675,배예은,여,25,2002-02-12,020212-4110813,해당없음,2025-08-18,1,대졸,고려대학교,3.6,추천,정규직,,,,두리안정보기술,서울 강남,개발부,인프라팀,1,사원,팀원,1,,,yeeunbae836@kakao.com,010-6758-2141,서울시 송파구 문정동,35000000,21,6,농협은행,302-6862-2855-07,가입,68,,,,,,,,비해당,,,
EMP1676,류민호,남,27,2000-07-25,000725-3370642,군필,2024-08-27,2,전문대졸,명지전문대학,3.4,추천,정규직,,,,두리안정보기술,경기 판교,기획부,전략기획팀,1,사원,팀원,1,,,minhoryu970@naver.com,010-8719-1985,경기도 수원시 영통구 매탄동,33000000,12,5,신한은행,180-034-472832,가입,75,,,,,B,리눅스마스터,,해당,,,
EMP1677,전성민,남,30,1997-02-25,970225-1612729,미필,2022-09-01,4,고졸,,,경력,정규직,현대자동차,대리,인사관리,두리안정보기술,경기 판교,영업부,국내영업팀,1,사원,팀원,1,,,jeonsungmin716@nate.com,010-1935-3242,경기도 성남시 분당구 정자동,37000000,19,7,하나은행,162-764198-5445,가입,82,,,B,C,C,,953,비해당,팀워크상,,
EMP1678,현지영,여,31,1996-02-01,960201-2871642,해당없음,2025-06-09,1,대학원졸,성균관대학교,3.6,추천,정규직,,,,두리안정보기술,경기 판교,기획부,전략기획팀,1,사원,팀원,1,,,hyunjiyoung583@gmail.com,010-8066-6323,경기도 성남시 분당구 판교동,36000000,25,0,기업은행,020-89-578291,가입,87,,,,,,,688,비해당,공로상,,
EMP1679,차지민,여,27,2000-04-09,000409-4225238,해당없음,2023-08-05,3,대졸,서강대학교,2.7,공채,계약직,,,,두리안정보기술,서울 강남,기획부,전략기획팀,1,사원,팀원,1,,,chajimin_478@daum.net,010-6817-9683,서울시 서초구 방배동,30000000,10,1,국민은행,587194-83-500674,가입,74,,,,B,C,,810,비해당,,,
EMP1680,조미래,여,28,1999-09-07,990907-2729730,해당없음,2024-04-10,2,대졸,중앙대학교,3.9,경력,정규직,LG전자,사원,프론트엔드개발,두리안정보기술,서울 여의도,개발부,백엔드팀,1,사원,팀원,1,,,jomirae_929@kakao.com,010-4331-5581,서울시 용산구 이태원동,30000000,20,9,우리은행,1002-084-552668,가입,79,,,,,B,,663,비해당,,,
EMP1681,현지유,여,27,2000-05-28,000528-4787845,해당없음,2026-05-04,0,대졸,고려대학교,2.7,경력,계약직,쿠팡,차장,인사관리,두리안정보기술,서울 강남,영업부,국내영업팀,1,사원,팀원,1,,,hyun.jiyu258@nate.com,010-3224-5176,서울시 강남구 역삼동,37000000,15,10,농협은행,302-4977-3094-96,가입,78,,,,,,리눅스마스터,,해당,,,
EMP1682,전준혁,남,25,2002-05-14,020514-3024557,면제,2023-06-14,0,대졸,서강대학교,2.8,경력,계약직,네이버,대리,데이터분석,두리안정보기술,서울 여의도,개발부,인프라팀,1,사원,팀원,1,권고사직,2025-03-21,junhyukjeon566@nate.com,010-2243-7916,서울시 마포구 합정동,32000000,21,13,신한은행,180-663-142222,가입,86,,,,,,,875,비해당,,,
EMP1683,원미래,여,29,1998-08-05,980805-2532633,해당없음,2023-08-07,3,대졸,세종대학교,3.9,공채,정규직,,,,두리안정보기술,경기 판교,마케팅부,디지털마케팅팀,1,사원,팀원,1,,,miraewon393@kakao.com,010-3071-4972,경기도 용인시 기흥구 영덕동,36000000,12,8,카카오뱅크,333-68-6954657,가입,79,,,,D,C,AWS Solutions Architect,636,해당,,,
EMP1684,송지현,여,24,2003-06-22,030622-4361161,해당없음,2026-02-22,0,대졸,경희대학교,3.7,인턴전환,계약직,,,,두리안정보기술,서울 강남,개발부,인프라팀,1,사원,팀원,1,,,song.jihyun864@nate.com,010-9724-6732,서울시 강남구 논현동,37400000,10,10,카카오뱅크,333-04-5756463,가입,63,,,,,,,760,비해당,,,
EMP1685,서재현,남,29,1998-03-02,980302-1249445,군필,2026-05-07,0,대졸,인하대학교,3.4,공채,정규직,,,,두리안정보기술,서울 여의도,개발부,프론트팀,1,사원,팀원,1,,,seo.jaehyun530@gmail.com,010-7418-3753,서울시 마포구 합정동,34000000,11,5,국민은행,050554-55-742314,가입,73,,,,,,정보처리기사,,해당,,,
EMP1686,우서연,여,28,1999-04-12,990412-2023362,해당없음,2024-08-08,2,대학원졸,동국대학교,3.5,인턴전환,정규직,,,,두리안정보기술,서울 여의도,기획부,사업기획팀,1,사원,팀원,1,정년퇴직,2025-07-27,seoyeonwoo696@daum.net,010-4253-3099,서울시 은평구 불광동,35000000,16,14,신한은행,110-935-664871,가입,89,,,,,A,SQLD,,해당,,정직,복무규정위반
EMP1687,송우진,남,27,2000-05-22,000522-3521691,군필,2024-12-19,2,대졸,숙명여자대학교,3.2,경력,정규직,롯데그룹,차장,인사관리,두리안정보기술,서울 여의도,인사부,채용팀,1,사원,팀원,1,,,songwoojin250@nate.com,010-7014-5237,서울시 은평구 불광동,34000000,12,7,기업은행,010-46-786691,가입,60,,,,,D,,,비해당,팀워크상,,
EMP1688,노도현,남,29,1998-09-28,980928-1032341,면제,2023-10-05,3,대졸,서강대학교,3.9,추천,계약직,,,,두리안정보기술,경기 판교,영업부,국내영업팀,1,사원,팀원,1,,,no.dohyun574@daum.net,010-5495-8072,경기도 성남시 분당구 판교동,41000000,21,7,우리은행,1006-760-689255,미가입,81,,,,A,B,정보처리기사,534,해당,,,
EMP1689,남세연,여,30,1997-12-24,971224-2842221,해당없음,2026-05-28,0,대졸,연세대학교,3.9,추천,정규직,,,,두리안정보기술,서울 강남,인사부,교육팀,1,사원,팀원,1,,,namseyeon195@daum.net,010-5165-6209,서울시 서초구 방배동,37000000,15,10,토스뱅크,100-5158-9477,가입,88,,,,,,리눅스마스터,674,해당,,,
EMP1690,홍나은,여,25,2002-05-25,020525-4640133,해당없음,2024-03-01,2,대졸,아주대학교,2.8,추천,계약직,,,,두리안정보기술,서울 강남,기획부,전략기획팀,1,사원,팀원,1,,,hong.naeun270@gmail.com,010-1254-4874,서울시 서초구 방배동,36000000,17,6,토스뱅크,100-1522-5641,가입,79,,,,,C,정보처리기사,,해당,,,
EMP1691,권지영,여,29,1998-09-21,980921-2560685,해당없음,2025-06-03,1,대학원졸,인하대학교,3.8,인턴전환,정규직,,,,두리안정보기술,경기 판교,마케팅부,브랜드팀,1,사원,팀원,1,,,kwon.jiyoung776@kakao.com,010-9776-2017,경기도 성남시 분당구 판교동,38000000,21,2,우리은행,1006-420-213293,가입,74,,,,,,,553,비해당,,,
EMP1692,한지수,여,31,1996-12-10,961210-2228679,해당없음,2024-02-05,2,대졸,경희대학교,3.1,공채,계약직,,,,두리안정보기술,서울 강남,마케팅부,브랜드팀,1,사원,팀원,1,,,hanjisu_722@kakao.com,010-3771-3184,서울시 송파구 문정동,30000000,20,12,토스뱅크,100-0341-4361,가입,74,,,,,D,,,비해당,,,
EMP1693,주하은,여,24,2003-05-22,030522-4307783,해당없음,2025-09-17,1,대졸,이화여자대학교,3.7,인턴전환,계약직,,,,두리안정보기술,서울 여의도,기획부,전략기획팀,1,사원,팀원,1,권고사직,2026-01-31,joohaeun431@gmail.com,010-6282-7314,서울시 강서구 마곡동,40000000,22,1,국민은행,391583-92-160144,가입,69,,,,,,ADsP,974,해당,,,
EMP1694,한현우,남,26,2001-05-27,010527-3255922,군필,2024-02-09,2,대학원졸,중앙대학교,2.7,추천,정규직,,,,두리안정보기술,서울 여의도,개발부,AI팀,1,사원,팀원,1,,,hyunwoohan443@hanmail.net,010-7425-5347,서울시 강서구 마곡동,34000000,10,9,하나은행,111-635904-9919,가입,89,,,,,A,ADsP,,해당,,,
EMP1695,정아름,여,28,1999-06-19,990619-2183059,해당없음,2020-03-18,0,대졸,경희대학교,3,인턴전환,정규직,,,,두리안정보기술,경기 판교,기획부,사업기획팀,1,사원,팀원,1,정년퇴직,2024-09-20,areumjung976@nate.com,010-4243-1006,경기도 수원시 영통구 매탄동,36000000,30,8,농협은행,301-0254-3892-91,가입,79,,,,,,,,비해당,,,
EMP1696,유아름,여,32,1995-09-26,950926-2663617,해당없음,2021-07-10,5,대졸,한양대학교,3.6,추천,정규직,,,,두리안정보기술,서울 강남,기획부,전략기획팀,1,대리,팀원,1,,,yoo.areum556@nate.com,010-2132-3070,서울시 송파구 문정동,46000000,20,1,카카오뱅크,333-97-5344565,가입,68,,C,C,C,B,,595,비해당,,,
EMP1697,류준혁,남,35,1992-08-18,920818-1655372,면제,2020-04-02,6,전문대졸,영진전문대학교,2.9,경력,정규직,포스코,과장,데이터분석,두리안정보기술,서울 강남,개발부,AI팀,1,대리,팀원,1,,,junhyukryu47@kakao.com,010-3569-2386,서울시 강남구 논현동,51700000,18,13,농협은행,351-2495-6692-09,가입,77,B,D,C,C,B,,,비해당,,,
EMP1698,안채원,여,32,1995-04-06,950406-2357940,해당없음,2020-02-26,6,대졸,숙명여자대학교,2.7,공채,계약직,,,,두리안정보기술,서울 강남,개발부,프론트팀,1,대리,팀원,1,,,anchaewon_320@daum.net,010-9678-1582,서울시 서초구 방배동,39600000,8,13,농협은행,302-0433-2319-05,가입,65,C,C,C,C,D,SQLD,726,해당,우수사원상,,
EMP1699,허지현,여,27,2000-06-08,000608-4433811,해당없음,2024-12-20,2,대졸,부산대학교,3.9,경력,정규직,포스코,대리,백엔드개발,두리안정보기술,서울 강남,마케팅부,브랜드팀,1,대리,팀원,1,,,heo.jihyun347@naver.com,010-5285-2701,서울시 강남구 논현동,40000000,22,13,토스뱅크,100-1335-5402,가입,68,,,,,B,컴퓨터활용능력1급,624,해당,공로상,,
EMP1700,곽채원,여,33,1994-03-09,940309-2815353,해당없음,2024-02-20,2,대졸,숙명여자대학교,2.7,추천,정규직,,,,두리안정보기술,서울 여의도,개발부,백엔드팀,1,대리,팀원,1,,,kwakchaewon113@nate.com,010-3666-8021,서울시 용산구 이태원동,40000000,20,6,기업은행,010-51-778528,가입,83,,,,,B,정보처리기사,,해당,,,
EMP1701,함지수,여,28,1999-02-15,990215-2481904,해당없음,2020-09-24,6,대졸,이화여자대학교,3.7,추천,정규직,,,,두리안정보기술,서울 여의도,개발부,프론트팀,1,대리,팀원,1,정년퇴직,2025-01-22,jisuham831@naver.com,010-3144-9298,서울시 마포구 합정동,47000000,6,13,신한은행,100-426-639607,미가입,73,B,B,C,B,C,,,비해당,팀워크상,,
EMP1702,문민재,남,31,1996-07-22,960722-1174538,군필,2023-10-19,3,대졸,고려대학교,3.9,경력,계약직,LG전자,과장,마케팅기획,두리안정보기술,서울 여의도,기획부,사업기획팀,1,대리,팀원,1,,,minjaemoon217@daum.net,010-9532-4362,서울시 용산구 이태원동,44000000,16,8,우리은행,1006-834-116062,가입,68,,,,C,C,,,비해당,,감봉,업무태만
EMP1703,이정우,남,31,1996-06-22,960622-1769384,군필,2019-04-01,7,전문대졸,영진전문대학교,2.9,추천,정규직,,,,두리안정보기술,서울 여의도,기획부,사업기획팀,1,대리,팀원,1,,,jungwoolee369@nate.com,010-3938-3997,서울시 은평구 불광동,40000000,21,7,국민은행,946758-40-735336,가입,83,C,B,B,A,B,컴퓨터활용능력1급,,해당,,경고,지각반복
EMP1704,장태양,남,34,1993-03-04,930304-1424362,군필,2023-04-13,3,대학원졸,아주대학교,3,추천,정규직,,,,두리안정보기술,서울 강남,영업부,해외영업팀,1,대리,팀원,1,,,jangtae양_375@daum.net,010-2918-6808,서울시 송파구 문정동,38000000,14,10,카카오뱅크,333-41-0766517,가입,74,,,,B,C,빅데이터분석기사,,해당,,,
EMP1705,차건우,남,35,1992-06-03,920603-1975667,군필,2024-11-12,2,대졸,연세대학교,3.8,추천,정규직,,,,두리안정보기술,경기 판교,인사부,채용팀,1,대리,팀원,1,,,chagunwoo_851@nate.com,010-7517-1022,경기도 성남시 분당구 정자동,44000000,21,4,우리은행,1002-651-574696,가입,82,,,,,B,,528,비해당,,,
EMP1706,방예린,여,34,1993-03-11,930311-2655625,해당없음,2022-04-18,4,대졸,홍익대학교,3,인턴전환,정규직,,,,두리안정보기술,서울 강남,기획부,사업기획팀,1,대리,팀원,1,,,yerinbang361@kakao.com,010-3250-3640,서울시 강남구 역삼동,47000000,25,0,하나은행,162-061550-1507,가입,85,,,B,B,B,,,비해당,,,
EMP1707,지소희,여,34,1993-06-01,930601-2174971,해당없음,2023-02-25,3,고졸,,,경력,정규직,포스코,차장,데이터분석,두리안정보기술,서울 강남,기획부,사업기획팀,1,대리,팀원,1,,,jisohee950@hanmail.net,010-5797-6946,서울시 강남구 역삼동,49000000,19,7,카카오뱅크,333-81-9384916,가입,78,,,,B,B,SQLD,,해당,팀워크상,,
EMP1708,허준혁,남,28,1999-05-06,990506-1772299,군필,2022-06-16,4,대졸,홍익대학교,3.4,경력,정규직,네이버,과장,프론트엔드개발,두리안정보기술,서울 강남,인사부,채용팀,1,대리,팀원,1,,,heo.junhyuk951@gmail.com,010-5497-4875,서울시 송파구 문정동,38000000,17,9,국민은행,885086-69-565449,가입,72,,,B,C,C,,989,비해당,,,
EMP1709,임지호,남,31,1996-12-26,961226-1141428,미필,2024-06-12,2,대졸,한양대학교,3,추천,정규직,,,,두리안정보기술,경기 판교,개발부,백엔드팀,1,대리,팀원,1,,,jiholim860@daum.net,010-8646-8525,경기도 수원시 영통구 매탄동,48000000,25,8,우리은행,1006-449-642925,가입,76,,,,,B,정보처리기사,916,해당,,감봉,업무태만
EMP1710,고수빈,여,30,1997-05-18,970518-2960244,해당없음,2021-11-21,5,전문대졸,인하공업전문대학,3.1,인턴전환,정규직,,,,두리안정보기술,경기 판교,마케팅부,디지털마케팅팀,1,대리,팀원,1,,,kosubin_730@naver.com,010-2437-4066,경기도 수원시 영통구 매탄동,39000000,7,5,국민은행,738289-06-445274,가입,77,,C,C,B,C,,895,비해당,,,
EMP1711,문지민,여,31,1996-11-28,961128-2419140,해당없음,2021-05-28,5,대학원졸,한국외국어대학교,3.7,공채,정규직,,,,두리안정보기술,경기 판교,기획부,사업기획팀,1,대리,팀원,1,정년퇴직,2023-05-09,moonjimin_959@naver.com,010-9240-6303,경기도 수원시 영통구 매탄동,38000000,20,5,국민은행,139474-14-805232,가입,69,,C,C,B,C,리눅스마스터,,해당,,,
EMP1712,지아름,여,31,1996-05-08,960508-2325259,해당없음,2018-06-07,8,고졸,,,공채,정규직,,,,두리안정보기술,서울 여의도,마케팅부,브랜드팀,1,대리,팀원,1,,,areumji515@naver.com,010-4719-5925,서울시 용산구 이태원동,45000000,9,0,카카오뱅크,333-16-9549886,미가입,73,C,C,D,B,B,,,비해당,,,
EMP1713,지동현,남,31,1996-12-09,961209-1902147,군필,2024-05-26,2,대졸,국민대학교,3.8,인턴전환,정규직,,,,두리안정보기술,서울 여의도,기획부,전략기획팀,1,대리,팀원,1,,,ji동hyun376@hanmail.net,010-9560-8259,서울시 마포구 합정동,43000000,13,0,기업은행,030-92-268018,가입,85,,,,,A,,887,비해당,공로상,,
EMP1714,하나은,여,28,1999-11-20,991120-2224933,해당없음,2023-03-21,3,대졸,광운대학교,3.1,경력,정규직,SK하이닉스,과장,인사관리,두리안정보기술,서울 강남,기획부,전략기획팀,1,대리,팀원,1,,,naeunha825@nate.com,010-8789-7394,서울시 강남구 논현동,38000000,10,9,하나은행,181-017521-7991,가입,71,,,,D,C,ADsP,,해당,,,
EMP1715,공민재,남,30,1997-03-09,970309-1339063,군필,2020-12-13,6,전문대졸,경북전문대학교,3.3,공채,정규직,,,,두리안정보기술,서울 강남,기획부,사업기획팀,1,대리,팀원,1,,,kongminjae_103@daum.net,010-1914-3421,서울시 송파구 문정동,48000000,16,0,신한은행,180-126-348214,가입,81,B,A,B,B,B,정보보안기사,,해당,,,
EMP1716,함혜린,여,32,1995-10-10,951010-2584543,해당없음,2021-05-18,5,고졸,,,공채,정규직,,,,두리안정보기술,서울 강남,기획부,전략기획팀,1,대리,팀원,1,,,hamhyerin103@nate.com,010-3646-4004,서울시 서초구 방배동,38000000,15,5,농협은행,301-0073-2013-04,가입,60,,C,D,D,C,정보보안기사,651,해당,MVP,,
EMP1717,원성민,남,35,1992-04-08,920408-1916091,군필,2023-10-16,3,대졸,서울대학교,3.1,추천,정규직,,,,두리안정보기술,경기 판교,인사부,교육팀,1,대리,팀원,1,,,sungminwon678@hanmail.net,010-3394-1133,경기도 수원시 영통구 매탄동,40000000,15,4,국민은행,670917-55-638430,가입,86,,,,A,B,,919,비해당,,,
EMP1718,황예원,여,33,1994-07-07,940707-2694753,해당없음,2023-08-06,3,고졸,,,인턴전환,정규직,,,,두리안정보기술,서울 강남,영업부,해외영업팀,1,대리,팀원,1,권고사직,2026-02-09,hwangyewon795@gmail.com,010-2159-6541,서울시 강남구 논현동,48000000,12,0,카카오뱅크,333-13-6423309,가입,73,,,,B,C,,,비해당,,,
EMP1719,안지현,여,34,1993-12-22,931222-2625871,해당없음,2023-10-03,3,대졸,숙명여자대학교,3,경력,정규직,롯데그룹,사원,재무회계,두리안정보기술,경기 판교,기획부,전략기획팀,1,대리,팀원,1,,,anjihyun_805@hanmail.net,010-4639-9820,경기도 수원시 영통구 매탄동,52000000,20,8,신한은행,110-727-710063,미가입,86,,,,B,B,,920,비해당,팀워크상,,
EMP1720,백승준,남,35,1992-11-02,921102-1422789,군필,2021-09-09,5,대졸,한양대학교,3,공채,정규직,,,,두리안정보기술,경기 판교,마케팅부,디지털마케팅팀,1,대리,팀원,1,,,seungjunbaek419@gmail.com,010-4690-5225,경기도 성남시 분당구 정자동,50000000,17,13,국민은행,542012-92-256068,가입,90,,A,B,A,A,,501,비해당,우수사원상,,
EMP1721,류재원,남,27,2000-11-17,001117-3903096,군필,2021-12-28,5,대졸,광운대학교,4,공채,정규직,,,,두리안정보기술,경기 판교,인사부,교육팀,1,대리,팀원,1,,,ryujaewon_791@hanmail.net,010-7500-7184,경기도 성남시 분당구 판교동,39000000,7,8,우리은행,1002-223-664182,가입,70,,B,C,C,C,,507,비해당,,정직,업무태만
EMP1722,신소연,여,28,1999-11-01,991101-2805589,해당없음,2018-06-11,8,대졸,서울대학교,3.5,공채,정규직,,,,두리안정보기술,서울 여의도,인사부,채용팀,1,대리,팀원,1,,,shinsoyeon_477@daum.net,010-8759-1757,서울시 마포구 합정동,45000000,14,9,농협은행,356-9627-7766-13,가입,79,B,B,B,B,C,,725,비해당,,,
EMP1723,정태호,남,31,1996-05-24,960524-1947297,면제,2020-10-22,6,대졸,숙명여자대학교,2.8,추천,계약직,,,,두리안정보기술,서울 강남,마케팅부,디지털마케팅팀,1,대리,팀원,1,,,jungtaeho_696@daum.net,010-3302-6989,서울시 강남구 논현동,40000000,14,10,우리은행,1002-754-980934,가입,82,A,B,B,B,C,ADsP,,해당,,,
EMP1724,배현우,남,29,1998-07-26,980726-1033635,군필,2023-05-14,3,대졸,서울대학교,2.8,인턴전환,정규직,,,,두리안정보기술,서울 여의도,영업부,국내영업팀,1,대리,팀원,1,,,baehyunwoo688@gmail.com,010-7005-6727,서울시 용산구 이태원동,43000000,10,3,국민은행,745451-72-657877,가입,73,,,,B,B,,580,비해당,우수사원상,,
EMP1725,최준혁,남,33,1994-11-09,941109-1432214,군필,2024-06-15,2,대졸,서강대학교,3.2,공채,정규직,,,,두리안정보기술,서울 여의도,기획부,사업기획팀,1,대리,팀원,1,,,choijunhyuk455@kakao.com,010-4732-3633,서울시 은평구 불광동,44000000,8,6,기업은행,010-42-253584,가입,71,,,,,C,,,비해당,,,
EMP1726,주나은,여,29,1998-01-12,980112-2639859,해당없음,2022-08-12,4,대학원졸,한국외국어대학교,3.8,추천,정규직,,,,두리안정보기술,서울 강남,기획부,전략기획팀,1,대리,팀원,1,,,joo.naeun931@hanmail.net,010-7714-6736,서울시 송파구 문정동,45000000,5,6,농협은행,351-7416-4781-45,가입,65,,,C,B,C,컴퓨터활용능력1급,861,해당,,,
EMP1727,김서현,여,34,1993-06-21,930621-2839453,해당없음,2022-11-11,4,대학원졸,동국대학교,3.8,인턴전환,정규직,,,,두리안정보기술,서울 강남,영업부,해외영업팀,1,대리,팀원,1,자발적퇴직,2023-02-08,kimseohyun_659@nate.com,010-1245-8141,서울시 서초구 방배동,45000000,15,1,토스뱅크,100-2298-4802,가입,68,,,B,D,C,,578,비해당,,,
EMP1728,류성호,남,36,1991-08-08,910808-1163247,미필,2020-03-28,6,전문대졸,영진전문대학교,3.4,인턴전환,정규직,,,,두리안정보기술,서울 여의도,영업부,국내영업팀,1,대리,팀원,1,정년퇴직,2025-07-20,ryusungho330@kakao.com,010-2017-1190,서울시 은평구 불광동,43000000,15,15,우리은행,1006-200-040453,가입,75,D,B,B,B,C,,,비해당,,,
EMP1729,김성호,남,32,1995-12-16,951216-1048651,군필,2021-04-16,5,전문대졸,경북전문대학교,2.6,인턴전환,정규직,,,,두리안정보기술,서울 강남,개발부,프론트팀,1,대리,팀원,1,,,kimsungho616@naver.com,010-6651-3508,서울시 서초구 방배동,43000000,14,0,토스뱅크,100-0814-7083,가입,72,,B,B,B,B,,,비해당,,,
EMP1730,이승준,남,34,1993-03-07,930307-1153735,군필,2018-09-14,8,대졸,한양대학교,3.2,경력,정규직,쿠팡,차장,마케팅기획,두리안정보기술,경기 판교,기획부,사업기획팀,1,대리,팀원,1,,,leeseungjun127@naver.com,010-3158-7214,경기도 성남시 분당구 판교동,42000000,10,10,국민은행,063176-96-437721,가입,83,B,B,B,B,A,,514,비해당,,,
EMP1731,최성민,남,28,1999-10-23,991023-1418680,군필,2020-05-20,6,대학원졸,광운대학교,3.2,공채,정규직,,,,두리안정보기술,경기 판교,마케팅부,디지털마케팅팀,1,대리,팀원,1,,,choisungmin279@kakao.com,010-2350-5108,경기도 용인시 기흥구 영덕동,48000000,11,3,기업은행,010-43-842498,가입,81,C,B,A,B,B,,,비해당,,,
EMP1732,고수빈,여,34,1993-10-13,931013-2679759,해당없음,2021-08-08,5,대학원졸,서강대학교,3.2,인턴전환,정규직,,,,두리안정보기술,서울 강남,기획부,사업기획팀,1,대리,팀원,1,계약만료,2025-09-11,kosubin_245@kakao.com,010-8752-4136,서울시 송파구 문정동,41000000,15,4,하나은행,111-166362-9756,가입,76,,B,B,B,B,,,비해당,MVP,,
EMP1733,송지유,여,35,1992-10-09,921009-2882971,해당없음,2019-10-03,7,대졸,서울대학교,3.9,공채,정규직,,,,두리안정보기술,서울 여의도,영업부,국내영업팀,1,대리,팀원,1,,,jiyusong453@hanmail.net,010-2458-7019,서울시 용산구 이태원동,38000000,10,13,하나은행,111-866265-1278,가입,63,C,D,D,D,C,,957,비해당,,,
EMP1734,민성민,남,33,1994-06-09,940609-1687371,군필,2020-02-09,6,대졸,건국대학교,2.9,경력,계약직,카카오,대리,프론트엔드개발,두리안정보기술,서울 강남,기획부,사업기획팀,1,대리,팀원,1,,,minsungmin198@nate.com,010-4665-5254,서울시 서초구 방배동,42000000,13,13,국민은행,721204-27-180141,가입,83,B,B,B,B,B,,,비해당,,,
EMP1735,구도현,남,29,1998-09-27,980927-1311746,군필,2019-04-26,7,대졸,고려대학교,3.6,추천,정규직,,,,두리안정보기술,서울 강남,영업부,국내영업팀,1,대리,팀원,1,,,koodohyun622@gmail.com,010-4471-9622,서울시 서초구 방배동,42000000,10,13,농협은행,351-1533-8593-83,가입,74,B,B,B,D,B,,,비해당,,,
EMP1736,나예원,여,36,1991-10-01,911001-2281047,해당없음,2023-04-25,3,대졸,동국대학교,3.4,경력,정규직,LG전자,과장,영업관리,두리안정보기술,서울 강남,개발부,백엔드팀,1,대리,팀원,1,,,nayewon893@gmail.com,010-2201-9825,서울시 송파구 문정동,42000000,23,11,카카오뱅크,333-77-8294622,가입,82,,,,A,B,,795,비해당,,,
EMP1737,노하영,여,34,1993-09-27,930927-2434588,해당없음,2019-03-11,7,대학원졸,숙명여자대학교,2.9,경력,정규직,네이버,차장,마케팅기획,두리안정보기술,경기 판교,개발부,AI팀,1,대리,팀원,1,,,nohayoung222@naver.com,010-1947-2090,경기도 수원시 영통구 매탄동,48000000,23,10,국민은행,526568-43-512299,가입,89,A,A,A,A,A,,,비해당,,,
EMP1738,성동현,남,36,1991-10-23,911023-1866343,군필,2021-07-12,5,대졸,연세대학교,3.4,공채,계약직,,,,두리안정보기술,경기 판교,인사부,채용팀,1,대리,팀원,1,,,sung동hyun595@daum.net,010-1017-8073,경기도 수원시 영통구 매탄동,42000000,13,10,국민은행,201762-93-067972,가입,68,,C,C,C,B,빅데이터분석기사,,해당,,,
EMP1739,황승준,남,28,1999-02-13,990213-1075385,면제,2020-08-16,6,대졸,고려대학교,3.7,인턴전환,정규직,,,,두리안정보기술,서울 여의도,마케팅부,디지털마케팅팀,1,대리,팀원,1,,,hwang.seungjun250@kakao.com,010-2175-4616,서울시 강서구 마곡동,42000000,7,15,신한은행,180-725-869066,가입,75,B,B,B,B,B,,649,비해당,,,
EMP1740,손채원,여,32,1995-08-24,950824-2960134,해당없음,2023-01-02,3,전문대졸,명지전문대학,3.3,인턴전환,정규직,,,,두리안정보기술,경기 판교,인사부,교육팀,1,대리,팀원,1,자발적퇴직,2025-07-31,sonchaewon131@daum.net,010-6172-8953,경기도 성남시 분당구 판교동,42000000,13,9,기업은행,010-82-992299,가입,77,,,,B,D,컴퓨터활용능력1급,,해당,,,
EMP1741,홍채원,여,35,1992-10-26,921026-2293794,해당없음,2020-07-18,6,대졸,아주대학교,3.4,공채,정규직,,,,두리안정보기술,서울 여의도,영업부,국내영업팀,1,대리,팀원,1,,,hong.chaewon210@kakao.com,010-1149-5794,서울시 강서구 마곡동,47000000,15,6,국민은행,088588-91-654754,가입,88,A,A,B,A,B,정보보안기사,,해당,,,
EMP1742,전재원,남,34,1993-05-14,930514-1465329,군필,2021-06-07,5,대학원졸,아주대학교,3.8,공채,정규직,,,,두리안정보기술,서울 여의도,기획부,전략기획팀,1,대리,팀원,1,,,jeonjaewon859@kakao.com,010-8554-6319,서울시 마포구 합정동,45000000,12,9,카카오뱅크,333-87-0403072,가입,73,,C,C,B,B,,571,비해당,,,
EMP1743,김하은,여,29,1998-04-16,980416-2762522,해당없음,2021-01-21,5,대학원졸,인하대학교,4,경력,정규직,현대자동차,대리,프론트엔드개발,두리안정보기술,서울 여의도,기획부,사업기획팀,1,대리,팀원,1,,,kimhaeun887@daum.net,010-7372-4400,서울시 용산구 이태원동,49000000,22,5,하나은행,200-108712-6117,가입,85,,A,B,B,B,빅데이터분석기사,,해당,,,
EMP1744,곽지수,여,36,1991-02-26,910226-2421409,해당없음,2019-09-03,7,대졸,광운대학교,3.3,공채,정규직,,,,두리안정보기술,경기 판교,마케팅부,디지털마케팅팀,1,대리,팀원,1,,,jisukwak934@naver.com,010-6418-6232,경기도 용인시 기흥구 영덕동,42000000,17,9,국민은행,292650-40-580665,가입,83,B,B,B,A,B,,,비해당,,,
EMP1745,류소희,여,30,1997-01-27,970127-2775583,해당없음,2022-04-23,4,대졸,이화여자대학교,2.8,인턴전환,정규직,,,,두리안정보기술,서울 여의도,개발부,프론트팀,1,대리,팀원,1,,,ryusohee505@kakao.com,010-8418-1276,서울시 은평구 불광동,44000000,17,15,신한은행,110-985-241028,가입,88,,,A,B,A,,526,비해당,,,
EMP1746,정지영,여,28,1999-05-19,990519-2481177,해당없음,2020-03-28,6,대졸,인하대학교,2.7,공채,정규직,,,,두리안정보기술,경기 판교,마케팅부,디지털마케팅팀,1,대리,팀원,1,자발적퇴직,2023-01-28,jiyoungjung248@daum.net,010-6583-6393,경기도 성남시 분당구 정자동,44000000,12,6,신한은행,100-674-766289,가입,85,A,B,C,B,B,컴퓨터활용능력1급,,해당,,,
EMP1747,진혜린,여,28,1999-03-27,990327-2180319,해당없음,2021-07-23,5,대학원졸,연세대학교,3.4,경력,정규직,카카오,과장,프로젝트관리,두리안정보기술,서울 강남,인사부,교육팀,1,대리,팀원,1,계약만료,2026-02-01,jinhyerin_700@nate.com,010-7952-2663,서울시 서초구 방배동,46000000,16,10,우리은행,1002-463-982871,가입,75,,B,B,B,B,,,비해당,,,
EMP1748,신수빈,여,33,1994-07-10,940710-2924465,해당없음,2023-03-07,3,대졸,인하대학교,4,인턴전환,정규직,,,,두리안정보기술,경기 판교,인사부,채용팀,1,대리,팀원,1,,,shinsubin_513@kakao.com,010-2285-4809,경기도 성남시 분당구 판교동,45000000,24,13,카카오뱅크,333-16-4161762,가입,85,,,,B,B,,880,비해당,,,
EMP1749,민채원,여,36,1991-05-22,910522-2903070,해당없음,2019-08-18,7,대학원졸,홍익대학교,2.8,추천,정규직,,,,두리안정보기술,경기 판교,마케팅부,브랜드팀,1,대리,팀원,1,자발적퇴직,2024-09-14,min.chaewon665@daum.net,010-5413-2083,경기도 수원시 영통구 매탄동,45000000,24,4,하나은행,181-984886-8681,가입,81,B,A,B,A,B,AWS Solutions Architect,851,해당,,,
EMP1750,유예린,여,36,1991-06-01,910601-2884541,해당없음,2022-01-18,4,대졸,경희대학교,3.9,추천,정규직,,,,두리안정보기술,경기 판교,영업부,해외영업팀,1,대리,팀원,1,,,yerinyoo745@hanmail.net,010-7133-3936,경기도 수원시 영통구 매탄동,39600000,16,6,하나은행,111-199070-1236,가입,65,,,C,C,C,빅데이터분석기사,,해당,팀워크상,,
EMP1751,장지영,여,28,1999-08-11,990811-2034384,해당없음,2021-10-09,5,대학원졸,광운대학교,3.8,경력,정규직,LG전자,대리,백엔드개발,두리안정보기술,서울 강남,영업부,국내영업팀,1,대리,팀원,1,,,jiyoungjang4@daum.net,010-4038-8928,서울시 송파구 문정동,39000000,14,6,신한은행,180-055-915279,가입,94,,B,A,A,A,정보처리기사,,해당,,,
EMP1752,지수진,여,33,1994-02-09,940209-2988346,해당없음,2022-09-19,4,대졸,국민대학교,3.2,경력,계약직,KT,과장,프로젝트관리,두리안정보기술,서울 강남,개발부,AI팀,1,대리,팀원,1,,,jisujin_791@hanmail.net,010-3730-7346,서울시 강남구 역삼동,48000000,10,4,카카오뱅크,333-05-6050465,가입,100,,,S,A,S,AWS Solutions Architect,758,해당,,,
EMP1753,신서현,여,32,1995-08-28,950828-2839686,해당없음,2021-03-11,5,대졸,아주대학교,3.3,경력,정규직,삼성전자,대리,데이터분석,두리안정보기술,경기 판교,마케팅부,디지털마케팅팀,1,대리,팀원,1,,,shinseohyun358@daum.net,010-2648-7202,경기도 용인시 기흥구 영덕동,51000000,19,3,기업은행,020-90-010943,가입,84,,A,A,B,B,컴퓨터활용능력1급,606,해당,,,
EMP1754,구태호,남,33,1994-05-06,940506-1801031,군필,2018-02-12,8,대졸,경희대학교,3.5,추천,정규직,,,,두리안정보기술,서울 강남,영업부,해외영업팀,1,대리,팀원,1,,,kootaeho_616@daum.net,010-6181-9380,서울시 송파구 문정동,40000000,17,15,카카오뱅크,333-63-1543639,가입,68,C,B,C,C,C,ADsP,,해당,,,
EMP1755,문서현,여,34,1993-12-23,931223-2686668,해당없음,2020-10-22,6,대졸,한양대학교,3.1,추천,정규직,,,,두리안정보기술,서울 강남,영업부,국내영업팀,1,대리,팀원,1,,,moonseohyun980@hanmail.net,010-4483-3113,서울시 강남구 논현동,47000000,12,1,토스뱅크,100-3320-1083,가입,81,B,A,B,B,B,,,비해당,,,
EMP1756,장민재,남,28,1999-02-21,990221-1784214,군필,2022-05-24,4,전문대졸,영진전문대학교,2.8,추천,계약직,,,,두리안정보기술,서울 강남,영업부,국내영업팀,1,대리,팀원,1,,,jangminjae_742@hanmail.net,010-6019-2063,서울시 송파구 문정동,46000000,6,4,토스뱅크,100-1642-6026,가입,71,,,C,C,B,,,비해당,,,
EMP1757,안하은,여,30,1997-08-03,970803-2862201,해당없음,2019-06-21,7,대졸,성균관대학교,2.5,경력,정규직,삼성전자,사원,데이터분석,두리안정보기술,서울 여의도,인사부,교육팀,1,대리,팀원,1,,,an.haeun78@daum.net,010-6590-4786,서울시 은평구 불광동,39000000,23,13,농협은행,302-5280-3038-95,가입,75,B,B,C,C,B,빅데이터분석기사,674,해당,,,
EMP1758,강준혁,남,36,1991-02-26,910226-1193990,군필,2023-04-05,3,대졸,광운대학교,3.8,경력,정규직,현대자동차,차장,영업관리,두리안정보기술,서울 강남,개발부,백엔드팀,1,대리,팀원,1,,,kangjunhyuk37@gmail.com,010-2938-5061,서울시 송파구 문정동,47000000,30,5,카카오뱅크,333-93-9303751,가입,82,,,,B,C,,,비해당,,,
EMP1759,공서연,여,28,1999-04-08,990408-2924196,해당없음,2020-06-22,6,고졸,,,공채,계약직,,,,두리안정보기술,서울 강남,기획부,사업기획팀,1,대리,팀원,1,자발적퇴직,2022-03-01,kongseoyeon875@gmail.com,010-1740-4479,서울시 송파구 문정동,45000000,9,5,기업은행,030-69-078447,가입,90,S,S,A,A,A,,677,비해당,,,
EMP1760,원하은,여,32,1995-01-15,950115-2299199,해당없음,2021-10-16,5,대졸,건국대학교,2.9,인턴전환,정규직,,,,두리안정보기술,경기 판교,마케팅부,브랜드팀,1,대리,팀원,1,,,won.haeun123@gmail.com,010-1180-7768,경기도 수원시 영통구 매탄동,38000000,13,2,국민은행,193495-28-114828,가입,67,,D,C,C,C,리눅스마스터,840,해당,,,
EMP1761,박민호,남,29,1998-05-22,980522-1095634,군필,2023-08-15,3,대졸,홍익대학교,2.9,추천,계약직,,,,두리안정보기술,경기 판교,인사부,채용팀,1,대리,팀원,1,,,minhopark962@nate.com,010-1117-6573,경기도 성남시 분당구 판교동,39000000,19,8,신한은행,110-771-741092,가입,87,,,,B,B,,534,비해당,공로상,경고,지각반복
EMP1762,박수진,여,33,1994-01-06,940106-2393637,해당없음,2020-09-15,6,대졸,동국대학교,3.9,공채,정규직,,,,두리안정보기술,서울 여의도,개발부,AI팀,1,대리,팀원,1,,,park.sujin125@nate.com,010-7131-5014,서울시 용산구 이태원동,45000000,12,6,신한은행,140-536-935534,가입,82,A,B,B,B,A,ADsP,942,해당,,,
EMP1763,유혜린,여,29,1998-06-21,980621-2089048,해당없음,2022-05-22,4,대학원졸,한양대학교,3.2,인턴전환,정규직,,,,두리안정보기술,서울 여의도,기획부,전략기획팀,1,대리,팀원,1,,,yoohyerin_42@hanmail.net,010-5450-6631,서울시 용산구 이태원동,51000000,25,7,우리은행,1002-884-784625,가입,77,,,C,B,D,정보보안기사,813,해당,우수사원상,,
EMP1764,현동현,남,27,2000-07-08,000708-3506513,군필,2022-06-08,4,전문대졸,명지전문대학,3.1,추천,정규직,,,,두리안정보기술,서울 여의도,영업부,해외영업팀,1,대리,팀원,1,,,hyun.동hyun509@daum.net,010-4526-4715,서울시 용산구 이태원동,42000000,19,8,국민은행,038904-32-892446,미가입,82,,,C,B,B,,,비해당,,,
EMP1765,심준서,남,33,1994-10-03,941003-1092080,미필,2020-02-12,6,대졸,서울대학교,3.1,공채,정규직,,,,두리안정보기술,서울 강남,인사부,교육팀,1,대리,팀원,1,,,shimjunseo109@daum.net,010-7881-4406,서울시 송파구 문정동,40000000,11,3,우리은행,1006-626-008696,가입,81,B,B,B,B,A,,,비해당,,,
EMP1766,배재원,남,30,1997-05-04,970504-1031880,군필,2022-05-22,4,대졸,국민대학교,2.7,추천,정규직,,,,두리안정보기술,경기 판교,기획부,전략기획팀,1,대리,팀원,1,,,bae.jaewon22@kakao.com,010-9576-2504,경기도 수원시 영통구 매탄동,44000000,19,14,하나은행,200-784094-8239,미가입,79,,,C,B,B,,,비해당,,,
EMP1767,조재민,남,35,1992-02-10,920210-1338790,면제,2024-03-01,2,대졸,한국외국어대학교,3.7,추천,계약직,,,,두리안정보기술,서울 강남,인사부,채용팀,1,대리,팀원,1,,,jojaemin_256@gmail.com,010-9920-3144,서울시 강남구 논현동,46000000,7,3,국민은행,591151-13-543844,가입,63,,,,,D,SQLD,987,해당,,,
EMP1768,노하영,여,31,1996-11-17,961117-2011097,해당없음,2018-08-27,8,대졸,한양대학교,2.8,추천,계약직,,,,두리안정보기술,서울 여의도,기획부,사업기획팀,1,대리,팀원,1,,,nohayoung929@naver.com,010-5836-9512,서울시 마포구 합정동,38000000,5,12,농협은행,356-8043-0388-16,가입,74,B,C,B,B,C,,,비해당,,,
EMP1769,류우혁,남,34,1993-12-03,931203-1854419,군필,2024-04-21,2,대졸,아주대학교,3.2,추천,정규직,,,,두리안정보기술,서울 여의도,마케팅부,브랜드팀,1,대리,팀원,1,,,ryu.woohyuk542@hanmail.net,010-8029-6716,서울시 은평구 불광동,38000000,16,15,우리은행,1002-198-997388,가입,78,,,,,B,,,비해당,팀워크상,,
EMP1770,한세연,여,29,1998-09-05,980905-2021145,해당없음,2019-09-09,7,전문대졸,명지전문대학,2.6,인턴전환,계약직,,,,두리안정보기술,경기 판교,개발부,AI팀,1,대리,팀원,1,,,hanseyeon_451@kakao.com,010-9312-7665,경기도 용인시 기흥구 영덕동,40000000,10,15,신한은행,140-005-058664,가입,80,C,A,B,B,B,리눅스마스터,809,해당,,,
EMP1771,박민준,남,31,1996-02-23,960223-1973920,군필,2018-02-25,8,대졸,성균관대학교,2.9,공채,정규직,,,,두리안정보기술,서울 여의도,마케팅부,디지털마케팅팀,1,대리,팀원,1,,,park.minjun940@hanmail.net,010-3767-9679,서울시 마포구 합정동,41800000,13,6,농협은행,351-0661-1073-54,가입,72,C,C,C,B,C,,750,비해당,,경고,지각반복
EMP1772,우나은,여,31,1996-05-07,960507-2491810,해당없음,2023-11-22,3,대졸,한양대학교,3.8,인턴전환,정규직,,,,두리안정보기술,서울 여의도,마케팅부,디지털마케팅팀,1,대리,팀원,1,자발적퇴직,2025-05-25,woo.naeun397@gmail.com,010-3877-7094,서울시 용산구 이태원동,51000000,29,9,국민은행,319477-35-166842,가입,82,,,,B,A,,689,비해당,,,
EMP1773,양지현,여,36,1991-11-16,911116-2760412,해당없음,2020-12-28,6,대졸,인하대학교,3.7,공채,계약직,,,,두리안정보기술,서울 강남,인사부,교육팀,1,대리,팀원,1,,,yangjihyun125@nate.com,010-9283-5533,서울시 강남구 역삼동,41000000,14,15,토스뱅크,100-5121-6396,가입,74,B,B,B,B,B,,546,비해당,,,
EMP1774,송지훈,남,34,1993-11-13,931113-1523760,군필,2020-03-05,6,대졸,아주대학교,3,추천,정규직,,,,두리안정보기술,서울 강남,기획부,전략기획팀,1,대리,팀원,1,,,ji훈song556@naver.com,010-5246-2144,서울시 강남구 논현동,40000000,11,2,카카오뱅크,333-89-3603694,가입,69,C,C,D,C,C,ADsP,,해당,,,
EMP1775,곽재민,남,32,1995-06-22,950622-1520975,미필,2020-09-23,6,대졸,경희대학교,3.2,경력,계약직,포스코,대리,영업관리,두리안정보기술,서울 여의도,마케팅부,브랜드팀,1,대리,팀원,1,,,kwakjaemin422@nate.com,010-3734-7468,서울시 용산구 이태원동,40700000,11,9,농협은행,301-2225-6770-96,가입,63,C,D,C,C,D,,,비해당,,,
EMP1776,고민준,남,33,1994-07-18,940718-1389963,군필,2020-11-23,6,전문대졸,인하공업전문대학,3.3,인턴전환,정규직,,,,두리안정보기술,서울 강남,인사부,교육팀,1,대리,팀원,1,,,minjunko176@daum.net,010-9077-7849,서울시 서초구 방배동,48000000,29,13,하나은행,200-232215-0637,가입,85,A,B,B,C,B,리눅스마스터,890,해당,,,
EMP1777,서예원,여,30,1997-03-23,970323-2737295,해당없음,2021-06-25,5,대졸,광운대학교,3,경력,정규직,쿠팡,대리,프론트엔드개발,두리안정보기술,서울 여의도,기획부,사업기획팀,1,대리,팀원,1,,,seoyewon_392@nate.com,010-8774-1610,서울시 마포구 합정동,47000000,10,0,카카오뱅크,333-56-4788075,가입,88,,A,A,A,A,,,비해당,,,
EMP1778,지준혁,남,32,1995-11-09,951109-1571956,군필,2022-03-19,4,대졸,한국외국어대학교,2.6,인턴전환,정규직,,,,두리안정보기술,서울 여의도,개발부,프론트팀,1,대리,팀원,1,,,jijunhyuk_590@hanmail.net,010-1369-1764,서울시 용산구 이태원동,46200000,19,9,농협은행,356-6529-4299-27,가입,73,,,B,B,C,,572,비해당,,,
EMP1779,민하영,여,28,1999-10-18,991018-2672894,해당없음,2019-09-20,7,대졸,동국대학교,2.9,인턴전환,정규직,,,,두리안정보기술,경기 판교,개발부,AI팀,1,대리,팀원,1,,,minhayoung75@nate.com,010-7404-3137,경기도 용인시 기흥구 영덕동,47000000,12,10,국민은행,173039-39-175402,가입,65,B,D,B,C,C,,,비해당,,,
EMP1780,성소희,여,27,2000-06-09,000609-4237031,해당없음,2018-09-27,8,전문대졸,경북전문대학교,3.7,경력,정규직,현대자동차,차장,프론트엔드개발,두리안정보기술,서울 여의도,영업부,해외영업팀,1,대리,팀원,1,,,soheesung311@hanmail.net,010-9919-7968,서울시 용산구 이태원동,47300000,10,9,카카오뱅크,333-29-3221183,가입,83,B,B,B,B,B,AWS Solutions Architect,858,해당,,,
EMP1781,허우혁,남,36,1991-04-05,910405-1492788,군필,2018-02-28,8,대학원졸,경희대학교,2.6,경력,정규직,쿠팡,대리,마케팅기획,두리안정보기술,서울 여의도,마케팅부,디지털마케팅팀,1,대리,팀원,1,,,heowoohyuk_159@hanmail.net,010-7174-7391,서울시 은평구 불광동,38000000,16,13,카카오뱅크,333-38-5209828,가입,63,D,D,D,D,C,정보보안기사,716,해당,,,
EMP1782,천보미,여,30,1997-11-14,971114-2017398,해당없음,2018-12-16,8,대졸,국민대학교,2.7,경력,정규직,삼성전자,대리,인사관리,두리안정보기술,서울 여의도,개발부,백엔드팀,1,대리,팀원,1,,,cheonbomi_668@nate.com,010-8662-6264,서울시 마포구 합정동,41000000,22,11,기업은행,010-64-710276,가입,80,C,B,B,C,B,,800,비해당,,,
EMP1783,차성호,남,27,2000-07-17,000717-3733739,군필,2024-11-01,2,대졸,서울대학교,2.5,공채,정규직,,,,두리안정보기술,경기 판교,기획부,사업기획팀,1,대리,팀원,1,,,cha.sungho125@naver.com,010-9122-4491,경기도 수원시 영통구 매탄동,47000000,14,4,기업은행,020-73-592555,가입,74,,,,,C,정보보안기사,,해당,공로상,,
EMP1784,류지호,남,36,1991-09-06,910906-1078922,미필,2019-12-28,7,대졸,경희대학교,3.3,추천,정규직,,,,두리안정보기술,경기 판교,개발부,AI팀,1,대리,팀원,1,,,jihoryu763@daum.net,010-8597-6692,경기도 용인시 기흥구 영덕동,38000000,15,14,신한은행,110-218-785298,가입,91,S,S,B,A,A,,700,비해당,,,
EMP1785,서지영,여,31,1996-11-06,961106-2658082,해당없음,2022-02-19,4,대학원졸,고려대학교,2.6,추천,정규직,,,,두리안정보기술,경기 판교,마케팅부,디지털마케팅팀,1,대리,팀원,1,자발적퇴직,2026-04-25,seo.jiyoung587@gmail.com,010-7243-5336,경기도 성남시 분당구 정자동,39000000,22,3,농협은행,356-0649-0226-29,가입,78,,,B,B,B,,,비해당,,,
EMP1786,임세준,남,33,1994-06-28,940628-1688442,군필,2020-04-07,6,대졸,숙명여자대학교,3.7,추천,정규직,,,,두리안정보기술,서울 여의도,기획부,전략기획팀,1,대리,팀원,1,,,limsejun_322@hanmail.net,010-3470-9512,서울시 강서구 마곡동,46000000,14,10,우리은행,1006-198-127692,가입,71,C,D,D,B,C,빅데이터분석기사,916,해당,,,
EMP1787,구하은,여,29,1998-02-25,980225-2104590,해당없음,2018-04-28,8,대졸,국민대학교,3.9,공채,정규직,,,,두리안정보기술,서울 강남,개발부,AI팀,1,대리,팀원,1,,,koohaeun_150@daum.net,010-2432-5790,서울시 강남구 역삼동,50000000,24,13,농협은행,302-9766-6692-88,가입,82,B,B,C,B,B,SQLD,,해당,,,
EMP1788,민시우,남,33,1994-05-10,940510-1192880,군필,2024-06-01,2,대학원졸,한양대학교,3,인턴전환,정규직,,,,두리안정보기술,서울 여의도,인사부,채용팀,1,대리,팀원,1,,,min시woo_700@nate.com,010-1068-4998,서울시 은평구 불광동,46000000,22,0,우리은행,1006-015-563246,가입,90,,,,,A,,,비해당,,,
EMP1789,황지현,여,30,1997-07-11,970711-2913291,해당없음,2022-06-11,4,대졸,국민대학교,3.2,경력,정규직,네이버,대리,프론트엔드개발,두리안정보기술,서울 강남,마케팅부,디지털마케팅팀,1,대리,팀원,1,,,hwangjihyun517@naver.com,010-6166-1238,서울시 송파구 문정동,45000000,6,3,신한은행,180-884-823827,가입,73,,,B,C,B,,553,비해당,,,
EMP1790,문서현,여,33,1994-10-26,941026-2707082,해당없음,2018-01-08,8,대졸,광운대학교,3.1,추천,계약직,,,,두리안정보기술,서울 강남,기획부,전략기획팀,1,대리,팀원,1,,,moon.seohyun685@hanmail.net,010-4861-7586,서울시 강남구 논현동,45000000,5,1,토스뱅크,100-4862-5255,가입,70,D,C,C,C,B,SQLD,655,해당,,,
EMP1791,차서현,여,31,1996-08-13,960813-2944506,해당없음,2023-05-10,3,대졸,중앙대학교,4,인턴전환,정규직,,,,두리안정보기술,서울 강남,마케팅부,브랜드팀,1,대리,팀원,1,,,chaseohyun_330@gmail.com,010-9967-2908,서울시 강남구 논현동,44000000,8,2,신한은행,100-543-398746,가입,91,,,,A,B,빅데이터분석기사,705,해당,우수사원상,,
EMP1792,허지현,여,30,1997-02-12,970212-2968113,해당없음,2024-07-21,2,대졸,경희대학교,2.7,인턴전환,계약직,,,,두리안정보기술,서울 여의도,마케팅부,브랜드팀,1,대리,팀원,1,,,heo.jihyun928@daum.net,010-5763-6271,서울시 은평구 불광동,42000000,18,0,하나은행,181-878141-7886,가입,60,,,,,D,빅데이터분석기사,,해당,,,
EMP1793,이성민,남,28,1999-04-14,990414-1448338,군필,2018-06-15,8,대졸,부산대학교,3.9,경력,정규직,롯데그룹,대리,영업관리,두리안정보기술,경기 판교,기획부,사업기획팀,1,대리,팀원,1,자발적퇴직,2019-11-09,lee.sungmin663@hanmail.net,010-6204-3104,경기도 수원시 영통구 매탄동,42000000,25,12,우리은행,1002-986-131430,가입,83,A,B,B,B,B,,,비해당,,,
EMP1794,이수진,여,28,1999-05-07,990507-2423984,해당없음,2019-01-05,7,대졸,건국대학교,3.4,공채,계약직,,,,두리안정보기술,서울 강남,개발부,백엔드팀,1,대리,팀원,1,,,leesujin165@naver.com,010-4483-7935,서울시 송파구 문정동,40700000,14,10,신한은행,100-830-050981,가입,78,B,C,B,C,C,,677,비해당,,,
EMP1795,황수아,여,27,2000-04-18,000418-4540996,해당없음,2024-08-20,2,전문대졸,명지전문대학,3,인턴전환,계약직,,,,두리안정보기술,서울 강남,인사부,교육팀,1,대리,팀원,1,,,hwangsua217@kakao.com,010-4922-2103,서울시 서초구 방배동,39000000,14,5,기업은행,020-25-881537,가입,74,,,,,B,,,비해당,팀워크상,,
EMP1796,임준혁,남,34,1993-09-24,930924-1127384,군필,2024-01-13,2,대졸,서강대학교,3.5,경력,정규직,네이버,과장,마케팅기획,두리안정보기술,서울 강남,인사부,교육팀,1,대리,팀원,1,,,limjunhyuk_977@kakao.com,010-1979-4788,서울시 송파구 문정동,43000000,5,9,하나은행,200-814691-1081,미가입,67,,,,,B,,682,비해당,,,
EMP1797,진지민,여,30,1997-02-12,970212-2938749,해당없음,2020-11-23,6,대졸,부산대학교,2.9,인턴전환,정규직,,,,두리안정보기술,서울 여의도,기획부,사업기획팀,1,대리,팀원,1,,,jinjimin_168@gmail.com,010-6950-3726,서울시 마포구 합정동,44000000,8,8,농협은행,351-3804-2213-36,가입,71,D,C,C,D,D,정보처리기사,,해당,,,
EMP1798,조수아,여,28,1999-03-07,990307-2963165,해당없음,2024-11-27,2,대졸,고려대학교,3.7,공채,정규직,,,,두리안정보기술,서울 여의도,영업부,국내영업팀,1,대리,팀원,1,,,suajo324@hanmail.net,010-6947-6365,서울시 용산구 이태원동,44000000,10,14,토스뱅크,100-7679-2432,가입,74,,,,,B,빅데이터분석기사,,해당,,정직,복무규정위반
EMP1799,하성민,남,32,1995-08-14,950814-1875787,미필,2020-10-18,6,전문대졸,인하공업전문대학,3.5,경력,정규직,네이버,차장,프론트엔드개발,두리안정보기술,서울 여의도,개발부,프론트팀,1,대리,팀원,1,,,ha.sungmin525@gmail.com,010-2764-8494,서울시 용산구 이태원동,40000000,15,6,신한은행,110-321-194252,가입,69,C,C,C,C,C,,732,비해당,,,
EMP1800,지하은,여,27,2000-02-08,000208-4824469,해당없음,2020-08-05,6,대졸,경희대학교,4,경력,계약직,SK하이닉스,사원,백엔드개발,두리안정보기술,경기 판교,인사부,채용팀,1,대리,팀원,1,,,jihaeun94@naver.com,010-2393-1699,경기도 용인시 기흥구 영덕동,48000000,14,14,토스뱅크,100-9260-1521,가입,91,A,B,S,A,B,,826,비해당,,,
EMP1801,엄수아,여,36,1991-01-19,910119-2396203,해당없음,2022-11-20,4,대학원졸,한양대학교,3.8,공채,정규직,,,,두리안정보기술,서울 강남,마케팅부,브랜드팀,1,대리,팀원,1,,,umsua_145@nate.com,010-7369-2426,서울시 서초구 방배동,47000000,22,14,신한은행,100-041-067489,가입,87,,,A,A,B,ADsP,939,해당,,,
EMP1802,임보미,여,32,1995-10-02,951002-2254196,해당없음,2019-05-20,7,대학원졸,건국대학교,3.2,경력,정규직,롯데그룹,차장,백엔드개발,두리안정보기술,서울 여의도,인사부,교육팀,1,대리,팀원,1,,,lim.bomi730@hanmail.net,010-2227-4263,서울시 마포구 합정동,52000000,26,8,하나은행,111-358053-8040,가입,76,B,B,B,B,B,리눅스마스터,706,해당,,,
EMP1803,문혜린,여,33,1994-01-11,940111-2785510,해당없음,2023-01-26,3,대졸,성균관대학교,3.1,공채,정규직,,,,두리안정보기술,경기 판교,기획부,사업기획팀,1,대리,팀원,1,,,hyerinmoon782@daum.net,010-8874-3029,경기도 성남시 분당구 판교동,45000000,18,0,카카오뱅크,333-68-0254954,가입,90,,,,A,B,컴퓨터활용능력1급,847,해당,,,
EMP1804,김예은,여,29,1998-05-08,980508-2536020,해당없음,2023-07-23,3,대졸,연세대학교,2.7,경력,정규직,현대자동차,차장,프론트엔드개발,두리안정보기술,경기 판교,기획부,사업기획팀,1,대리,팀원,1,,,kim.yeeun607@kakao.com,010-5728-1726,경기도 성남시 분당구 판교동,40000000,17,7,토스뱅크,100-8502-0749,가입,88,,,,A,B,,,비해당,,,
EMP1805,공지영,여,28,1999-06-23,990623-2686927,해당없음,2019-01-05,7,대졸,아주대학교,2.7,추천,정규직,,,,두리안정보기술,서울 여의도,마케팅부,브랜드팀,1,대리,팀원,1,,,kongjiyoung_809@kakao.com,010-7426-7585,서울시 마포구 합정동,39000000,19,6,신한은행,180-906-925678,가입,79,C,B,B,B,C,,762,비해당,,,
EMP1806,조다은,여,41,1986-09-23,860923-2092929,해당없음,2021-04-21,5,전문대졸,인하공업전문대학,3.1,경력,정규직,포스코,과장,마케팅기획,두리안정보기술,경기 판교,영업부,국내영업팀,1,과장,팀원,1,,,jodaeun694@kakao.com,010-7189-6296,경기도 성남시 분당구 판교동,55000000,5,13,우리은행,1005-637-979592,가입,73,,C,B,B,C,ADsP,612,해당,,,
EMP1807,조나은,여,38,1989-01-16,890116-2491924,해당없음,2021-08-27,5,고졸,,,공채,정규직,,,,두리안정보기술,서울 강남,마케팅부,디지털마케팅팀,1,과장,팀원,1,,,jo.naeun982@nate.com,010-9472-5665,서울시 강남구 역삼동,57000000,10,11,카카오뱅크,333-07-9018815,가입,92,,A,A,A,A,,,비해당,,,
EMP1808,성하준,남,34,1993-01-07,930107-1314039,군필,2021-01-06,5,대학원졸,세종대학교,3.1,추천,정규직,,,,두리안정보기술,서울 강남,인사부,채용팀,1,과장,팀원,1,,,hajunsung536@naver.com,010-1512-7506,서울시 강남구 논현동,51000000,14,7,국민은행,837467-30-621921,가입,72,,B,C,C,C,SQLD,,해당,,,
EMP1809,서정우,남,31,1996-01-06,960106-1341372,면제,2021-12-15,5,고졸,,,추천,정규직,,,,두리안정보기술,경기 판교,인사부,교육팀,1,과장,팀원,1,,,seo.jungwoo775@gmail.com,010-2603-5562,경기도 용인시 기흥구 영덕동,57000000,11,4,농협은행,302-1487-8916-07,가입,60,,D,C,D,D,AWS Solutions Architect,950,해당,우수사원상,정직,복무규정위반
EMP1810,문다은,여,33,1994-05-15,940515-2346314,해당없음,2021-06-10,5,대졸,중앙대학교,2.6,추천,정규직,,,,두리안정보기술,서울 여의도,개발부,프론트팀,1,과장,팀원,1,,,moondaeun_340@gmail.com,010-6562-3364,서울시 은평구 불광동,59000000,5,12,토스뱅크,100-0334-3864,가입,68,,B,B,B,D,,,비해당,,,
EMP1811,전세준,남,32,1995-04-27,950427-1607202,군필,2017-08-27,9,전문대졸,경북전문대학교,3,경력,정규직,포스코,과장,인사관리,두리안정보기술,서울 강남,개발부,프론트팀,1,과장,팀원,1,,,jeonsejun760@hanmail.net,010-7948-1243,서울시 강남구 역삼동,58000000,17,15,신한은행,100-401-662547,미가입,86,A,B,A,B,B,빅데이터분석기사,,해당,,,
EMP1812,민보미,여,40,1987-12-01,871201-2889415,해당없음,2017-01-22,9,대졸,광운대학교,2.8,공채,정규직,,,,두리안정보기술,서울 여의도,영업부,해외영업팀,1,과장,팀원,1,,,minbomi_805@nate.com,010-4775-3501,서울시 강서구 마곡동,56000000,14,6,하나은행,111-814479-0358,가입,84,B,B,A,B,B,,757,비해당,,,
EMP1813,구나은,여,39,1988-04-20,880420-2992696,해당없음,2020-01-11,6,대졸,광운대학교,3.2,인턴전환,정규직,,,,두리안정보기술,서울 여의도,마케팅부,디지털마케팅팀,1,과장,팀원,1,,,koo.naeun664@gmail.com,010-7885-4156,서울시 마포구 합정동,57000000,11,15,토스뱅크,100-5338-1612,가입,76,C,B,B,B,C,컴퓨터활용능력1급,910,해당,,,
EMP1814,정수아,여,34,1993-10-08,931008-2582475,해당없음,2019-01-09,7,대졸,인하대학교,3.6,인턴전환,정규직,,,,두리안정보기술,서울 여의도,영업부,국내영업팀,1,과장,팀원,1,,,jungsua935@daum.net,010-2055-9163,서울시 은평구 불광동,60000000,24,9,국민은행,590779-36-417185,미가입,83,B,B,B,B,B,정보처리기사,,해당,,,
EMP1815,곽도현,남,32,1995-06-18,950618-1518083,면제,2015-08-17,11,전문대졸,경북전문대학교,2.8,추천,정규직,,,,두리안정보기술,서울 강남,마케팅부,디지털마케팅팀,1,과장,팀원,1,,,kwakdohyun_63@kakao.com,010-9529-2158,서울시 송파구 문정동,60000000,20,12,농협은행,356-3058-0823-43,가입,69,C,C,C,B,C,정보보안기사,,해당,,,
EMP1816,윤미래,여,39,1988-09-21,880921-2716399,해당없음,2020-11-22,6,전문대졸,명지전문대학,2.6,인턴전환,정규직,,,,두리안정보기술,서울 여의도,기획부,전략기획팀,1,과장,팀원,1,,,miraeyoon954@nate.com,010-8469-2593,서울시 마포구 합정동,53000000,12,9,국민은행,672801-39-324093,가입,78,B,B,B,B,B,,,비해당,팀워크상,,
EMP1817,우지호,남,33,1994-03-15,940315-1143532,군필,2021-11-15,5,대졸,광운대학교,3.5,인턴전환,정규직,,,,두리안정보기술,서울 강남,인사부,교육팀,1,과장,팀원,1,,,woojiho_503@nate.com,010-3716-9963,서울시 송파구 문정동,54000000,13,2,농협은행,301-6765-0949-47,가입,64,,C,D,D,D,리눅스마스터,522,해당,,,
EMP1818,구채원,여,34,1993-09-24,930924-2049392,해당없음,2015-08-10,11,전문대졸,인하공업전문대학,3.5,추천,정규직,,,,두리안정보기술,서울 여의도,마케팅부,브랜드팀,1,과장,팀원,1,,,koo.chaewon247@hanmail.net,010-3635-3170,서울시 용산구 이태원동,48400000,22,7,신한은행,110-226-942590,가입,79,C,B,B,B,B,,943,비해당,,,
EMP1819,지나은,여,31,1996-02-24,960224-2022460,해당없음,2020-01-11,6,대졸,경희대학교,3.3,공채,정규직,,,,두리안정보기술,서울 여의도,개발부,AI팀,1,과장,팀원,1,,,naeunji958@kakao.com,010-3927-3128,서울시 은평구 불광동,50000000,22,0,토스뱅크,100-9455-0205,가입,85,A,B,A,B,A,컴퓨터활용능력1급,931,해당,,,
EMP1820,박우혁,남,36,1991-03-14,910314-1137813,면제,2016-08-12,10,대졸,성균관대학교,2.6,추천,정규직,,,,두리안정보기술,서울 강남,인사부,채용팀,1,과장,팀원,1,,,parkwoohyuk625@hanmail.net,010-1452-8766,서울시 송파구 문정동,52000000,14,8,우리은행,1002-050-495546,가입,69,C,D,D,C,B,,525,비해당,,,
EMP1821,송수진,여,32,1995-11-06,951106-2232921,해당없음,2016-08-10,10,대졸,홍익대학교,2.5,인턴전환,정규직,,,,두리안정보기술,서울 여의도,마케팅부,브랜드팀,1,과장,팀원,1,,,songsujin_355@naver.com,010-8314-5124,서울시 마포구 합정동,54000000,25,12,우리은행,1005-108-695842,가입,80,B,B,B,C,B,,759,비해당,,,
EMP1822,지건우,남,41,1986-04-10,860410-1911537,미필,2018-08-09,8,대졸,세종대학교,3.3,인턴전환,정규직,,,,두리안정보기술,경기 판교,마케팅부,디지털마케팅팀,1,과장,팀원,1,,,gunwooji631@daum.net,010-7101-5892,경기도 성남시 분당구 판교동,59000000,12,7,토스뱅크,100-1451-1295,가입,60,D,D,C,D,D,,903,비해당,공로상,,
EMP1823,고지민,여,37,1990-11-27,901127-2397423,해당없음,2021-07-28,5,전문대졸,인하공업전문대학,3,추천,정규직,,,,두리안정보기술,서울 여의도,개발부,프론트팀,1,과장,팀원,1,,,kojimin_506@hanmail.net,010-6600-1561,서울시 강서구 마곡동,53000000,17,0,우리은행,1006-023-625127,가입,79,,B,B,B,C,,900,비해당,,,
EMP1824,윤다은,여,32,1995-01-25,950125-2874862,해당없음,2019-12-20,7,대졸,건국대학교,3.4,경력,정규직,포스코,사원,영업관리,두리안정보기술,경기 판교,영업부,국내영업팀,1,과장,팀원,1,,,yoondaeun_651@hanmail.net,010-6115-3041,경기도 수원시 영통구 매탄동,53000000,18,10,신한은행,110-483-961416,가입,66,C,C,C,C,C,,,비해당,,,
EMP1825,강서현,여,33,1994-08-17,940817-2009314,해당없음,2020-05-04,6,대졸,국민대학교,3.3,인턴전환,정규직,,,,두리안정보기술,경기 판교,영업부,해외영업팀,1,과장,팀원,1,,,seohyunkang439@nate.com,010-2421-1441,경기도 수원시 영통구 매탄동,56000000,22,3,하나은행,111-470284-8262,가입,81,B,B,B,B,B,리눅스마스터,677,해당,,,
EMP1826,강우진,남,37,1990-01-14,900114-1628503,미필,2017-05-28,9,대학원졸,홍익대학교,4,공채,정규직,,,,두리안정보기술,경기 판교,개발부,프론트팀,1,과장,팀원,1,,,woojinkang561@daum.net,010-2279-2116,경기도 성남시 분당구 판교동,48000000,17,6,우리은행,1006-108-458386,가입,91,A,A,B,B,A,,718,비해당,,,
EMP1827,양민재,남,39,1988-10-25,881025-1244231,군필,2018-12-15,8,대졸,연세대학교,2.8,공채,정규직,,,,두리안정보기술,서울 강남,기획부,전략기획팀,1,과장,팀원,1,자발적퇴직,2021-08-26,yangminjae_79@kakao.com,010-6302-7889,서울시 송파구 문정동,50000000,29,0,국민은행,898046-23-333819,가입,77,B,D,D,B,D,,813,비해당,,,
EMP1828,이다은,여,32,1995-01-21,950121-2476150,해당없음,2014-04-16,12,대학원졸,한양대학교,3.6,공채,정규직,,,,두리안정보기술,서울 여의도,영업부,해외영업팀,1,과장,팀원,1,,,lee.daeun184@daum.net,010-8858-3917,서울시 은평구 불광동,51000000,10,11,국민은행,066684-88-060621,가입,61,D,C,C,C,C,,576,비해당,,,
EMP1829,나성민,남,32,1995-07-21,950721-1133760,군필,2014-05-20,12,전문대졸,인하공업전문대학,2.8,추천,정규직,,,,두리안정보기술,서울 강남,개발부,인프라팀,1,과장,팀원,1,,,sungminna667@hanmail.net,010-3991-1163,서울시 강남구 역삼동,56000000,10,0,우리은행,1005-331-649953,가입,70,C,D,D,C,C,,759,비해당,우수사원상,,
EMP1830,오재원,남,39,1988-02-02,880202-1224367,군필,2021-02-06,5,대졸,동국대학교,3.6,공채,정규직,,,,두리안정보기술,서울 강남,마케팅부,디지털마케팅팀,1,과장,팀원,1,,,oh.jaewon609@daum.net,010-5790-1684,서울시 강남구 논현동,50000000,19,8,하나은행,111-093442-0155,가입,85,,B,B,B,B,SQLD,587,해당,MVP,,
EMP1831,전도현,남,40,1987-01-21,870121-1225682,군필,2017-02-01,9,대졸,고려대학교,2.9,추천,정규직,,,,두리안정보기술,경기 판교,인사부,채용팀,1,과장,팀원,1,,,dohyunjeon752@daum.net,010-1656-9126,경기도 용인시 기흥구 영덕동,48000000,20,2,우리은행,1005-044-039556,가입,70,C,C,C,C,C,,919,비해당,팀워크상,,
EMP1832,노서현,여,31,1996-03-19,960319-2158037,해당없음,2017-09-05,9,대졸,고려대학교,3,경력,정규직,현대자동차,사원,백엔드개발,두리안정보기술,서울 여의도,마케팅부,디지털마케팅팀,1,과장,팀원,1,,,seohyunno353@daum.net,010-2950-8802,서울시 용산구 이태원동,50000000,30,6,기업은행,010-47-321046,가입,86,B,B,B,B,C,컴퓨터활용능력1급,,해당,우수사원상,,
EMP1833,천하준,남,31,1996-06-14,960614-1596462,군필,2018-11-07,8,대학원졸,서울대학교,3.9,인턴전환,정규직,,,,두리안정보기술,경기 판교,개발부,백엔드팀,1,과장,팀원,1,,,cheon.hajun452@gmail.com,010-5329-2627,경기도 용인시 기흥구 영덕동,49000000,13,13,신한은행,140-430-027436,가입,74,C,B,B,B,C,정보처리기사,591,해당,,,
EMP1834,우채원,여,40,1987-02-19,870219-2392001,해당없음,2017-12-09,9,대졸,연세대학교,3.9,공채,계약직,,,,두리안정보기술,서울 강남,기획부,전략기획팀,1,과장,팀원,1,,,chaewonwoo857@nate.com,010-2402-6735,서울시 송파구 문정동,50000000,22,10,하나은행,200-516186-2548,가입,79,B,C,B,B,D,,660,비해당,,,
EMP1835,송동현,남,38,1989-04-17,890417-1755879,미필,2014-04-28,12,대졸,한국외국어대학교,3.9,공채,계약직,,,,두리안정보기술,경기 판교,기획부,사업기획팀,1,과장,팀원,1,,,song.동hyun415@daum.net,010-3309-1688,경기도 성남시 분당구 정자동,50000000,10,5,카카오뱅크,333-42-6704814,미가입,66,C,B,C,B,C,정보처리기사,,해당,,,
EMP1836,임수진,여,40,1987-01-11,870111-2152663,해당없음,2018-01-21,8,전문대졸,명지전문대학,2.6,경력,정규직,카카오,과장,프로젝트관리,두리안정보기술,서울 여의도,인사부,교육팀,1,과장,팀원,1,,,sujinlim447@gmail.com,010-2517-7882,서울시 마포구 합정동,53000000,24,5,우리은행,1005-137-657589,가입,77,B,B,B,B,B,,738,비해당,,,
EMP1837,박예은,여,35,1992-01-13,920113-2125712,해당없음,2016-07-04,10,대학원졸,이화여자대학교,2.7,공채,정규직,,,,두리안정보기술,경기 판교,영업부,해외영업팀,1,과장,팀원,1,,,yeeunpark176@naver.com,010-1520-3676,경기도 성남시 분당구 판교동,50000000,22,7,농협은행,356-9544-4563-53,미가입,76,C,B,B,B,D,,694,비해당,,감봉,지각반복
EMP1838,민하영,여,33,1994-11-07,941107-2640841,해당없음,2021-12-22,5,대졸,서울대학교,2.5,공채,정규직,,,,두리안정보기술,서울 강남,기획부,사업기획팀,1,과장,팀원,1,,,hayoungmin497@nate.com,010-3469-4282,서울시 송파구 문정동,52000000,18,7,신한은행,110-814-059435,가입,72,,B,C,B,B,,577,비해당,,,
EMP1839,양성호,남,35,1992-08-05,920805-1615223,면제,2020-03-14,6,대졸,고려대학교,3.1,인턴전환,정규직,,,,두리안정보기술,서울 여의도,마케팅부,디지털마케팅팀,1,과장,팀원,1,,,yangsungho_304@gmail.com,010-9548-3880,서울시 은평구 불광동,59000000,13,10,토스뱅크,100-4580-3788,가입,70,C,B,B,D,B,정보보안기사,899,해당,,,
EMP1840,윤성민,남,35,1992-02-23,920223-1679995,군필,2018-06-22,8,전문대졸,경북전문대학교,3.7,인턴전환,정규직,,,,두리안정보기술,서울 여의도,마케팅부,브랜드팀,1,과장,팀원,1,,,yoonsungmin998@naver.com,010-2675-4246,서울시 은평구 불광동,51000000,21,8,카카오뱅크,333-30-0913409,가입,68,C,D,D,D,D,,640,비해당,팀워크상,,
EMP1841,배하은,여,38,1989-09-21,890921-2142993,해당없음,2021-03-10,5,대졸,숙명여자대학교,2.7,추천,계약직,,,,두리안정보기술,서울 강남,영업부,해외영업팀,1,과장,팀원,1,정년퇴직,2026-05-12,baehaeun765@hanmail.net,010-6397-7408,서울시 송파구 문정동,53000000,21,4,기업은행,030-63-259532,가입,80,,B,B,B,B,ADsP,,해당,,,
EMP1842,오혜린,여,34,1993-11-05,931105-2929108,해당없음,2015-12-04,11,대졸,동국대학교,2.5,인턴전환,정규직,,,,두리안정보기술,경기 판교,기획부,사업기획팀,1,과장,팀원,1,,,hyerinoh171@nate.com,010-6967-5642,경기도 용인시 기흥구 영덕동,55000000,9,8,토스뱅크,100-3034-1406,가입,66,D,C,D,C,D,,703,비해당,팀워크상,,
EMP1843,문보미,여,32,1995-04-02,950402-2616952,해당없음,2019-05-17,7,전문대졸,인하공업전문대학,3.8,공채,정규직,,,,두리안정보기술,경기 판교,기획부,사업기획팀,1,과장,팀원,1,,,moonbomi516@gmail.com,010-3272-8108,경기도 용인시 기흥구 영덕동,56000000,7,15,기업은행,020-87-747016,가입,64,C,D,C,D,C,SQLD,900,해당,,,
EMP1844,하예린,여,38,1989-11-16,891116-2176430,해당없음,2021-07-18,5,대졸,국민대학교,2.7,경력,정규직,SK하이닉스,차장,프로젝트관리,두리안정보기술,서울 여의도,개발부,백엔드팀,1,과장,팀원,1,,,yerinha59@naver.com,010-4961-3011,서울시 마포구 합정동,60000000,15,3,토스뱅크,100-3826-3005,가입,76,,B,B,B,B,,,비해당,MVP,,
EMP1845,허민준,남,38,1989-05-14,890514-1138940,면제,2019-10-13,7,대학원졸,성균관대학교,2.9,인턴전환,계약직,,,,두리안정보기술,경기 판교,영업부,국내영업팀,1,과장,팀원,1,,,heo.minjun599@nate.com,010-5520-3122,경기도 성남시 분당구 판교동,48000000,13,9,하나은행,200-233219-7990,가입,95,S,S,S,A,A,정보보안기사,964,해당,우수사원상,,
EMP1846,강세연,여,34,1993-11-23,931123-2228004,해당없음,2017-03-28,9,대졸,홍익대학교,2.6,공채,정규직,,,,두리안정보기술,서울 여의도,기획부,전략기획팀,1,과장,팀원,1,,,kangseyeon_719@hanmail.net,010-4594-5948,서울시 마포구 합정동,49000000,21,6,카카오뱅크,333-96-4250740,가입,70,C,B,C,C,D,,506,비해당,,,
EMP1847,송성호,남,33,1994-02-11,940211-1832758,면제,2017-07-02,9,대졸,성균관대학교,3.4,공채,정규직,,,,두리안정보기술,서울 강남,기획부,사업기획팀,1,과장,팀원,1,계약만료,2018-06-17,sunghosong716@hanmail.net,010-5549-9856,서울시 서초구 방배동,59000000,22,11,국민은행,757024-34-852256,가입,79,B,B,D,B,C,AWS Solutions Architect,,해당,,,
EMP1848,손하영,여,34,1993-12-24,931224-2413838,해당없음,2017-07-25,9,대졸,고려대학교,2.6,공채,정규직,,,,두리안정보기술,서울 강남,개발부,백엔드팀,1,과장,팀원,1,,,son.hayoung675@hanmail.net,010-7316-3256,서울시 강남구 논현동,50000000,21,15,기업은행,030-73-395004,가입,69,D,C,C,C,D,SQLD,691,해당,,,
EMP1849,이혜린,여,34,1993-02-13,930213-2388847,해당없음,2014-09-28,12,대졸,세종대학교,2.9,추천,정규직,,,,두리안정보기술,경기 판교,인사부,채용팀,1,과장,팀원,1,권고사직,2022-09-04,lee.hyerin515@nate.com,010-9496-1213,경기도 성남시 분당구 판교동,64000000,19,6,카카오뱅크,333-74-8176153,가입,81,A,A,B,B,A,ADsP,969,해당,,,
EMP1850,안아름,여,31,1996-12-20,961220-2056619,해당없음,2017-04-18,9,전문대졸,영진전문대학교,2.5,추천,정규직,,,,두리안정보기술,서울 여의도,인사부,교육팀,1,과장,팀원,1,,,anareum394@naver.com,010-2081-4286,서울시 은평구 불광동,50000000,18,0,기업은행,020-97-480162,가입,68,C,C,D,C,C,리눅스마스터,585,해당,,,
EMP1851,최건우,남,37,1990-06-14,900614-1680502,군필,2019-05-24,7,대졸,세종대학교,3.1,추천,정규직,,,,두리안정보기술,서울 강남,기획부,전략기획팀,1,과장,팀원,1,,,choi.gunwoo244@gmail.com,010-6855-1149,서울시 강남구 논현동,60000000,23,9,토스뱅크,100-7831-5109,가입,84,B,B,A,A,B,,,비해당,,,
EMP1852,진지영,여,41,1986-04-02,860402-2145732,해당없음,2014-09-25,12,대학원졸,한국외국어대학교,3.9,경력,정규직,LG전자,과장,재무회계,두리안정보기술,서울 강남,개발부,프론트팀,1,과장,팀원,1,,,jinjiyoung_399@nate.com,010-8906-5893,서울시 강남구 역삼동,51000000,12,13,신한은행,180-983-910275,가입,69,C,D,B,C,B,리눅스마스터,594,해당,,,
EMP1853,박하영,여,31,1996-09-25,960925-2996098,해당없음,2017-10-05,9,고졸,,,경력,정규직,LG전자,과장,데이터분석,두리안정보기술,서울 강남,영업부,해외영업팀,1,과장,팀원,1,,,hayoungpark547@kakao.com,010-3139-8788,서울시 서초구 방배동,50000000,11,12,우리은행,1002-101-016487,미가입,73,B,B,C,B,B,,783,비해당,MVP,,
EMP1854,차서연,여,37,1990-09-15,900915-2464020,해당없음,2017-11-11,9,대졸,아주대학교,3.8,경력,정규직,현대자동차,차장,프로젝트관리,두리안정보기술,서울 강남,영업부,해외영업팀,1,과장,팀원,1,,,cha.seoyeon875@nate.com,010-9698-1749,서울시 강남구 역삼동,66000000,19,15,신한은행,140-414-474252,가입,82,B,B,B,B,A,빅데이터분석기사,,해당,,,
EMP1855,나시우,남,39,1988-04-06,880406-1852392,면제,2016-10-24,10,대졸,이화여자대학교,3.4,경력,정규직,롯데그룹,사원,백엔드개발,두리안정보기술,경기 판교,인사부,교육팀,1,과장,팀원,1,자발적퇴직,2022-04-09,na시woo_568@daum.net,010-5541-4460,경기도 성남시 분당구 판교동,57000000,11,12,농협은행,356-7814-5037-59,가입,96,S,S,A,S,S,,752,비해당,,,
EMP1856,윤하영,여,41,1986-10-23,861023-2807939,해당없음,2019-09-06,7,대학원졸,아주대학교,3.9,공채,정규직,,,,두리안정보기술,경기 판교,기획부,전략기획팀,1,과장,팀원,1,,,hayoungyoon99@nate.com,010-3930-5887,경기도 성남시 분당구 판교동,55000000,17,1,하나은행,200-073189-1234,가입,77,B,B,B,C,B,리눅스마스터,503,해당,,감봉,업무태만
EMP1857,박지현,여,34,1993-09-02,930902-2586888,해당없음,2014-08-09,12,대졸,서울대학교,3.3,공채,정규직,,,,두리안정보기술,서울 여의도,마케팅부,디지털마케팅팀,1,과장,팀원,1,,,park.jihyun303@daum.net,010-4604-7579,서울시 마포구 합정동,52000000,23,10,국민은행,630678-42-474973,가입,84,C,B,B,B,A,리눅스마스터,,해당,,,
EMP1858,송지유,여,33,1994-07-03,940703-2599373,해당없음,2014-10-12,12,대졸,광운대학교,3.3,추천,정규직,,,,두리안정보기술,서울 여의도,마케팅부,브랜드팀,1,과장,팀원,1,,,song.jiyu975@daum.net,010-6927-4271,서울시 은평구 불광동,52000000,25,0,토스뱅크,100-0881-1586,미가입,87,A,B,B,A,B,,532,비해당,우수사원상,,
EMP1859,박재민,남,33,1994-09-13,940913-1931380,군필,2014-12-17,12,대졸,동국대학교,3.2,경력,정규직,포스코,과장,백엔드개발,두리안정보기술,경기 판교,인사부,교육팀,1,과장,팀원,1,,,parkjaemin_936@gmail.com,010-5854-4582,경기도 성남시 분당구 정자동,60000000,24,4,농협은행,302-2183-0550-77,가입,87,C,B,B,B,A,정보처리기사,,해당,,,
EMP1860,엄성민,남,40,1987-12-12,871212-1453304,군필,2019-09-16,7,대졸,이화여자대학교,3.4,공채,정규직,,,,두리안정보기술,경기 판교,영업부,해외영업팀,1,과장,팀원,1,,,um.sungmin207@kakao.com,010-3043-7621,경기도 수원시 영통구 매탄동,48000000,5,6,카카오뱅크,333-80-2902367,가입,66,C,B,C,C,C,AWS Solutions Architect,783,해당,,,
EMP1861,노태호,남,38,1989-09-12,890912-1450599,미필,2017-08-05,9,전문대졸,영진전문대학교,3.9,경력,정규직,포스코,사원,백엔드개발,두리안정보기술,서울 강남,마케팅부,브랜드팀,1,과장,팀원,1,,,no.taeho296@hanmail.net,010-5161-1542,서울시 서초구 방배동,54000000,19,10,카카오뱅크,333-09-4409172,가입,78,C,B,B,C,B,,,비해당,공로상,,
EMP1862,심태호,남,37,1990-01-08,900108-1260554,미필,2014-01-25,12,대졸,연세대학교,2.7,경력,계약직,KT,대리,프론트엔드개발,두리안정보기술,서울 여의도,개발부,백엔드팀,1,과장,팀원,1,,,shimtaeho_871@gmail.com,010-3409-9071,서울시 용산구 이태원동,55000000,22,12,국민은행,157073-56-860656,미가입,69,C,C,C,D,C,정보처리기사,969,해당,,,
EMP1863,하지호,남,35,1992-11-24,921124-1755927,군필,2020-02-02,6,대졸,한국외국어대학교,3.5,공채,정규직,,,,두리안정보기술,서울 여의도,마케팅부,디지털마케팅팀,1,과장,팀원,1,,,ha.jiho645@kakao.com,010-4326-2939,서울시 마포구 합정동,59000000,14,14,하나은행,111-563553-4849,가입,76,B,B,B,B,B,정보보안기사,,해당,,,
EMP1864,엄동현,남,39,1988-11-16,881116-1832754,미필,2016-11-06,10,대졸,광운대학교,3,인턴전환,정규직,,,,두리안정보기술,서울 강남,마케팅부,브랜드팀,1,과장,팀원,1,권고사직,2026-02-02,um동hyun_971@naver.com,010-2988-5515,서울시 강남구 역삼동,55000000,14,12,국민은행,575975-00-071612,가입,61,C,D,D,D,D,,605,비해당,,,
EMP1865,노민재,남,38,1989-09-12,890912-1892771,군필,2020-06-23,6,대학원졸,한양대학교,3.9,추천,정규직,,,,두리안정보기술,경기 판교,마케팅부,디지털마케팅팀,1,과장,팀원,1,,,nominjae_675@daum.net,010-7806-7646,경기도 성남시 분당구 판교동,54000000,16,4,신한은행,110-586-908420,가입,73,D,B,B,B,C,SQLD,,해당,,,
EMP1866,차성호,남,38,1989-10-15,891015-1313554,군필,2014-08-04,12,대학원졸,이화여자대학교,3.6,공채,계약직,,,,두리안정보기술,서울 강남,개발부,프론트팀,1,과장,팀원,1,,,cha.sungho138@daum.net,010-2721-5703,서울시 강남구 역삼동,48000000,18,15,카카오뱅크,333-69-6361739,가입,69,B,B,C,B,C,AWS Solutions Architect,,해당,,,
EMP1867,하서연,여,37,1990-07-20,900720-2704340,해당없음,2015-09-12,11,대졸,부산대학교,3.5,추천,정규직,,,,두리안정보기술,서울 강남,기획부,전략기획팀,1,과장,팀원,1,권고사직,2026-02-23,haseoyeon_643@hanmail.net,010-5310-5955,서울시 서초구 방배동,50000000,20,11,기업은행,020-56-506098,가입,82,B,B,B,A,A,,,비해당,,,
EMP1868,노소연,여,41,1986-05-17,860517-2274417,해당없음,2021-11-28,5,대졸,중앙대학교,2.5,경력,정규직,쿠팡,사원,인사관리,두리안정보기술,경기 판교,개발부,프론트팀,1,과장,팀원,1,,,soyeonno334@hanmail.net,010-9565-3613,경기도 성남시 분당구 판교동,53000000,30,5,신한은행,110-739-554671,가입,76,,B,C,B,B,,526,비해당,,,
EMP1869,전다은,여,41,1986-02-05,860205-2524915,해당없음,2014-11-12,12,전문대졸,인하공업전문대학,2.6,인턴전환,정규직,,,,두리안정보기술,서울 강남,영업부,해외영업팀,1,과장,팀원,1,,,jeon.daeun303@naver.com,010-2192-8697,서울시 송파구 문정동,48000000,29,3,국민은행,821760-32-666216,가입,86,B,B,C,A,A,ADsP,776,해당,,,
EMP1870,조미래,여,38,1989-01-26,890126-2421901,해당없음,2016-10-11,10,대졸,서강대학교,3.5,경력,정규직,카카오,과장,데이터분석,두리안정보기술,서울 강남,개발부,AI팀,1,과장,팀원,1,,,jomirae415@daum.net,010-3252-7875,서울시 송파구 문정동,48000000,20,8,기업은행,010-58-416878,가입,84,C,B,A,B,B,리눅스마스터,600,해당,,,
EMP1871,김지수,여,34,1993-01-12,930112-2786372,해당없음,2020-03-03,6,전문대졸,영진전문대학교,3.2,인턴전환,정규직,,,,두리안정보기술,경기 판교,인사부,채용팀,1,과장,팀원,1,,,kim.jisu20@gmail.com,010-5299-9746,경기도 성남시 분당구 판교동,55000000,13,1,우리은행,1006-059-143341,가입,75,C,B,B,B,C,SQLD,,해당,,,
EMP1872,차다은,여,38,1989-11-19,891119-2590794,해당없음,2021-06-20,5,대졸,서강대학교,2.6,공채,정규직,,,,두리안정보기술,서울 여의도,마케팅부,디지털마케팅팀,1,과장,팀원,1,권고사직,2026-01-14,chadaeun67@kakao.com,010-6220-5251,서울시 마포구 합정동,57000000,12,7,우리은행,1005-835-165901,가입,95,,S,S,A,S,정보보안기사,768,해당,,,
EMP1873,송도현,남,39,1988-01-26,880126-1390336,군필,2015-03-16,11,대졸,서울대학교,2.8,인턴전환,정규직,,,,두리안정보기술,서울 여의도,영업부,국내영업팀,1,과장,팀원,1,,,dohyunsong572@gmail.com,010-2569-8152,서울시 강서구 마곡동,53900000,19,4,국민은행,017203-06-706924,가입,83,C,A,B,B,B,,,비해당,,,
EMP1874,차하준,남,32,1995-03-06,950306-1257388,군필,2017-06-16,9,대졸,건국대학교,2.9,공채,정규직,,,,두리안정보기술,서울 강남,영업부,해외영업팀,1,과장,팀원,1,,,chahajun_517@naver.com,010-5493-7583,서울시 강남구 역삼동,55000000,26,9,신한은행,180-140-151818,가입,79,C,B,B,B,C,,727,비해당,,,
EMP1875,민우혁,남,35,1992-03-03,920303-1790760,군필,2020-02-09,6,대졸,연세대학교,3,공채,정규직,,,,두리안정보기술,경기 판교,기획부,전략기획팀,1,과장,팀원,1,,,minwoohyuk141@gmail.com,010-6185-3626,경기도 성남시 분당구 정자동,58000000,12,2,국민은행,253421-84-162534,가입,88,A,A,A,A,A,빅데이터분석기사,815,해당,,,
EMP1876,구채원,여,41,1986-12-07,861207-2159288,해당없음,2017-01-27,9,대학원졸,한국외국어대학교,3.6,경력,정규직,네이버,대리,백엔드개발,두리안정보기술,서울 여의도,개발부,백엔드팀,1,과장,팀원,1,,,chaewonkoo502@hanmail.net,010-3442-1285,서울시 은평구 불광동,66000000,25,7,신한은행,180-670-640697,가입,85,C,C,A,B,A,,,비해당,,감봉,복무규정위반
EMP1877,이지유,여,38,1989-05-05,890505-2982711,해당없음,2016-04-02,10,전문대졸,경북전문대학교,3.9,경력,정규직,삼성전자,과장,프론트엔드개발,두리안정보기술,서울 여의도,개발부,백엔드팀,1,과장,팀원,1,계약만료,2023-06-12,lee.jiyu503@hanmail.net,010-1990-1604,서울시 강서구 마곡동,54000000,17,12,기업은행,020-99-121655,가입,63,C,D,D,C,D,,630,비해당,,,
EMP1878,류현우,남,38,1989-06-16,890616-1433734,군필,2014-08-18,12,대졸,부산대학교,3,경력,정규직,쿠팡,차장,프로젝트관리,두리안정보기술,서울 강남,기획부,전략기획팀,1,과장,팀원,1,,,ryuhyunwoo_263@daum.net,010-3476-5242,서울시 송파구 문정동,54000000,21,4,토스뱅크,100-8278-9686,가입,89,A,S,S,A,S,,783,비해당,,,
EMP1879,이소희,여,36,1991-09-18,910918-2212827,해당없음,2020-11-06,6,대졸,중앙대학교,3.2,경력,정규직,네이버,대리,데이터분석,두리안정보기술,서울 강남,영업부,국내영업팀,1,과장,팀원,1,,,soheelee677@daum.net,010-8079-3600,서울시 강남구 역삼동,54000000,18,11,우리은행,1002-091-057641,가입,76,B,B,C,B,B,,802,비해당,우수사원상,,
EMP1880,고다은,여,35,1992-05-28,920528-2524369,해당없음,2020-02-19,6,전문대졸,인하공업전문대학,2.6,인턴전환,정규직,,,,두리안정보기술,경기 판교,기획부,사업기획팀,1,과장,팀원,1,,,daeunko450@naver.com,010-7226-5375,경기도 용인시 기흥구 영덕동,51000000,10,13,국민은행,528598-74-099577,미가입,77,B,B,D,C,B,,649,비해당,팀워크상,,
EMP1881,양채원,여,40,1987-09-21,870921-2337033,해당없음,2015-10-17,11,대졸,인하대학교,3.2,추천,정규직,,,,두리안정보기술,경기 판교,개발부,프론트팀,1,과장,팀원,1,,,yangchaewon_440@kakao.com,010-7456-1980,경기도 수원시 영통구 매탄동,50000000,20,4,국민은행,761745-34-143515,가입,80,A,B,B,A,B,,,비해당,팀워크상,,
EMP1882,윤재현,남,31,1996-01-10,960110-1792580,군필,2021-08-09,5,대졸,인하대학교,2.6,경력,정규직,롯데그룹,차장,재무회계,두리안정보기술,서울 강남,영업부,해외영업팀,1,과장,팀원,1,,,yoonjaehyun432@kakao.com,010-8199-4815,서울시 강남구 논현동,58000000,26,11,우리은행,1002-743-014440,가입,77,,B,B,C,C,SQLD,,해당,,,
EMP1883,강나은,여,37,1990-02-26,900226-2640869,해당없음,2017-04-12,9,대졸,서강대학교,3.2,공채,정규직,,,,두리안정보기술,서울 여의도,인사부,교육팀,1,과장,팀원,1,,,kangnaeun_640@daum.net,010-8161-7228,서울시 용산구 이태원동,60000000,17,0,토스뱅크,100-0986-2168,가입,76,B,B,C,B,B,,975,비해당,,,
EMP1884,문예은,여,39,1988-09-06,880906-2894806,해당없음,2021-03-04,5,대졸,이화여자대학교,3.1,경력,정규직,카카오,대리,영업관리,두리안정보기술,서울 여의도,기획부,전략기획팀,1,과장,팀원,1,,,yeeunmoon728@nate.com,010-1332-8727,서울시 용산구 이태원동,60000000,7,4,하나은행,162-046117-2126,가입,74,,B,B,B,B,,,비해당,,,
EMP1885,진태양,남,37,1990-04-02,900402-1971752,군필,2018-12-26,8,전문대졸,명지전문대학,3,경력,정규직,카카오,대리,마케팅기획,두리안정보기술,경기 판교,기획부,전략기획팀,1,과장,팀원,1,,,jintae양_941@naver.com,010-3611-9709,경기도 용인시 기흥구 영덕동,57000000,20,7,농협은행,356-9693-2758-52,가입,81,B,C,B,B,A,정보보안기사,787,해당,,,
EMP1886,원혜린,여,40,1987-10-28,871028-2632377,해당없음,2021-02-23,5,전문대졸,영진전문대학교,2.5,인턴전환,정규직,,,,두리안정보기술,서울 여의도,마케팅부,디지털마케팅팀,1,과장,팀원,1,,,hyerinwon223@naver.com,010-8272-3965,서울시 마포구 합정동,59000000,13,5,기업은행,030-52-398680,가입,77,,C,C,B,B,,837,비해당,,,
EMP1887,곽하영,여,35,1992-09-08,920908-2883751,해당없음,2021-03-15,5,대학원졸,한양대학교,2.7,추천,정규직,,,,두리안정보기술,서울 여의도,인사부,채용팀,1,과장,팀원,1,,,kwak.hayoung516@naver.com,010-7621-4727,서울시 용산구 이태원동,49000000,10,2,신한은행,180-244-644161,가입,93,,A,A,B,A,리눅스마스터,591,해당,공로상,,
EMP1888,곽성민,남,32,1995-04-14,950414-1801033,군필,2017-02-03,9,대학원졸,서울대학교,3.6,공채,정규직,,,,두리안정보기술,경기 판교,기획부,전략기획팀,1,과장,팀원,1,,,kwaksungmin_367@hanmail.net,010-1844-8141,경기도 성남시 분당구 판교동,56000000,10,1,국민은행,597435-07-394042,가입,69,C,C,C,C,C,SQLD,,해당,,,
EMP1889,이우혁,남,45,1982-08-25,820825-1571429,면제,2009-06-08,17,대졸,세종대학교,2.7,경력,정규직,네이버,과장,마케팅기획,두리안정보기술,경기 판교,영업부,해외영업팀,1,차장,팀원,2,,,leewoohyuk178@nate.com,010-8981-9168,경기도 수원시 영통구 매탄동,61000000,15,14,신한은행,180-832-190634,가입,89,A,B,A,B,A,,661,비해당,,,
EMP1890,황승준,남,37,1990-08-19,900819-1042373,군필,2011-03-16,15,대졸,세종대학교,3.4,경력,정규직,KT,대리,프로젝트관리,두리안정보기술,서울 여의도,기획부,사업기획팀,1,차장,팀원,2,계약만료,2020-06-05,hwangseungjun177@hanmail.net,010-4520-4838,서울시 강서구 마곡동,65000000,14,11,토스뱅크,100-0896-0553,미가입,64,C,D,D,D,C,ADsP,525,해당,,,
EMP1891,한수빈,여,43,1984-04-27,840427-2948754,해당없음,2009-12-13,17,전문대졸,인하공업전문대학,4,추천,정규직,,,,두리안정보기술,서울 여의도,영업부,국내영업팀,1,차장,팀원,2,,,subinhan233@kakao.com,010-7317-8461,서울시 용산구 이태원동,65000000,12,13,우리은행,1005-353-047421,가입,76,B,C,C,B,C,컴퓨터활용능력1급,504,해당,,,
EMP1892,차지현,여,39,1988-06-02,880602-2898307,해당없음,2016-10-21,10,대졸,서울대학교,2.9,추천,계약직,,,,두리안정보기술,서울 여의도,인사부,교육팀,1,차장,팀원,2,,,cha.jihyun49@naver.com,010-8932-5404,서울시 용산구 이태원동,65000000,6,6,하나은행,111-144584-3522,가입,69,C,C,B,C,C,,701,비해당,,경고,복무규정위반
EMP1893,장나은,여,46,1981-05-01,810501-2928115,해당없음,2009-02-26,17,대학원졸,건국대학교,3.8,인턴전환,정규직,,,,두리안정보기술,경기 판교,마케팅부,브랜드팀,1,차장,팀원,2,,,jangnaeun_28@naver.com,010-2842-4068,경기도 성남시 분당구 정자동,72000000,29,2,기업은행,010-02-578729,가입,82,B,B,A,B,B,,749,비해당,,,
EMP1894,손예린,여,37,1990-11-22,901122-2581904,해당없음,2012-03-12,14,대학원졸,동국대학교,2.8,경력,정규직,SK하이닉스,차장,인사관리,두리안정보기술,서울 여의도,기획부,사업기획팀,1,차장,팀원,2,,,yerinson715@naver.com,010-2680-9196,서울시 마포구 합정동,64900000,28,14,토스뱅크,100-3007-5741,가입,78,B,B,C,B,C,AWS Solutions Architect,637,해당,,,
EMP1895,하정우,남,39,1988-04-05,880405-1326107,군필,2009-04-24,17,대졸,서울대학교,3.2,공채,정규직,,,,두리안정보기술,서울 여의도,영업부,국내영업팀,1,차장,팀원,2,,,hajungwoo_124@nate.com,010-8025-7805,서울시 마포구 합정동,65000000,14,2,기업은행,030-25-952694,가입,96,S,S,S,S,S,,812,비해당,,,
EMP1896,박도현,남,40,1987-07-24,870724-1724104,군필,2017-07-20,9,대졸,부산대학교,3,인턴전환,정규직,,,,두리안정보기술,경기 판교,영업부,해외영업팀,1,차장,팀원,2,,,dohyunpark857@naver.com,010-9585-7694,경기도 용인시 기흥구 영덕동,62000000,17,15,신한은행,110-081-915999,미가입,63,C,C,C,D,D,,578,비해당,우수사원상,,
EMP1897,신성호,남,38,1989-08-05,890805-1305154,군필,2016-09-12,10,고졸,,,인턴전환,정규직,,,,두리안정보기술,서울 여의도,개발부,프론트팀,1,차장,팀원,2,,,shin.sungho123@nate.com,010-4072-5478,서울시 마포구 합정동,63000000,6,13,신한은행,100-493-754325,가입,77,C,B,B,D,B,,,비해당,,,
EMP1898,정세준,남,40,1987-10-22,871022-1153101,면제,2013-12-15,13,대졸,연세대학교,3.6,공채,정규직,,,,두리안정보기술,서울 강남,기획부,사업기획팀,1,차장,팀원,2,,,jungsejun349@hanmail.net,010-7992-6237,서울시 강남구 역삼동,68000000,17,12,하나은행,200-081127-8577,가입,76,B,B,B,C,D,AWS Solutions Architect,982,해당,,,
EMP1899,노다은,여,40,1987-07-12,870712-2434382,해당없음,2014-10-21,12,대졸,고려대학교,3.9,공채,정규직,,,,두리안정보기술,서울 강남,영업부,국내영업팀,1,차장,팀원,2,,,nodaeun731@nate.com,010-2158-4664,서울시 송파구 문정동,60000000,20,15,국민은행,708109-50-048134,가입,71,D,C,D,C,C,정보보안기사,912,해당,,,
EMP1900,이도현,남,43,1984-02-22,840222-1564622,군필,2012-05-07,14,대졸,숙명여자대학교,2.6,공채,정규직,,,,두리안정보기술,경기 판교,인사부,채용팀,1,차장,팀원,2,,,lee.dohyun324@naver.com,010-9855-3458,경기도 성남시 분당구 정자동,67000000,14,6,국민은행,629777-68-378160,가입,65,B,C,C,C,C,,871,비해당,,,
EMP1901,노건우,남,40,1987-05-22,870522-1564687,군필,2014-12-27,12,대학원졸,이화여자대학교,3.7,추천,정규직,,,,두리안정보기술,서울 여의도,개발부,인프라팀,1,차장,팀원,2,자발적퇴직,2019-06-20,nogunwoo500@gmail.com,010-7817-5819,서울시 용산구 이태원동,61000000,15,2,카카오뱅크,333-50-4925080,가입,68,B,C,C,C,D,,,비해당,,,
EMP1902,고지영,여,44,1983-09-26,830926-2026469,해당없음,2016-10-28,10,전문대졸,경북전문대학교,2.6,경력,정규직,SK하이닉스,차장,인사관리,두리안정보기술,서울 여의도,영업부,해외영업팀,1,차장,팀원,2,,,ko.jiyoung811@nate.com,010-1425-8850,서울시 용산구 이태원동,71000000,20,15,토스뱅크,100-1875-8397,가입,87,C,B,B,B,B,정보처리기사,713,해당,,,
EMP1903,윤시우,남,45,1982-07-13,820713-1251925,군필,2009-10-12,17,대졸,연세대학교,3.5,인턴전환,정규직,,,,두리안정보기술,서울 여의도,마케팅부,브랜드팀,1,차장,팀원,2,,,yoon시woo_934@gmail.com,010-9552-7308,서울시 마포구 합정동,68000000,23,15,카카오뱅크,333-71-4681618,가입,82,B,C,B,B,B,컴퓨터활용능력1급,726,해당,,,
EMP1904,고재현,남,36,1991-12-04,911204-1589996,군필,2016-05-22,10,대졸,인하대학교,3.4,추천,정규직,,,,두리안정보기술,경기 판교,인사부,교육팀,1,차장,팀원,2,,,jaehyunko663@gmail.com,010-9184-7962,경기도 용인시 기흥구 영덕동,68000000,19,6,하나은행,162-907636-7928,가입,75,B,B,B,C,B,리눅스마스터,,해당,MVP,감봉,지각반복
EMP1905,곽지훈,남,42,1985-10-05,851005-1804954,군필,2016-08-06,10,전문대졸,경북전문대학교,3.2,경력,정규직,KT,차장,프론트엔드개발,두리안정보기술,서울 여의도,기획부,사업기획팀,1,차장,팀원,2,,,kwakji훈_961@hanmail.net,010-7407-7221,서울시 은평구 불광동,68000000,12,12,하나은행,111-936215-9044,가입,64,D,D,C,D,C,,989,비해당,,,
EMP1906,문서현,여,44,1983-01-10,830110-2534855,해당없음,2013-04-10,13,대학원졸,한양대학교,3,추천,정규직,,,,두리안정보기술,경기 판교,인사부,교육팀,1,차장,팀원,2,,,moonseohyun497@daum.net,010-2316-3616,경기도 수원시 영통구 매탄동,70000000,9,15,우리은행,1006-671-144277,가입,63,C,D,C,C,C,,,비해당,,,
EMP1907,정지영,여,40,1987-07-22,870722-2510293,해당없음,2011-06-13,15,대졸,중앙대학교,3.6,추천,정규직,,,,두리안정보기술,서울 여의도,인사부,교육팀,1,차장,팀원,2,,,jungjiyoung_973@kakao.com,010-3530-3614,서울시 용산구 이태원동,61000000,15,4,신한은행,140-053-425207,미가입,79,B,C,C,B,B,SQLD,670,해당,,,
EMP1908,고나은,여,40,1987-09-06,870906-2645342,해당없음,2013-02-17,13,대졸,동국대학교,2.9,경력,정규직,쿠팡,대리,백엔드개발,두리안정보기술,서울 여의도,인사부,교육팀,1,차장,팀원,2,,,konaeun195@naver.com,010-8208-5848,서울시 용산구 이태원동,72000000,19,4,우리은행,1005-790-019173,가입,77,C,B,C,B,B,컴퓨터활용능력1급,781,해당,MVP,,
EMP1909,이준서,남,37,1990-09-03,900903-1032453,군필,2014-01-06,12,대졸,숙명여자대학교,3.4,추천,계약직,,,,두리안정보기술,경기 판교,기획부,사업기획팀,1,차장,팀원,2,,,leejunseo240@kakao.com,010-7657-7837,경기도 성남시 분당구 정자동,79000000,21,1,기업은행,030-58-887947,가입,87,B,B,A,B,B,,916,비해당,,,
EMP1910,박보미,여,45,1982-11-18,821118-2483019,해당없음,2013-11-26,13,전문대졸,경북전문대학교,2.8,추천,정규직,,,,두리안정보기술,경기 판교,영업부,국내영업팀,1,차장,팀원,2,,,park.bomi623@hanmail.net,010-7908-7323,경기도 성남시 분당구 판교동,64000000,15,9,국민은행,215598-14-485233,가입,88,S,A,S,S,B,,588,비해당,,,
EMP1911,서시우,남,36,1991-08-18,910818-1853506,군필,2017-01-14,9,대졸,동국대학교,2.9,공채,정규직,,,,두리안정보기술,경기 판교,개발부,프론트팀,1,차장,팀원,2,,,seo시woo243@naver.com,010-6343-2152,경기도 성남시 분당구 정자동,71000000,18,15,카카오뱅크,333-21-6923904,가입,80,A,B,B,C,B,정보처리기사,608,해당,,,
EMP1912,공준서,남,44,1983-03-12,830312-1222704,군필,2012-04-09,14,대졸,동국대학교,3.7,추천,정규직,,,,두리안정보기술,경기 판교,영업부,국내영업팀,1,차장,팀원,2,,,kong.junseo856@hanmail.net,010-8494-2740,경기도 수원시 영통구 매탄동,70000000,25,0,국민은행,732050-29-901738,가입,80,B,B,B,C,B,리눅스마스터,619,해당,,,
EMP1913,임건우,남,43,1984-03-26,840326-1020281,군필,2012-09-08,14,대졸,한국외국어대학교,3.8,추천,정규직,,,,두리안정보기술,서울 여의도,인사부,교육팀,1,차장,팀원,2,,,limgunwoo981@hanmail.net,010-6182-8101,서울시 용산구 이태원동,69000000,6,6,토스뱅크,100-1776-3636,가입,67,B,C,C,C,C,,812,비해당,,감봉,복무규정위반
EMP1914,하재현,남,39,1988-01-21,880121-1213833,군필,2016-06-03,10,대졸,홍익대학교,3.3,경력,정규직,롯데그룹,과장,백엔드개발,두리안정보기술,서울 여의도,인사부,채용팀,1,차장,팀원,2,정년퇴직,2018-11-24,hajaehyun_397@kakao.com,010-9392-6349,서울시 용산구 이태원동,72000000,10,14,신한은행,180-081-942179,미가입,75,C,B,B,B,B,,684,비해당,,,
EMP1915,함수아,여,42,1985-04-05,850405-2815859,해당없음,2015-04-28,11,전문대졸,영진전문대학교,2.6,추천,정규직,,,,두리안정보기술,서울 강남,인사부,교육팀,1,차장,팀원,2,,,suaham560@naver.com,010-9937-5196,서울시 강남구 논현동,71000000,5,6,토스뱅크,100-9691-1266,가입,78,B,C,B,B,B,,,비해당,,,
EMP1916,박준서,남,45,1982-07-01,820701-1570105,군필,2011-02-23,15,대학원졸,국민대학교,3.3,추천,정규직,,,,두리안정보기술,경기 판교,개발부,AI팀,1,차장,팀원,2,,,parkjunseo_750@nate.com,010-2815-8930,경기도 용인시 기흥구 영덕동,68000000,18,1,하나은행,162-973321-4980,가입,87,B,B,B,B,B,리눅스마스터,646,해당,,,
EMP1917,심혜린,여,36,1991-06-02,910602-2199867,해당없음,2013-01-25,13,대졸,숙명여자대학교,4,경력,정규직,쿠팡,대리,프로젝트관리,두리안정보기술,서울 여의도,영업부,국내영업팀,1,차장,팀원,2,,,shimhyerin469@daum.net,010-5910-6498,서울시 용산구 이태원동,74000000,13,3,농협은행,301-0871-9938-67,가입,63,D,C,C,C,C,ADsP,774,해당,,,
EMP1918,손승준,남,38,1989-11-24,891124-1092046,군필,2011-05-02,15,대졸,아주대학교,3.3,추천,정규직,,,,두리안정보기술,서울 여의도,기획부,전략기획팀,1,차장,팀원,2,,,son.seungjun351@naver.com,010-5309-8015,서울시 강서구 마곡동,71000000,17,10,우리은행,1006-842-932806,가입,80,B,B,B,B,C,,,비해당,,,
EMP1919,하수아,여,44,1983-01-04,830104-2312198,해당없음,2017-07-26,9,대졸,중앙대학교,3.8,추천,정규직,,,,두리안정보기술,경기 판교,영업부,해외영업팀,1,차장,팀원,2,,,suaha88@kakao.com,010-4147-5992,경기도 성남시 분당구 판교동,60000000,15,1,카카오뱅크,333-29-8241436,가입,87,B,B,B,B,B,빅데이터분석기사,646,해당,,,
EMP1920,박소희,여,46,1981-10-03,811003-2720533,해당없음,2015-03-18,11,고졸,,,인턴전환,정규직,,,,두리안정보기술,서울 여의도,인사부,교육팀,1,차장,팀원,2,,,parksohee622@hanmail.net,010-3142-2572,서울시 강서구 마곡동,77000000,24,12,기업은행,010-55-169409,가입,85,B,A,B,B,B,정보보안기사,729,해당,MVP,,
EMP1921,원보미,여,46,1981-08-08,810808-2464997,해당없음,2013-07-02,13,대졸,홍익대학교,2.8,공채,정규직,,,,두리안정보기술,서울 강남,마케팅부,브랜드팀,1,차장,팀원,2,,,won.bomi107@kakao.com,010-3467-7429,서울시 강남구 역삼동,64000000,20,11,신한은행,110-754-018556,가입,80,B,B,A,B,C,빅데이터분석기사,,해당,,,
EMP1922,허다은,여,42,1985-05-25,850525-2001520,해당없음,2015-05-20,11,전문대졸,명지전문대학,3.7,추천,정규직,,,,두리안정보기술,서울 여의도,기획부,전략기획팀,1,차장,팀원,2,,,heodaeun868@hanmail.net,010-6775-4651,서울시 마포구 합정동,70000000,17,0,기업은행,020-49-930972,가입,88,S,A,A,A,A,리눅스마스터,911,해당,,,
EMP1923,문태양,남,39,1988-10-27,881027-1046242,군필,2016-04-02,10,대졸,고려대학교,3,추천,정규직,,,,두리안정보기술,서울 강남,개발부,프론트팀,1,차장,팀원,2,,,tae양moon837@hanmail.net,010-8048-3134,서울시 강남구 논현동,64000000,19,15,토스뱅크,100-2074-5402,가입,73,B,B,B,B,C,정보보안기사,,해당,,,
EMP1924,최성민,남,41,1986-10-19,861019-1545112,면제,2013-11-22,13,전문대졸,영진전문대학교,3.9,공채,정규직,,,,두리안정보기술,서울 여의도,마케팅부,브랜드팀,1,차장,팀원,2,정년퇴직,2025-07-17,sungminchoi637@gmail.com,010-6593-7886,서울시 은평구 불광동,69000000,28,14,토스뱅크,100-2150-3852,가입,75,B,B,B,D,B,컴퓨터활용능력1급,,해당,,,
EMP1925,임세준,남,37,1990-06-04,900604-1619265,미필,2009-02-08,17,대학원졸,중앙대학교,3.6,공채,정규직,,,,두리안정보기술,서울 여의도,기획부,사업기획팀,1,차장,팀원,2,자발적퇴직,2011-09-12,lim.sejun682@nate.com,010-1262-9429,서울시 강서구 마곡동,67000000,14,4,신한은행,140-667-573638,가입,62,D,C,C,D,D,,653,비해당,,,
EMP1926,방동현,남,43,1984-07-16,840716-1674192,군필,2014-12-20,12,전문대졸,영진전문대학교,2.8,인턴전환,정규직,,,,두리안정보기술,서울 강남,개발부,인프라팀,1,차장,팀원,2,,,bang.동hyun136@daum.net,010-9235-7703,서울시 강남구 논현동,72000000,19,11,기업은행,030-96-230913,가입,83,B,B,A,B,B,,735,비해당,,,
EMP1927,허지유,여,41,1986-11-11,861111-2662510,해당없음,2017-10-18,9,대졸,부산대학교,2.9,인턴전환,정규직,,,,두리안정보기술,서울 여의도,기획부,전략기획팀,1,차장,팀원,2,,,heo.jiyu392@daum.net,010-9977-1741,서울시 용산구 이태원동,68000000,12,7,토스뱅크,100-1707-6679,가입,77,D,B,B,B,C,,824,비해당,MVP,,
EMP1928,홍재민,남,38,1989-06-02,890602-1783536,군필,2012-10-03,14,전문대졸,경북전문대학교,3.8,추천,계약직,,,,두리안정보기술,서울 강남,인사부,교육팀,1,차장,팀원,2,,,hongjaemin_80@gmail.com,010-8964-9700,서울시 강남구 역삼동,65000000,25,4,신한은행,110-026-859686,가입,81,B,B,B,B,B,ADsP,,해당,,,
EMP1929,한아름,여,36,1991-04-26,910426-2088765,해당없음,2014-10-06,12,대졸,서울대학교,2.8,인턴전환,정규직,,,,두리안정보기술,경기 판교,기획부,전략기획팀,1,차장,팀원,2,,,han.areum590@hanmail.net,010-6257-5830,경기도 용인시 기흥구 영덕동,70000000,27,14,토스뱅크,100-8985-6154,미가입,79,B,C,C,B,C,정보보안기사,773,해당,,,
EMP1930,서우혁,남,37,1990-02-22,900222-1246680,군필,2016-09-11,10,대졸,인하대학교,3.8,경력,정규직,삼성전자,과장,마케팅기획,두리안정보기술,경기 판교,마케팅부,브랜드팀,1,차장,팀원,2,계약만료,2025-09-26,seowoohyuk341@daum.net,010-8114-5205,경기도 수원시 영통구 매탄동,71000000,17,9,하나은행,111-485676-6500,가입,72,B,C,B,B,C,,,비해당,,,
EMP1931,차세준,남,45,1982-03-08,820308-1413786,면제,2010-09-20,16,대학원졸,인하대학교,3.5,인턴전환,정규직,,,,두리안정보기술,서울 여의도,마케팅부,브랜드팀,1,차장,팀원,2,,,chasejun920@nate.com,010-4202-6232,서울시 마포구 합정동,65000000,14,11,토스뱅크,100-3442-9054,가입,85,A,B,B,B,B,컴퓨터활용능력1급,520,해당,,,
EMP1932,윤예원,여,43,1984-05-10,840510-2185349,해당없음,2011-12-27,15,대졸,한국외국어대학교,3.2,공채,정규직,,,,두리안정보기술,서울 강남,마케팅부,디지털마케팅팀,1,차장,팀원,2,,,yoonyewon_155@gmail.com,010-3115-5967,서울시 송파구 문정동,61000000,16,10,토스뱅크,100-8084-6341,미가입,70,C,C,C,C,B,,891,비해당,,,
EMP1933,윤시우,남,40,1987-10-01,871001-1821915,군필,2016-07-09,10,전문대졸,영진전문대학교,3.5,공채,정규직,,,,두리안정보기술,서울 여의도,마케팅부,디지털마케팅팀,1,차장,팀원,2,,,yoon.시woo312@naver.com,010-7747-4170,서울시 강서구 마곡동,61000000,23,11,농협은행,301-6709-1791-05,미가입,74,C,C,C,C,B,ADsP,,해당,,,
EMP1934,신세준,남,41,1986-02-20,860220-1294436,군필,2012-03-25,14,대졸,서강대학교,2.7,공채,정규직,,,,두리안정보기술,경기 판교,개발부,백엔드팀,1,차장,팀원,2,,,shinsejun780@naver.com,010-4201-5686,경기도 성남시 분당구 판교동,64000000,22,12,국민은행,999786-20-758409,가입,86,B,A,A,C,C,ADsP,,해당,MVP,,
EMP1935,현지현,여,45,1982-08-20,820820-2554339,해당없음,2011-01-07,15,대학원졸,아주대학교,3.7,경력,정규직,포스코,차장,재무회계,두리안정보기술,서울 강남,기획부,전략기획팀,1,차장,팀원,2,,,jihyunhyun939@naver.com,010-7691-9125,서울시 송파구 문정동,66000000,18,0,우리은행,1006-673-658559,가입,74,C,B,D,D,C,빅데이터분석기사,814,해당,MVP,,
EMP1936,엄재원,남,40,1987-05-07,870507-1074030,군필,2016-07-15,10,대졸,건국대학교,3.6,인턴전환,정규직,,,,두리안정보기술,서울 강남,마케팅부,브랜드팀,1,차장,팀원,2,권고사직,2024-12-21,umjaewon460@hanmail.net,010-2153-2120,서울시 서초구 방배동,70000000,26,7,우리은행,1006-859-622145,가입,74,B,C,C,C,B,리눅스마스터,,해당,,,
EMP1937,지소연,여,45,1982-02-10,820210-2653950,해당없음,2015-11-08,11,대학원졸,성균관대학교,3.3,추천,정규직,,,,두리안정보기술,경기 판교,마케팅부,디지털마케팅팀,1,차장,팀원,2,,,jisoyeon447@kakao.com,010-9549-2258,경기도 용인시 기흥구 영덕동,61000000,17,12,우리은행,1005-583-326052,가입,78,C,C,C,B,C,,,비해당,,,
EMP1938,심시우,남,42,1985-03-28,850328-1741030,군필,2013-02-25,13,고졸,,,경력,정규직,LG전자,사원,데이터분석,두리안정보기술,서울 여의도,개발부,인프라팀,1,차장,팀원,2,,,shim.시woo244@hanmail.net,010-1406-2281,서울시 은평구 불광동,65000000,15,0,하나은행,111-791431-7987,가입,92,B,S,A,A,A,빅데이터분석기사,688,해당,,,
EMP1939,윤성호,남,36,1991-01-18,910118-1327109,군필,2016-05-25,10,대학원졸,아주대학교,3.5,공채,정규직,,,,두리안정보기술,경기 판교,영업부,국내영업팀,1,차장,팀원,2,,,sunghoyoon674@naver.com,010-8048-1715,경기도 성남시 분당구 판교동,70000000,18,2,토스뱅크,100-5835-0841,가입,70,C,B,C,C,D,빅데이터분석기사,834,해당,,,
EMP1940,진준서,남,46,1981-07-25,810725-1693379,면제,2013-02-06,13,대졸,동국대학교,3.7,경력,정규직,삼성전자,차장,프로젝트관리,두리안정보기술,서울 여의도,마케팅부,디지털마케팅팀,1,차장,팀원,2,,,jinjunseo_124@hanmail.net,010-8368-5686,서울시 마포구 합정동,67000000,20,2,국민은행,404944-18-104780,가입,84,B,B,B,C,B,빅데이터분석기사,,해당,,,
EMP1941,원우진,남,36,1991-05-22,910522-1184762,군필,2017-04-24,9,대학원졸,이화여자대학교,3.6,경력,정규직,삼성전자,대리,인사관리,두리안정보기술,서울 강남,인사부,교육팀,1,차장,팀원,2,,,woojinwon186@kakao.com,010-6921-9546,서울시 송파구 문정동,66000000,16,8,토스뱅크,100-6414-1260,가입,86,B,B,B,B,A,SQLD,552,해당,공로상,,
EMP1942,노재원,남,55,1972-02-12,720212-1276033,군필,2003-11-13,23,전문대졸,명지전문대학,2.9,추천,정규직,,,,두리안정보기술,경기 판교,개발부,프론트팀,1,부장,팀장,2,,,no.jaewon620@nate.com,010-8911-3766,경기도 성남시 분당구 정자동,83000000,22,3,기업은행,010-75-626368,가입,85,B,A,B,B,B,AWS Solutions Architect,954,해당,,,
EMP1943,허하준,남,49,1978-01-20,780120-1363026,군필,2004-07-16,22,대졸,동국대학교,3,인턴전환,정규직,,,,두리안정보기술,경기 판교,개발부,프론트팀,1,부장,팀원,2,,,hajunheo655@nate.com,010-9202-8515,경기도 용인시 기흥구 영덕동,99000000,18,10,하나은행,200-706716-9449,가입,68,C,C,D,C,B,,799,비해당,,,
EMP1944,방예원,여,42,1985-09-15,850915-2010934,해당없음,2008-12-03,18,대학원졸,동국대학교,3.3,공채,정규직,,,,두리안정보기술,서울 여의도,마케팅부,브랜드팀,1,부장,팀원,2,,,bangyewon_759@gmail.com,010-9881-2848,서울시 강서구 마곡동,86000000,15,11,토스뱅크,100-1442-5825,가입,81,B,B,B,B,B,정보보안기사,,해당,공로상,,
EMP1945,전아름,여,58,1969-05-26,690526-2257839,해당없음,2002-09-05,24,대졸,중앙대학교,3.9,공채,정규직,,,,두리안정보기술,경기 판교,마케팅부,브랜드팀,1,부장,팀원,2,,,jeonareum543@gmail.com,010-9000-3383,경기도 용인시 기흥구 영덕동,101000000,15,1,하나은행,162-007128-6088,가입,73,D,C,C,B,B,리눅스마스터,,해당,,,
EMP1946,윤다은,여,49,1978-04-01,780401-2042618,해당없음,2007-09-21,19,대졸,고려대학교,3.1,추천,정규직,,,,두리안정보기술,경기 판교,마케팅부,브랜드팀,1,부장,팀원,2,,,yoon.daeun758@nate.com,010-1288-4774,경기도 성남시 분당구 정자동,118000000,17,14,카카오뱅크,333-21-3989885,가입,70,C,C,B,C,C,,603,비해당,,,
EMP1947,고아름,여,60,1967-01-06,670106-2595897,해당없음,2009-10-18,17,대졸,광운대학교,3.1,경력,정규직,쿠팡,차장,마케팅기획,두리안정보기술,서울 여의도,인사부,채용팀,1,부장,팀원,2,,,ko.areum125@naver.com,010-6926-2488,서울시 강서구 마곡동,89000000,17,2,농협은행,356-8687-6753-09,가입,66,D,B,C,C,D,정보처리기사,804,해당,,,
EMP1948,구하영,여,58,1969-08-18,690818-2755383,해당없음,1999-02-19,27,전문대졸,명지전문대학,3.1,추천,정규직,,,,두리안정보기술,서울 여의도,영업부,해외영업팀,1,부장,팀원,2,,,hayoungkoo31@hanmail.net,010-2074-8521,서울시 은평구 불광동,83000000,7,11,우리은행,1002-548-997009,가입,72,C,B,C,C,C,,690,비해당,,,
EMP1949,공지수,여,61,1966-03-02,660302-2842395,해당없음,2000-09-26,26,전문대졸,인하공업전문대학,3.7,공채,정규직,,,,두리안정보기술,경기 판교,마케팅부,디지털마케팅팀,1,부장,팀장,2,,,kong.jisu78@naver.com,010-1187-6567,경기도 성남시 분당구 판교동,86000000,25,4,신한은행,180-540-410378,가입,82,B,A,A,A,A,정보처리기사,795,해당,,,
EMP1950,이수빈,여,41,1986-09-01,860901-2500443,해당없음,2009-11-04,17,대학원졸,연세대학교,3.9,추천,정규직,,,,두리안정보기술,서울 강남,마케팅부,디지털마케팅팀,1,부장,팀원,2,,,leesubin_791@kakao.com,010-4829-7473,서울시 송파구 문정동,77000000,13,14,토스뱅크,100-2205-0758,가입,63,C,D,C,D,C,SQLD,734,해당,,,
EMP1951,장정우,남,45,1982-05-17,820517-1979765,군필,2004-03-21,22,전문대졸,인하공업전문대학,3.4,경력,정규직,현대자동차,차장,백엔드개발,두리안정보기술,서울 여의도,영업부,국내영업팀,1,부장,팀원,2,,,jang.jungwoo562@hanmail.net,010-3547-1435,서울시 용산구 이태원동,110000000,10,7,우리은행,1005-661-418557,가입,71,C,B,C,D,D,컴퓨터활용능력1급,956,해당,팀워크상,,
EMP1952,진수진,여,59,1968-11-26,681126-2068743,해당없음,2012-06-26,14,대졸,건국대학교,2.8,추천,정규직,,,,두리안정보기술,경기 판교,영업부,해외영업팀,1,부장,팀원,2,,,jinsujin_864@naver.com,010-4840-7169,경기도 용인시 기흥구 영덕동,101000000,19,15,카카오뱅크,333-54-3352206,가입,89,A,A,A,A,A,,,비해당,,,
EMP1953,원수아,여,47,1980-07-13,800713-2023232,해당없음,2012-03-04,14,대졸,성균관대학교,3.7,경력,정규직,쿠팡,사원,프론트엔드개발,두리안정보기술,경기 판교,인사부,교육팀,1,부장,팀원,2,권고사직,2016-05-24,suawon511@daum.net,010-6501-4370,경기도 용인시 기흥구 영덕동,86000000,22,4,기업은행,030-70-283857,가입,74,C,B,B,B,B,,507,비해당,,,
EMP1954,홍하영,여,41,1986-07-19,860719-2803715,해당없음,2009-07-21,23,전문대졸,경북전문대학교,2.9,공채,정규직,,,,두리안정보기술,서울 여의도,영업부,국내영업팀,1,부장,팀장,2,,,honghayoung_53@nate.com,010-7716-4765,서울시 용산구 이태원동,116000000,8,2,하나은행,181-765476-2449,가입,89,A,A,B,A,A,,,비해당,,,
EMP1955,장지민,여,44,1983-02-27,830227-2019669,해당없음,2011-12-04,15,대졸,동국대학교,2.8,인턴전환,정규직,,,,두리안정보기술,서울 강남,기획부,사업기획팀,1,부장,팀원,2,,,jangjimin_894@nate.com,010-2304-8375,서울시 강남구 논현동,84000000,15,1,농협은행,351-4536-1415-99,가입,75,B,B,B,B,C,,988,비해당,,감봉,복무규정위반
EMP1956,강도현,남,54,1973-02-15,730215-1417215,군필,2003-02-07,23,대졸,건국대학교,2.7,추천,정규직,,,,두리안정보기술,서울 강남,마케팅부,브랜드팀,1,부장,팀원,2,,,dohyunkang672@hanmail.net,010-2988-4954,서울시 송파구 문정동,107000000,23,3,하나은행,181-870763-7074,가입,82,B,B,B,B,A,SQLD,761,해당,MVP,,
EMP1957,배준혁,남,45,1982-08-13,820813-1307328,군필,2011-05-12,15,대학원졸,서강대학교,3.8,추천,정규직,,,,두리안정보기술,서울 여의도,영업부,국내영업팀,1,부장,팀원,2,,,baejunhyuk116@daum.net,010-8950-5020,서울시 마포구 합정동,86000000,20,8,농협은행,351-6036-8895-43,가입,82,B,B,C,B,B,,,비해당,,,
EMP1958,주소희,여,53,1974-01-17,740117-2914991,해당없음,2004-02-21,22,대학원졸,경희대학교,3.2,공채,정규직,,,,두리안정보기술,서울 여의도,영업부,국내영업팀,1,부장,팀원,2,,,joo.sohee482@hanmail.net,010-9997-9519,서울시 마포구 합정동,94000000,19,2,신한은행,140-342-357630,가입,89,S,A,S,A,A,리눅스마스터,850,해당,,,
EMP1959,조수진,여,60,1967-02-21,670221-2312518,해당없음,2006-03-09,20,대학원졸,서강대학교,2.5,추천,정규직,,,,두리안정보기술,경기 판교,마케팅부,브랜드팀,1,부장,팀원,2,,,sujinjo941@gmail.com,010-6308-5308,경기도 성남시 분당구 판교동,85000000,15,2,토스뱅크,100-8867-4854,가입,93,A,A,S,B,A,,775,비해당,,,
EMP1960,임재원,남,55,1972-07-24,720724-1334911,면제,2007-12-10,19,대졸,부산대학교,3.5,경력,정규직,삼성전자,사원,재무회계,두리안정보기술,경기 판교,마케팅부,브랜드팀,1,부장,팀원,2,,,jaewonlim221@kakao.com,010-2959-5762,경기도 용인시 기흥구 영덕동,97000000,21,13,기업은행,030-65-278585,가입,84,B,B,B,C,A,SQLD,892,해당,,,
EMP1961,한승준,남,42,1985-12-25,851225-1903586,군필,2010-03-29,23,대졸,고려대학교,2.7,공채,정규직,,,,두리안정보기술,경기 판교,인사부,채용팀,1,부장,팀원,2,,,seungjunhan303@kakao.com,010-6769-5625,경기도 용인시 기흥구 영덕동,83000000,19,1,신한은행,180-609-099740,미가입,81,B,B,B,B,B,AWS Solutions Architect,924,해당,,,
EMP1962,한하은,여,61,1966-05-14,660514-2953284,해당없음,2007-02-11,19,대졸,아주대학교,3.6,추천,정규직,,,,두리안정보기술,서울 강남,영업부,국내영업팀,1,부장,팀원,2,,,hanhaeun_722@hanmail.net,010-1049-5421,서울시 강남구 역삼동,84000000,18,8,기업은행,030-49-733484,가입,75,B,C,C,B,B,리눅스마스터,507,해당,,,
EMP1963,곽나은,여,53,1974-12-09,741209-2743022,해당없음,2003-03-23,23,대졸,건국대학교,2.9,인턴전환,정규직,,,,두리안정보기술,경기 판교,기획부,전략기획팀,1,부장,팀원,2,,,naeunkwak780@kakao.com,010-6601-5008,경기도 성남시 분당구 판교동,117000000,15,3,기업은행,010-44-375758,가입,61,D,C,C,C,D,AWS Solutions Architect,,해당,,,
EMP1964,원성호,남,59,1968-01-27,680127-1362764,군필,2005-10-10,21,고졸,,,추천,정규직,,,,두리안정보기술,서울 강남,개발부,프론트팀,1,부장,팀원,2,,,won.sungho919@daum.net,010-8226-4326,서울시 송파구 문정동,86000000,28,9,농협은행,302-5735-5554-78,가입,74,C,B,C,C,C,,,비해당,,,
EMP1965,진수빈,여,55,1972-04-11,720411-2196242,해당없음,2011-07-22,15,전문대졸,명지전문대학,3.9,공채,정규직,,,,두리안정보기술,서울 강남,영업부,해외영업팀,1,부장,팀원,2,,,subinjin446@hanmail.net,010-2154-2061,서울시 강남구 역삼동,101000000,25,5,하나은행,181-456472-6678,가입,84,B,B,B,B,B,,818,비해당,,,
EMP1966,노재현,남,50,1977-02-06,770206-1662754,군필,2008-07-03,18,대졸,아주대학교,3.9,인턴전환,정규직,,,,두리안정보기술,경기 판교,인사부,교육팀,1,부장,팀원,2,,,nojaehyun_204@kakao.com,010-2117-4543,경기도 성남시 분당구 판교동,130900000,8,15,농협은행,351-8953-3091-33,가입,94,B,B,A,A,A,ADsP,,해당,,,
EMP1967,남성민,남,53,1974-09-23,740923-1077828,미필,2012-10-17,14,대졸,경희대학교,3.9,경력,정규직,현대자동차,대리,프론트엔드개발,두리안정보기술,경기 판교,영업부,국내영업팀,1,부장,팀원,2,,,sungminnam165@gmail.com,010-7234-8330,경기도 수원시 영통구 매탄동,80000000,13,14,토스뱅크,100-2045-3268,가입,71,C,C,C,C,D,ADsP,862,해당,,,
EMP1968,허재민,남,50,1977-04-17,770417-1046752,군필,2001-01-16,25,전문대졸,명지전문대학,3.5,경력,정규직,LG전자,과장,프로젝트관리,두리안정보기술,서울 강남,인사부,교육팀,1,부장,팀장,2,,,heo.jaemin290@naver.com,010-8090-5151,서울시 서초구 방배동,97000000,23,15,토스뱅크,100-5545-9482,가입,77,B,D,B,B,D,,934,비해당,,,
EMP1969,유재민,남,50,1977-11-21,771121-1436786,군필,2008-12-06,18,대졸,국민대학교,3,경력,정규직,네이버,과장,데이터분석,두리안정보기술,서울 여의도,개발부,AI팀,1,부장,팀원,2,,,jaeminyoo145@daum.net,010-4905-3001,서울시 강서구 마곡동,99000000,8,11,국민은행,596248-14-445439,가입,73,B,B,C,C,B,정보처리기사,810,해당,,,
EMP1970,허수진,여,54,1973-10-28,731028-2529000,해당없음,1999-08-07,27,대졸,이화여자대학교,3.7,공채,정규직,,,,두리안정보기술,경기 판교,기획부,사업기획팀,1,부장,팀장,2,,,sujinheo257@kakao.com,010-4464-6259,경기도 성남시 분당구 정자동,89000000,14,6,기업은행,030-44-198665,가입,74,B,B,B,C,B,SQLD,,해당,,,
EMP1971,조건우,남,56,1971-08-07,710807-1954022,미필,2010-10-27,16,고졸,,,추천,정규직,,,,두리안정보기술,서울 강남,마케팅부,브랜드팀,1,부장,팀원,2,,,gunwoojo406@daum.net,010-2798-2985,서울시 서초구 방배동,80000000,24,10,기업은행,010-40-415747,가입,84,B,A,B,A,B,AWS Solutions Architect,849,해당,,,
EMP1972,손수아,여,46,1981-08-13,810813-2366526,해당없음,2005-03-12,21,대졸,숙명여자대학교,3.9,추천,정규직,,,,두리안정보기술,서울 강남,영업부,국내영업팀,1,부장,팀원,2,,,sonsua870@gmail.com,010-5192-5046,서울시 서초구 방배동,97000000,19,13,우리은행,1002-882-115878,가입,70,C,C,C,B,B,,,비해당,팀워크상,,
EMP1973,공승준,남,48,1979-07-13,790713-1622806,군필,2012-05-08,14,대졸,인하대학교,3.7,인턴전환,정규직,,,,두리안정보기술,경기 판교,인사부,교육팀,1,부장,팀원,2,,,kongseungjun531@gmail.com,010-8492-7463,경기도 성남시 분당구 판교동,88000000,9,0,농협은행,302-1663-1855-38,가입,73,C,C,B,C,C,정보보안기사,,해당,,,
EMP1974,남소희,여,60,1967-01-14,670114-2939042,해당없음,2009-02-02,17,전문대졸,경북전문대학교,3.5,추천,정규직,,,,두리안정보기술,서울 여의도,마케팅부,브랜드팀,1,부장,팀원,2,,,soheenam440@naver.com,010-6009-8291,서울시 강서구 마곡동,83000000,10,0,하나은행,200-370795-1193,가입,72,B,C,B,C,B,,,비해당,,,
EMP1975,백우진,남,44,1983-05-20,830520-1487136,미필,2009-03-03,17,전문대졸,인하공업전문대학,3.2,추천,정규직,,,,두리안정보기술,서울 여의도,마케팅부,디지털마케팅팀,1,부장,팀원,2,,,baek.woojin493@kakao.com,010-1487-4812,서울시 용산구 이태원동,110000000,26,0,카카오뱅크,333-73-5394025,가입,80,B,B,B,B,B,,938,비해당,,,
EMP1976,황하영,여,57,1970-08-04,700804-2671533,해당없음,2004-10-02,22,대졸,서울대학교,3.1,인턴전환,정규직,,,,두리안정보기술,경기 판교,영업부,국내영업팀,1,부장,팀원,2,,,hwanghayoung_942@nate.com,010-5429-5188,경기도 성남시 분당구 판교동,86900000,14,13,카카오뱅크,333-59-5087267,가입,82,B,B,C,B,A,ADsP,625,해당,,,
EMP1977,하예원,여,57,1970-09-23,700923-2665720,해당없음,2003-08-12,23,고졸,,,경력,정규직,SK하이닉스,차장,백엔드개발,두리안정보기술,경기 판교,기획부,사업기획팀,1,부장,팀원,2,권고사직,2015-12-10,hayewon_424@gmail.com,010-4392-3002,경기도 용인시 기흥구 영덕동,79000000,16,1,토스뱅크,100-4715-4157,가입,67,C,C,B,D,C,,,비해당,,,
EMP1978,곽태양,남,59,1968-07-05,680705-1893400,군필,2010-05-22,16,대졸,이화여자대학교,3.1,인턴전환,정규직,,,,두리안정보기술,경기 판교,인사부,교육팀,1,부장,팀원,2,,,tae양kwak797@gmail.com,010-5722-6360,경기도 용인시 기흥구 영덕동,114000000,15,13,토스뱅크,100-8720-4671,가입,95,A,A,S,A,A,,591,비해당,,,
EMP1979,현채원,여,50,1977-04-08,770408-2559454,해당없음,1999-12-27,27,대졸,아주대학교,2.7,공채,정규직,,,,두리안정보기술,서울 여의도,영업부,해외영업팀,1,부장,팀원,2,,,chaewonhyun904@daum.net,010-9089-6043,서울시 은평구 불광동,87000000,14,11,우리은행,1005-786-413743,가입,71,D,C,C,C,C,,870,비해당,,,
EMP1980,나성민,남,50,1977-07-15,770715-1633805,군필,2000-10-26,26,대졸,경희대학교,3.7,공채,정규직,,,,두리안정보기술,경기 판교,마케팅부,디지털마케팅팀,1,부장,팀원,2,,,nasungmin_567@kakao.com,010-7772-2884,경기도 성남시 분당구 판교동,88000000,5,0,기업은행,010-38-484219,가입,75,B,C,C,B,B,,651,비해당,,,
EMP1981,황지영,여,54,1973-07-15,730715-2574075,해당없음,2010-08-26,16,대졸,서강대학교,2.5,경력,정규직,네이버,과장,재무회계,두리안정보기술,서울 강남,기획부,사업기획팀,1,부장,팀원,2,,,jiyounghwang486@nate.com,010-9329-5520,서울시 강남구 역삼동,83000000,14,1,신한은행,110-926-062699,가입,79,B,B,C,B,B,,,비해당,MVP,,
EMP1982,엄승준,남,42,1985-03-19,850319-1908394,미필,2007-10-23,27,대졸,연세대학교,2.7,공채,정규직,,,,두리안정보기술,경기 판교,개발부,AI팀,1,부장,팀장,2,,,seungjunum131@nate.com,010-1516-8746,경기도 성남시 분당구 정자동,89000000,14,14,신한은행,140-757-992815,가입,74,B,B,B,D,B,AWS Solutions Architect,507,해당,,,
EMP1983,곽세준,남,59,1968-01-08,680108-1670105,군필,1999-01-16,27,대졸,세종대학교,3.8,경력,정규직,KT,과장,재무회계,두리안정보기술,서울 여의도,인사부,채용팀,1,부장,팀장,2,,,kwaksejun252@nate.com,010-3798-7319,서울시 용산구 이태원동,103000000,12,0,하나은행,200-474702-9170,가입,72,D,C,B,B,C,AWS Solutions Architect,,해당,,,
EMP1984,엄하은,여,51,1976-09-09,760909-2320998,해당없음,2001-12-25,25,대졸,서강대학교,3.2,인턴전환,정규직,,,,두리안정보기술,서울 강남,마케팅부,브랜드팀,1,부장,팀원,2,,,um.haeun169@nate.com,010-2821-6998,서울시 송파구 문정동,123000000,11,6,토스뱅크,100-8087-5556,가입,65,C,B,B,B,B,,,비해당,,,
EMP1985,안세준,남,56,1971-02-05,710205-1331339,군필,2001-01-21,25,고졸,,,인턴전환,정규직,,,,두리안정보기술,경기 판교,영업부,국내영업팀,1,부장,팀원,2,계약만료,2010-11-14,ansejun901@hanmail.net,010-7773-6978,경기도 용인시 기흥구 영덕동,88000000,21,13,농협은행,356-6413-7202-16,가입,70,B,C,C,C,C,빅데이터분석기사,,해당,,,
EMP1986,김시우,남,48,1979-04-09,790409-1440001,미필,2006-08-18,20,대졸,인하대학교,2.8,추천,정규직,,,,두리안정보기술,서울 강남,개발부,인프라팀,1,부장,팀원,2,,,kim시woo187@daum.net,010-5423-2431,서울시 송파구 문정동,118000000,19,15,국민은행,199182-78-035910,가입,78,B,C,B,B,B,,515,비해당,,,
EMP1987,오다은,여,53,1974-10-21,741021-2593616,해당없음,2006-09-11,20,대학원졸,홍익대학교,3,추천,정규직,,,,두리안정보기술,서울 여의도,개발부,인프라팀,1,부장,팀원,2,,,oh.daeun20@hanmail.net,010-8735-6564,서울시 용산구 이태원동,86000000,30,7,하나은행,111-387094-2084,가입,74,C,B,B,C,C,SQLD,747,해당,,,
EMP1988,조재원,남,57,1970-06-13,700613-1360604,군필,1999-03-09,27,고졸,,,공채,정규직,,,,두리안정보기술,서울 여의도,마케팅부,디지털마케팅팀,1,부장,팀원,2,,,jojaewon709@nate.com,010-1265-8165,서울시 마포구 합정동,79000000,20,12,하나은행,200-848050-4141,가입,74,B,B,C,C,B,ADsP,529,해당,,,
EMP1989,전재원,남,50,1977-05-02,770502-1454914,군필,2002-06-04,24,대졸,부산대학교,3.3,추천,정규직,,,,두리안정보기술,서울 여의도,기획부,전략기획팀,1,부장,팀원,2,,,jeon.jaewon419@hanmail.net,010-1451-3554,서울시 마포구 합정동,117000000,19,2,기업은행,030-93-308330,가입,70,C,C,C,C,C,,575,비해당,,,
EMP1990,방보미,여,50,1977-09-21,770921-2058513,해당없음,1999-11-25,27,대졸,한국외국어대학교,4,인턴전환,정규직,,,,두리안정보기술,경기 판교,인사부,채용팀,1,부장,팀원,2,,,bang.bomi341@kakao.com,010-5128-5757,경기도 성남시 분당구 정자동,76000000,16,6,국민은행,990877-64-894384,가입,72,B,B,B,B,B,빅데이터분석기사,520,해당,,,
EMP1991,천나은,여,55,1972-05-08,720508-2256825,해당없음,2008-09-17,18,대졸,성균관대학교,3.6,공채,정규직,,,,두리안정보기술,경기 판교,인사부,교육팀,1,부장,팀원,2,,,cheonnaeun380@naver.com,010-7782-8785,경기도 성남시 분당구 판교동,86000000,17,5,카카오뱅크,333-48-7454390,가입,71,C,D,C,D,D,빅데이터분석기사,791,해당,,,
EMP1992,이준혁,남,58,1969-07-10,690710-1390038,군필,1999-08-28,27,대졸,경희대학교,3.7,경력,정규직,현대자동차,차장,마케팅기획,두리안정보기술,서울 강남,영업부,해외영업팀,1,부장,팀장,2,,,leejunhyuk164@hanmail.net,010-7058-4161,서울시 강남구 논현동,85000000,23,7,토스뱅크,100-4539-0028,가입,87,B,B,B,B,B,리눅스마스터,,해당,우수사원상,,
EMP1993,손민재,남,58,1969-01-23,690123-1517144,군필,2009-12-07,17,대졸,연세대학교,2.7,추천,정규직,,,,두리안정보기술,서울 여의도,기획부,전략기획팀,1,부장,팀원,2,,,son.minjae991@gmail.com,010-6253-6876,서울시 마포구 합정동,86000000,16,4,국민은행,409952-50-298268,가입,77,C,B,B,B,B,ADsP,911,해당,,,
EMP1994,신시우,남,43,1984-02-08,840208-1854289,군필,2005-06-20,21,전문대졸,영진전문대학교,3.6,경력,정규직,SK하이닉스,사원,데이터분석,두리안정보기술,서울 강남,인사부,교육팀,1,부장,팀원,2,,,shin시woo_257@hanmail.net,010-5948-1611,서울시 강남구 역삼동,119000000,15,15,농협은행,301-8787-3300-85,가입,73,C,C,B,C,B,,656,비해당,MVP,,
EMP1995,임수빈,여,46,1981-10-04,811004-2128854,해당없음,2007-11-27,19,대학원졸,한국외국어대학교,3,경력,정규직,삼성전자,사원,인사관리,두리안정보기술,서울 강남,영업부,해외영업팀,1,부장,팀원,2,정년퇴직,2016-04-20,limsubin601@nate.com,010-2489-3599,서울시 서초구 방배동,85000000,6,0,카카오뱅크,333-92-5508930,가입,72,C,C,B,B,C,,659,비해당,,,
EMP1996,고민준,남,41,1986-03-11,860311-1852876,면제,2007-10-26,19,전문대졸,명지전문대학,2.7,추천,정규직,,,,두리안정보기술,서울 강남,기획부,전략기획팀,1,부장,팀원,2,,,minjunko981@hanmail.net,010-2555-9497,서울시 강남구 역삼동,87000000,21,12,기업은행,010-65-712082,가입,79,C,B,B,D,C,빅데이터분석기사,574,해당,,,
EMP1997,주준서,남,49,1978-12-06,781206-1318415,면제,2004-11-10,22,대졸,고려대학교,3.1,공채,정규직,,,,두리안정보기술,서울 강남,기획부,전략기획팀,1,부장,팀원,2,,,joo.junseo392@daum.net,010-2877-6004,서울시 송파구 문정동,86000000,9,7,토스뱅크,100-2192-2363,가입,75,B,B,C,C,C,,664,비해당,,,
EMP1998,최우진,남,52,1975-05-15,750515-1370399,군필,2003-11-07,23,대졸,중앙대학교,3.8,경력,정규직,카카오,차장,마케팅기획,두리안정보기술,서울 강남,개발부,백엔드팀,1,부장,팀장,2,,,choi.woojin412@hanmail.net,010-2893-8508,서울시 강남구 역삼동,86000000,21,2,국민은행,808266-76-097237,가입,71,C,C,C,C,B,컴퓨터활용능력1급,966,해당,MVP,,
EMP1999,심시우,남,47,1980-07-04,800704-1369487,군필,2012-03-03,14,대졸,홍익대학교,3.9,공채,정규직,,,,두리안정보기술,서울 여의도,인사부,채용팀,1,부장,팀원,2,,,shim시woo478@daum.net,010-4422-1624,서울시 강서구 마곡동,88000000,16,13,농협은행,351-4014-1878-18,가입,65,C,D,C,C,B,,868,비해당,,,
EMP2000,심서연,여,41,1986-11-23,861123-2572080,해당없음,2006-12-23,20,전문대졸,영진전문대학교,3.3,추천,정규직,,,,두리안정보기술,경기 판교,기획부,사업기획팀,1,부장,팀원,2,,,seoyeonshim144@daum.net,010-2530-9141,경기도 성남시 분당구 정자동,77000000,10,3,카카오뱅크,333-83-3398604,가입,80,B,B,B,B,B,컴퓨터활용능력1급,622,해당,,,