Starting a Gradle Daemon, 19 busy Daemons could not be reused, use --status for details
> Task :compileJava UP-TO-DATE
> Task :processResources UP-TO-DATE
> Task :classes UP-TO-DATE
> Task :resolveMainClassName UP-TO-DATE

> Task :bootRun

  .   ____          _            __ _ _
 /\\ / ___'_ __ _ _(_)_ __  __ _ \ \ \ \
( ( )\___ | '_ | '_| | '_ \/ _` | \ \ \ \
 \\/  ___)| |_)| | | | | || (_| |  ) ) ) )
  '  |____| .__|_| |_|_| |_\__, | / / / /
 =========|_|==============|___/=/_/_/_/

 :: Spring Boot ::               (v3.5.16)

2026-08-18T16:46:03.218+09:00  INFO 10884 --- [groupware] [           main] c.durian.groupware.GroupwareApplication  : Starting GroupwareApplication using Java 21.0.10 with PID 10884 (C:\Users\SMT04\Desktop\GanttCalender\backend\build\classes\java\main started by SMT04 in C:\Users\SMT04\Desktop\GanttCalender\backend)
2026-08-18T16:46:03.224+09:00 DEBUG 10884 --- [groupware] [           main] c.durian.groupware.GroupwareApplication  : Running with Spring Boot v3.5.16, Spring v6.2.19
2026-08-18T16:46:03.226+09:00  INFO 10884 --- [groupware] [           main] c.durian.groupware.GroupwareApplication  : No active profile set, falling back to 1 default profile: "default"
2026-08-18T16:46:05.665+09:00  INFO 10884 --- [groupware] [           main] o.s.b.w.embedded.tomcat.TomcatWebServer  : Tomcat initialized with port 8080 (http)
2026-08-18T16:46:05.692+09:00  INFO 10884 --- [groupware] [           main] o.apache.catalina.core.StandardService   : Starting service [Tomcat]
2026-08-18T16:46:05.693+09:00  INFO 10884 --- [groupware] [           main] o.apache.catalina.core.StandardEngine    : Starting Servlet engine: [Apache Tomcat/10.1.55]
2026-08-18T16:46:05.787+09:00  INFO 10884 --- [groupware] [           main] o.a.c.c.C.[Tomcat].[localhost].[/]       : Initializing Spring embedded WebApplicationContext
2026-08-18T16:46:05.788+09:00  INFO 10884 --- [groupware] [           main] w.s.c.ServletWebServerApplicationContext : Root WebApplicationContext: initialization completed in 2466 ms
2026-08-18T16:46:05.999+09:00  INFO 10884 --- [groupware] [           main] com.zaxxer.hikari.HikariDataSource       : HikariPool-1 - Starting...
2026-08-18T16:46:06.664+09:00  INFO 10884 --- [groupware] [           main] com.zaxxer.hikari.pool.HikariPool        : HikariPool-1 - Added connection com.mysql.cj.jdbc.ConnectionImpl@10177794
2026-08-18T16:46:06.668+09:00  INFO 10884 --- [groupware] [           main] com.zaxxer.hikari.HikariDataSource       : HikariPool-1 - Start completed.
2026-08-18T16:46:08.570+09:00  INFO 10884 --- [groupware] [           main] o.s.b.a.w.s.WelcomePageHandlerMapping    : Adding welcome page: class path resource [static/index.html]
2026-08-18T16:46:09.199+09:00  INFO 10884 --- [groupware] [           main] o.s.b.w.embedded.tomcat.TomcatWebServer  : Tomcat started on port 8080 (http) with context path '/'
2026-08-18T16:46:09.215+09:00  INFO 10884 --- [groupware] [           main] c.durian.groupware.GroupwareApplication  : Started GroupwareApplication in 7.274 seconds (process running for 8.117)
2026-08-18T16:46:09.264+09:00 DEBUG 10884 --- [groupware] [           main] c.d.g.user.mapper.UserMapper.count       : ==>  Preparing: SELECT COUNT(*) FROM users
2026-08-18T16:46:09.298+09:00 DEBUG 10884 --- [groupware] [           main] c.d.g.user.mapper.UserMapper.count       : ==> Parameters: 
2026-08-18T16:46:09.337+09:00 DEBUG 10884 --- [groupware] [           main] c.d.g.user.mapper.UserMapper.count       : <==      Total: 1

======================================
  Server is ready! http://localhost:8080
======================================

2026-08-18T16:46:11.626+09:00  INFO 10884 --- [groupware] [nio-8080-exec-1] o.a.c.c.C.[Tomcat].[localhost].[/]       : Initializing Spring DispatcherServlet 'dispatcherServlet'
2026-08-18T16:46:11.627+09:00  INFO 10884 --- [groupware] [nio-8080-exec-1] o.s.web.servlet.DispatcherServlet        : Initializing Servlet 'dispatcherServlet'
2026-08-18T16:46:11.629+09:00  INFO 10884 --- [groupware] [nio-8080-exec-1] o.s.web.servlet.DispatcherServlet        : Completed initialization in 1 ms
2026-08-18T16:57:11.821+09:00 DEBUG 10884 --- [groupware] [nio-8080-exec-3] c.d.g.u.m.U.findByEmployeeNumber         : ==>  Preparing: SELECT * FROM users WHERE employee_number = ?
2026-08-18T16:57:11.827+09:00 DEBUG 10884 --- [groupware] [nio-8080-exec-3] c.d.g.u.m.U.findByEmployeeNumber         : ==> Parameters: emp0001(String)
2026-08-18T16:57:11.844+09:00 DEBUG 10884 --- [groupware] [nio-8080-exec-3] c.d.g.u.m.U.findByEmployeeNumber         : <==      Total: 1
2026-08-18T16:57:11.846+09:00 DEBUG 10884 --- [groupware] [nio-8080-exec-3] c.d.g.d.m.DepartmentMapper.findById      : ==>  Preparing: SELECT id, name, parent_id, type FROM departments WHERE id = ?
2026-08-18T16:57:11.851+09:00 DEBUG 10884 --- [groupware] [nio-8080-exec-3] c.d.g.d.m.DepartmentMapper.findById      : ==> Parameters: 7(Long)
2026-08-18T16:57:11.858+09:00 DEBUG 10884 --- [groupware] [nio-8080-exec-3] c.d.g.d.m.DepartmentMapper.findById      : <==      Total: 1
2026-08-18T16:57:11.859+09:00 DEBUG 10884 --- [groupware] [nio-8080-exec-3] c.d.g.d.m.DepartmentMapper.findById      : ==>  Preparing: SELECT id, name, parent_id, type FROM departments WHERE id = ?
2026-08-18T16:57:11.860+09:00 DEBUG 10884 --- [groupware] [nio-8080-exec-3] c.d.g.d.m.DepartmentMapper.findById      : ==> Parameters: 2(Long)
2026-08-18T16:57:11.864+09:00 DEBUG 10884 --- [groupware] [nio-8080-exec-3] c.d.g.d.m.DepartmentMapper.findById      : <==      Total: 1
2026-08-18T16:57:11.865+09:00 DEBUG 10884 --- [groupware] [nio-8080-exec-3] c.d.g.d.m.DepartmentMapper.findById      : ==>  Preparing: SELECT id, name, parent_id, type FROM departments WHERE id = ?
2026-08-18T16:57:11.866+09:00 DEBUG 10884 --- [groupware] [nio-8080-exec-3] c.d.g.d.m.DepartmentMapper.findById      : ==> Parameters: 1(Long)
2026-08-18T16:57:11.870+09:00 DEBUG 10884 --- [groupware] [nio-8080-exec-3] c.d.g.d.m.DepartmentMapper.findById      : <==      Total: 1
2026-08-18T16:57:11.983+09:00 DEBUG 10884 --- [groupware] [nio-8080-exec-5] c.d.g.n.m.N.countUnread                  : ==>  Preparing: SELECT COUNT(*) FROM notifications WHERE user_id = ? AND is_read = false
2026-08-18T16:57:11.985+09:00 DEBUG 10884 --- [groupware] [nio-8080-exec-5] c.d.g.n.m.N.countUnread                  : ==> Parameters: 1(Long)
2026-08-18T16:57:11.988+09:00 DEBUG 10884 --- [groupware] [nio-8080-exec-5] c.d.g.n.m.N.countUnread                  : <==      Total: 1
2026-08-18T16:57:12.067+09:00 DEBUG 10884 --- [groupware] [nio-8080-exec-7] c.d.g.t.mapper.TaskMapper.findMyTodos    : ==>  Preparing: SELECT * FROM tasks WHERE creator_id = ? AND task_type = 'TODO' AND is_deleted = false ORDER BY sort_order, created_at DESC
2026-08-18T16:57:12.068+09:00 DEBUG 10884 --- [groupware] [nio-8080-exec-7] c.d.g.t.mapper.TaskMapper.findMyTodos    : ==> Parameters: 1(Long)
2026-08-18T16:57:12.082+09:00 DEBUG 10884 --- [groupware] [nio-8080-exec-7] c.d.g.t.mapper.TaskMapper.findMyTodos    : <==      Total: 5
2026-08-18T16:57:12.084+09:00 DEBUG 10884 --- [groupware] [nio-8080-exec-7] c.d.g.t.m.TaskMapper.findAssignedTasks   : ==>  Preparing: SELECT DISTINCT t.* FROM tasks t JOIN task_assignees ta ON ta.task_id = t.id WHERE ta.user_id = ? AND t.task_type = 'WBS_TASK' AND t.is_deleted = false ORDER BY t.sort_order, t.end_date IS NULL, t.end_date, t.created_at DESC
2026-08-18T16:57:12.086+09:00 DEBUG 10884 --- [groupware] [nio-8080-exec-7] c.d.g.t.m.TaskMapper.findAssignedTasks   : ==> Parameters: 1(Long)
2026-08-18T16:57:12.097+09:00 DEBUG 10884 --- [groupware] [nio-8080-exec-7] c.d.g.t.m.TaskMapper.findAssignedTasks   : <==      Total: 7
2026-08-18T16:57:12.101+09:00 DEBUG 10884 --- [groupware] [nio-8080-exec-7] c.d.g.p.m.P.findByProjectAndUser         : ==>  Preparing: SELECT * FROM project_members WHERE project_id = ? AND user_id = ?
2026-08-18T16:57:12.102+09:00 DEBUG 10884 --- [groupware] [nio-8080-exec-7] c.d.g.p.m.P.findByProjectAndUser         : ==> Parameters: 3(Long), 1(Long)
2026-08-18T16:57:12.107+09:00 DEBUG 10884 --- [groupware] [nio-8080-exec-7] c.d.g.p.m.P.findByProjectAndUser         : <==      Total: 1
2026-08-18T16:57:12.109+09:00 DEBUG 10884 --- [groupware] [nio-8080-exec-7] c.d.g.t.m.T.findUserIdsByTaskId          : ==>  Preparing: SELECT user_id FROM task_assignees WHERE task_id = ?
2026-08-18T16:57:12.110+09:00 DEBUG 10884 --- [groupware] [nio-8080-exec-7] c.d.g.t.m.T.findUserIdsByTaskId          : ==> Parameters: 12(Long)
2026-08-18T16:57:12.113+09:00 DEBUG 10884 --- [groupware] [nio-8080-exec-7] c.d.g.t.m.T.findUserIdsByTaskId          : <==      Total: 1
2026-08-18T16:57:12.114+09:00 DEBUG 10884 --- [groupware] [nio-8080-exec-7] c.d.g.p.m.P.findByProjectAndUser         : ==>  Preparing: SELECT * FROM project_members WHERE project_id = ? AND user_id = ?
2026-08-18T16:57:12.115+09:00 DEBUG 10884 --- [groupware] [nio-8080-exec-7] c.d.g.p.m.P.findByProjectAndUser         : ==> Parameters: 4(Long), 1(Long)
2026-08-18T16:57:12.117+09:00 DEBUG 10884 --- [groupware] [nio-8080-exec-7] c.d.g.p.m.P.findByProjectAndUser         : <==      Total: 1
2026-08-18T16:57:12.118+09:00 DEBUG 10884 --- [groupware] [nio-8080-exec-7] c.d.g.t.m.T.findUserIdsByTaskId          : ==>  Preparing: SELECT user_id FROM task_assignees WHERE task_id = ?
2026-08-18T16:57:12.119+09:00 DEBUG 10884 --- [groupware] [nio-8080-exec-7] c.d.g.t.m.T.findUserIdsByTaskId          : ==> Parameters: 29(Long)
2026-08-18T16:57:12.120+09:00 DEBUG 10884 --- [groupware] [nio-8080-exec-7] c.d.g.t.m.T.findUserIdsByTaskId          : <==      Total: 1
2026-08-18T16:57:12.121+09:00 DEBUG 10884 --- [groupware] [nio-8080-exec-7] c.d.g.p.m.P.findByProjectAndUser         : ==>  Preparing: SELECT * FROM project_members WHERE project_id = ? AND user_id = ?
2026-08-18T16:57:12.122+09:00 DEBUG 10884 --- [groupware] [nio-8080-exec-7] c.d.g.p.m.P.findByProjectAndUser         : ==> Parameters: 3(Long), 1(Long)
2026-08-18T16:57:12.124+09:00 DEBUG 10884 --- [groupware] [nio-8080-exec-7] c.d.g.p.m.P.findByProjectAndUser         : <==      Total: 1
2026-08-18T16:57:12.125+09:00 DEBUG 10884 --- [groupware] [nio-8080-exec-7] c.d.g.t.m.T.findUserIdsByTaskId          : ==>  Preparing: SELECT user_id FROM task_assignees WHERE task_id = ?
2026-08-18T16:57:12.126+09:00 DEBUG 10884 --- [groupware] [nio-8080-exec-7] c.d.g.t.m.T.findUserIdsByTaskId          : ==> Parameters: 13(Long)
2026-08-18T16:57:12.128+09:00 DEBUG 10884 --- [groupware] [nio-8080-exec-7] c.d.g.t.m.T.findUserIdsByTaskId          : <==      Total: 1
2026-08-18T16:57:12.129+09:00 DEBUG 10884 --- [groupware] [nio-8080-exec-7] c.d.g.p.m.P.findByProjectAndUser         : ==>  Preparing: SELECT * FROM project_members WHERE project_id = ? AND user_id = ?
2026-08-18T16:57:12.129+09:00 DEBUG 10884 --- [groupware] [nio-8080-exec-7] c.d.g.p.m.P.findByProjectAndUser         : ==> Parameters: 4(Long), 1(Long)
2026-08-18T16:57:12.131+09:00 DEBUG 10884 --- [groupware] [nio-8080-exec-7] c.d.g.p.m.P.findByProjectAndUser         : <==      Total: 1
2026-08-18T16:57:12.132+09:00 DEBUG 10884 --- [groupware] [nio-8080-exec-7] c.d.g.t.m.T.findUserIdsByTaskId          : ==>  Preparing: SELECT user_id FROM task_assignees WHERE task_id = ?
2026-08-18T16:57:12.133+09:00 DEBUG 10884 --- [groupware] [nio-8080-exec-7] c.d.g.t.m.T.findUserIdsByTaskId          : ==> Parameters: 27(Long)
2026-08-18T16:57:12.134+09:00 DEBUG 10884 --- [groupware] [nio-8080-exec-7] c.d.g.t.m.T.findUserIdsByTaskId          : <==      Total: 1
2026-08-18T16:57:12.135+09:00 DEBUG 10884 --- [groupware] [nio-8080-exec-7] c.d.g.p.m.P.findByProjectAndUser         : ==>  Preparing: SELECT * FROM project_members WHERE project_id = ? AND user_id = ?
2026-08-18T16:57:12.135+09:00 DEBUG 10884 --- [groupware] [nio-8080-exec-7] c.d.g.p.m.P.findByProjectAndUser         : ==> Parameters: 3(Long), 1(Long)
2026-08-18T16:57:12.137+09:00 DEBUG 10884 --- [groupware] [nio-8080-exec-7] c.d.g.p.m.P.findByProjectAndUser         : <==      Total: 1
2026-08-18T16:57:12.138+09:00 DEBUG 10884 --- [groupware] [nio-8080-exec-7] c.d.g.t.m.T.findUserIdsByTaskId          : ==>  Preparing: SELECT user_id FROM task_assignees WHERE task_id = ?
2026-08-18T16:57:12.138+09:00 DEBUG 10884 --- [groupware] [nio-8080-exec-7] c.d.g.t.m.T.findUserIdsByTaskId          : ==> Parameters: 16(Long)
2026-08-18T16:57:12.139+09:00 DEBUG 10884 --- [groupware] [nio-8080-exec-7] c.d.g.t.m.T.findUserIdsByTaskId          : <==      Total: 1
2026-08-18T16:57:12.140+09:00 DEBUG 10884 --- [groupware] [nio-8080-exec-7] c.d.g.p.m.P.findByProjectAndUser         : ==>  Preparing: SELECT * FROM project_members WHERE project_id = ? AND user_id = ?
2026-08-18T16:57:12.141+09:00 DEBUG 10884 --- [groupware] [nio-8080-exec-7] c.d.g.p.m.P.findByProjectAndUser         : ==> Parameters: 3(Long), 1(Long)
2026-08-18T16:57:12.142+09:00 DEBUG 10884 --- [groupware] [nio-8080-exec-7] c.d.g.p.m.P.findByProjectAndUser         : <==      Total: 1
2026-08-18T16:57:12.143+09:00 DEBUG 10884 --- [groupware] [nio-8080-exec-7] c.d.g.t.m.T.findUserIdsByTaskId          : ==>  Preparing: SELECT user_id FROM task_assignees WHERE task_id = ?
2026-08-18T16:57:12.143+09:00 DEBUG 10884 --- [groupware] [nio-8080-exec-7] c.d.g.t.m.T.findUserIdsByTaskId          : ==> Parameters: 20(Long)
2026-08-18T16:57:12.145+09:00 DEBUG 10884 --- [groupware] [nio-8080-exec-7] c.d.g.t.m.T.findUserIdsByTaskId          : <==      Total: 1
2026-08-18T16:57:12.145+09:00 DEBUG 10884 --- [groupware] [nio-8080-exec-7] c.d.g.p.m.P.findByProjectAndUser         : ==>  Preparing: SELECT * FROM project_members WHERE project_id = ? AND user_id = ?
2026-08-18T16:57:12.146+09:00 DEBUG 10884 --- [groupware] [nio-8080-exec-7] c.d.g.p.m.P.findByProjectAndUser         : ==> Parameters: 6(Long), 1(Long)
2026-08-18T16:57:12.148+09:00 DEBUG 10884 --- [groupware] [nio-8080-exec-7] c.d.g.p.m.P.findByProjectAndUser         : <==      Total: 1
2026-08-18T16:57:12.149+09:00 DEBUG 10884 --- [groupware] [nio-8080-exec-7] c.d.g.t.m.T.findUserIdsByTaskId          : ==>  Preparing: SELECT user_id FROM task_assignees WHERE task_id = ?
2026-08-18T16:57:12.150+09:00 DEBUG 10884 --- [groupware] [nio-8080-exec-7] c.d.g.t.m.T.findUserIdsByTaskId          : ==> Parameters: 64(Long)
2026-08-18T16:57:12.152+09:00 DEBUG 10884 --- [groupware] [nio-8080-exec-7] c.d.g.t.m.T.findUserIdsByTaskId          : <==      Total: 1
2026-08-18T16:57:12.157+09:00 DEBUG 10884 --- [groupware] [nio-8080-exec-7] c.d.g.s.m.StatsMapper.findTodayEvents    : ==>  Preparing: SELECT DISTINCT t.* FROM tasks t LEFT JOIN task_assignees ta ON t.id = ta.task_id WHERE t.is_deleted = false AND t.task_type = 'EVENT' AND t.start_date < DATE_ADD(CURDATE(), INTERVAL 1 DAY) AND (t.end_date >= CURDATE() OR (t.end_date IS NULL AND t.start_date >= CURDATE())) AND (t.creator_id = ? OR ta.user_id = ?) ORDER BY t.start_date
2026-08-18T16:57:12.158+09:00 DEBUG 10884 --- [groupware] [nio-8080-exec-7] c.d.g.s.m.StatsMapper.findTodayEvents    : ==> Parameters: 1(Long), 1(Long)
2026-08-18T16:57:12.160+09:00 DEBUG 10884 --- [groupware] [nio-8080-exec-7] c.d.g.s.m.StatsMapper.findTodayEvents    : <==      Total: 0
2026-08-18T16:57:12.162+09:00 DEBUG 10884 --- [groupware] [nio-8080-exec-7] c.d.g.s.m.StatsMapper.findTodayWbsTasks  : ==>  Preparing: SELECT DISTINCT t.* FROM tasks t LEFT JOIN task_assignees ta ON t.id = ta.task_id WHERE t.is_deleted = false AND t.task_type = 'WBS_TASK' AND t.status NOT IN ('DONE', 'CANCELLED') AND t.start_date < DATE_ADD(CURDATE(), INTERVAL 1 DAY) AND (t.end_date >= CURDATE() OR (t.end_date IS NULL AND t.start_date >= CURDATE())) AND (t.creator_id = ? OR ta.user_id = ?) ORDER BY t.end_date IS NULL, t.end_date, t.start_date
2026-08-18T16:57:12.163+09:00 DEBUG 10884 --- [groupware] [nio-8080-exec-7] c.d.g.s.m.StatsMapper.findTodayWbsTasks  : ==> Parameters: 1(Long), 1(Long)
2026-08-18T16:57:12.168+09:00 DEBUG 10884 --- [groupware] [nio-8080-exec-7] c.d.g.s.m.StatsMapper.findTodayWbsTasks  : <==      Total: 3
2026-08-18T16:57:12.202+09:00 DEBUG 10884 --- [groupware] [nio-8080-exec-2] c.d.g.t.mapper.TaskMapper.findMyTodos    : ==>  Preparing: SELECT * FROM tasks WHERE creator_id = ? AND task_type = 'TODO' AND is_deleted = false ORDER BY sort_order, created_at DESC
2026-08-18T16:57:12.203+09:00 DEBUG 10884 --- [groupware] [nio-8080-exec-2] c.d.g.t.mapper.TaskMapper.findMyTodos    : ==> Parameters: 1(Long)
2026-08-18T16:57:12.209+09:00 DEBUG 10884 --- [groupware] [nio-8080-exec-2] c.d.g.t.mapper.TaskMapper.findMyTodos    : <==      Total: 5
2026-08-18T16:57:12.210+09:00 DEBUG 10884 --- [groupware] [nio-8080-exec-2] c.d.g.t.m.TaskMapper.findAssignedTasks   : ==>  Preparing: SELECT DISTINCT t.* FROM tasks t JOIN task_assignees ta ON ta.task_id = t.id WHERE ta.user_id = ? AND t.task_type = 'WBS_TASK' AND t.is_deleted = false ORDER BY t.sort_order, t.end_date IS NULL, t.end_date, t.created_at DESC
2026-08-18T16:57:12.211+09:00 DEBUG 10884 --- [groupware] [nio-8080-exec-2] c.d.g.t.m.TaskMapper.findAssignedTasks   : ==> Parameters: 1(Long)
2026-08-18T16:57:12.216+09:00 DEBUG 10884 --- [groupware] [nio-8080-exec-2] c.d.g.t.m.TaskMapper.findAssignedTasks   : <==      Total: 7
2026-08-18T16:57:12.217+09:00 DEBUG 10884 --- [groupware] [nio-8080-exec-2] c.d.g.p.m.P.findByProjectAndUser         : ==>  Preparing: SELECT * FROM project_members WHERE project_id = ? AND user_id = ?
2026-08-18T16:57:12.218+09:00 DEBUG 10884 --- [groupware] [nio-8080-exec-2] c.d.g.p.m.P.findByProjectAndUser         : ==> Parameters: 3(Long), 1(Long)
2026-08-18T16:57:12.220+09:00 DEBUG 10884 --- [groupware] [nio-8080-exec-2] c.d.g.p.m.P.findByProjectAndUser         : <==      Total: 1
2026-08-18T16:57:12.221+09:00 DEBUG 10884 --- [groupware] [nio-8080-exec-2] c.d.g.t.m.T.findUserIdsByTaskId          : ==>  Preparing: SELECT user_id FROM task_assignees WHERE task_id = ?
2026-08-18T16:57:12.221+09:00 DEBUG 10884 --- [groupware] [nio-8080-exec-2] c.d.g.t.m.T.findUserIdsByTaskId          : ==> Parameters: 12(Long)
2026-08-18T16:57:12.223+09:00 DEBUG 10884 --- [groupware] [nio-8080-exec-2] c.d.g.t.m.T.findUserIdsByTaskId          : <==      Total: 1
2026-08-18T16:57:12.224+09:00 DEBUG 10884 --- [groupware] [nio-8080-exec-2] c.d.g.p.m.P.findByProjectAndUser         : ==>  Preparing: SELECT * FROM project_members WHERE project_id = ? AND user_id = ?
2026-08-18T16:57:12.226+09:00 DEBUG 10884 --- [groupware] [nio-8080-exec-2] c.d.g.p.m.P.findByProjectAndUser         : ==> Parameters: 4(Long), 1(Long)
2026-08-18T16:57:12.228+09:00 DEBUG 10884 --- [groupware] [nio-8080-exec-2] c.d.g.p.m.P.findByProjectAndUser         : <==      Total: 1
2026-08-18T16:57:12.229+09:00 DEBUG 10884 --- [groupware] [nio-8080-exec-2] c.d.g.t.m.T.findUserIdsByTaskId          : ==>  Preparing: SELECT user_id FROM task_assignees WHERE task_id = ?
2026-08-18T16:57:12.230+09:00 DEBUG 10884 --- [groupware] [nio-8080-exec-2] c.d.g.t.m.T.findUserIdsByTaskId          : ==> Parameters: 29(Long)
2026-08-18T16:57:12.232+09:00 DEBUG 10884 --- [groupware] [nio-8080-exec-2] c.d.g.t.m.T.findUserIdsByTaskId          : <==      Total: 1
2026-08-18T16:57:12.233+09:00 DEBUG 10884 --- [groupware] [nio-8080-exec-2] c.d.g.p.m.P.findByProjectAndUser         : ==>  Preparing: SELECT * FROM project_members WHERE project_id = ? AND user_id = ?
2026-08-18T16:57:12.234+09:00 DEBUG 10884 --- [groupware] [nio-8080-exec-2] c.d.g.p.m.P.findByProjectAndUser         : ==> Parameters: 3(Long), 1(Long)
2026-08-18T16:57:12.236+09:00 DEBUG 10884 --- [groupware] [nio-8080-exec-2] c.d.g.p.m.P.findByProjectAndUser         : <==      Total: 1
2026-08-18T16:57:12.236+09:00 DEBUG 10884 --- [groupware] [nio-8080-exec-2] c.d.g.t.m.T.findUserIdsByTaskId          : ==>  Preparing: SELECT user_id FROM task_assignees WHERE task_id = ?
2026-08-18T16:57:12.237+09:00 DEBUG 10884 --- [groupware] [nio-8080-exec-2] c.d.g.t.m.T.findUserIdsByTaskId          : ==> Parameters: 13(Long)
2026-08-18T16:57:12.239+09:00 DEBUG 10884 --- [groupware] [nio-8080-exec-2] c.d.g.t.m.T.findUserIdsByTaskId          : <==      Total: 1
2026-08-18T16:57:12.240+09:00 DEBUG 10884 --- [groupware] [nio-8080-exec-2] c.d.g.p.m.P.findByProjectAndUser         : ==>  Preparing: SELECT * FROM project_members WHERE project_id = ? AND user_id = ?
2026-08-18T16:57:12.240+09:00 DEBUG 10884 --- [groupware] [nio-8080-exec-2] c.d.g.p.m.P.findByProjectAndUser         : ==> Parameters: 4(Long), 1(Long)
2026-08-18T16:57:12.243+09:00 DEBUG 10884 --- [groupware] [nio-8080-exec-2] c.d.g.p.m.P.findByProjectAndUser         : <==      Total: 1
2026-08-18T16:57:12.243+09:00 DEBUG 10884 --- [groupware] [nio-8080-exec-2] c.d.g.t.m.T.findUserIdsByTaskId          : ==>  Preparing: SELECT user_id FROM task_assignees WHERE task_id = ?
2026-08-18T16:57:12.244+09:00 DEBUG 10884 --- [groupware] [nio-8080-exec-2] c.d.g.t.m.T.findUserIdsByTaskId          : ==> Parameters: 27(Long)
2026-08-18T16:57:12.246+09:00 DEBUG 10884 --- [groupware] [nio-8080-exec-2] c.d.g.t.m.T.findUserIdsByTaskId          : <==      Total: 1
2026-08-18T16:57:12.247+09:00 DEBUG 10884 --- [groupware] [nio-8080-exec-2] c.d.g.p.m.P.findByProjectAndUser         : ==>  Preparing: SELECT * FROM project_members WHERE project_id = ? AND user_id = ?
2026-08-18T16:57:12.249+09:00 DEBUG 10884 --- [groupware] [nio-8080-exec-2] c.d.g.p.m.P.findByProjectAndUser         : ==> Parameters: 3(Long), 1(Long)
2026-08-18T16:57:12.251+09:00 DEBUG 10884 --- [groupware] [nio-8080-exec-2] c.d.g.p.m.P.findByProjectAndUser         : <==      Total: 1
2026-08-18T16:57:12.251+09:00 DEBUG 10884 --- [groupware] [nio-8080-exec-2] c.d.g.t.m.T.findUserIdsByTaskId          : ==>  Preparing: SELECT user_id FROM task_assignees WHERE task_id = ?
2026-08-18T16:57:12.251+09:00 DEBUG 10884 --- [groupware] [nio-8080-exec-2] c.d.g.t.m.T.findUserIdsByTaskId          : ==> Parameters: 16(Long)
2026-08-18T16:57:12.253+09:00 DEBUG 10884 --- [groupware] [nio-8080-exec-2] c.d.g.t.m.T.findUserIdsByTaskId          : <==      Total: 1
2026-08-18T16:57:12.254+09:00 DEBUG 10884 --- [groupware] [nio-8080-exec-2] c.d.g.p.m.P.findByProjectAndUser         : ==>  Preparing: SELECT * FROM project_members WHERE project_id = ? AND user_id = ?
2026-08-18T16:57:12.254+09:00 DEBUG 10884 --- [groupware] [nio-8080-exec-2] c.d.g.p.m.P.findByProjectAndUser         : ==> Parameters: 3(Long), 1(Long)
2026-08-18T16:57:12.257+09:00 DEBUG 10884 --- [groupware] [nio-8080-exec-2] c.d.g.p.m.P.findByProjectAndUser         : <==      Total: 1
2026-08-18T16:57:12.258+09:00 DEBUG 10884 --- [groupware] [nio-8080-exec-2] c.d.g.t.m.T.findUserIdsByTaskId          : ==>  Preparing: SELECT user_id FROM task_assignees WHERE task_id = ?
2026-08-18T16:57:12.258+09:00 DEBUG 10884 --- [groupware] [nio-8080-exec-2] c.d.g.t.m.T.findUserIdsByTaskId          : ==> Parameters: 20(Long)
2026-08-18T16:57:12.260+09:00 DEBUG 10884 --- [groupware] [nio-8080-exec-2] c.d.g.t.m.T.findUserIdsByTaskId          : <==      Total: 1
2026-08-18T16:57:12.260+09:00 DEBUG 10884 --- [groupware] [nio-8080-exec-2] c.d.g.p.m.P.findByProjectAndUser         : ==>  Preparing: SELECT * FROM project_members WHERE project_id = ? AND user_id = ?
2026-08-18T16:57:12.261+09:00 DEBUG 10884 --- [groupware] [nio-8080-exec-2] c.d.g.p.m.P.findByProjectAndUser         : ==> Parameters: 6(Long), 1(Long)
2026-08-18T16:57:12.263+09:00 DEBUG 10884 --- [groupware] [nio-8080-exec-2] c.d.g.p.m.P.findByProjectAndUser         : <==      Total: 1
2026-08-18T16:57:12.264+09:00 DEBUG 10884 --- [groupware] [nio-8080-exec-2] c.d.g.t.m.T.findUserIdsByTaskId          : ==>  Preparing: SELECT user_id FROM task_assignees WHERE task_id = ?
2026-08-18T16:57:12.264+09:00 DEBUG 10884 --- [groupware] [nio-8080-exec-2] c.d.g.t.m.T.findUserIdsByTaskId          : ==> Parameters: 64(Long)
2026-08-18T16:57:12.266+09:00 DEBUG 10884 --- [groupware] [nio-8080-exec-2] c.d.g.t.m.T.findUserIdsByTaskId          : <==      Total: 1
2026-08-18T16:57:12.267+09:00 DEBUG 10884 --- [groupware] [nio-8080-exec-2] c.d.g.s.m.StatsMapper.findTodayEvents    : ==>  Preparing: SELECT DISTINCT t.* FROM tasks t LEFT JOIN task_assignees ta ON t.id = ta.task_id WHERE t.is_deleted = false AND t.task_type = 'EVENT' AND t.start_date < DATE_ADD(CURDATE(), INTERVAL 1 DAY) AND (t.end_date >= CURDATE() OR (t.end_date IS NULL AND t.start_date >= CURDATE())) AND (t.creator_id = ? OR ta.user_id = ?) ORDER BY t.start_date
2026-08-18T16:57:12.268+09:00 DEBUG 10884 --- [groupware] [nio-8080-exec-2] c.d.g.s.m.StatsMapper.findTodayEvents    : ==> Parameters: 1(Long), 1(Long)
2026-08-18T16:57:12.271+09:00 DEBUG 10884 --- [groupware] [nio-8080-exec-2] c.d.g.s.m.StatsMapper.findTodayEvents    : <==      Total: 0
2026-08-18T16:57:12.272+09:00 DEBUG 10884 --- [groupware] [nio-8080-exec-2] c.d.g.s.m.StatsMapper.findTodayWbsTasks  : ==>  Preparing: SELECT DISTINCT t.* FROM tasks t LEFT JOIN task_assignees ta ON t.id = ta.task_id WHERE t.is_deleted = false AND t.task_type = 'WBS_TASK' AND t.status NOT IN ('DONE', 'CANCELLED') AND t.start_date < DATE_ADD(CURDATE(), INTERVAL 1 DAY) AND (t.end_date >= CURDATE() OR (t.end_date IS NULL AND t.start_date >= CURDATE())) AND (t.creator_id = ? OR ta.user_id = ?) ORDER BY t.end_date IS NULL, t.end_date, t.start_date
2026-08-18T16:57:12.273+09:00 DEBUG 10884 --- [groupware] [nio-8080-exec-2] c.d.g.s.m.StatsMapper.findTodayWbsTasks  : ==> Parameters: 1(Long), 1(Long)
2026-08-18T16:57:12.278+09:00 DEBUG 10884 --- [groupware] [nio-8080-exec-2] c.d.g.s.m.StatsMapper.findTodayWbsTasks  : <==      Total: 3
2026-08-18T16:57:16.993+09:00 DEBUG 10884 --- [groupware] [nio-8080-exec-9] c.d.g.n.m.N.countUnread                  : ==>  Preparing: SELECT COUNT(*) FROM notifications WHERE user_id = ? AND is_read = false
2026-08-18T16:57:16.995+09:00 DEBUG 10884 --- [groupware] [nio-8080-exec-9] c.d.g.n.m.N.countUnread                  : ==> Parameters: 1(Long)
2026-08-18T16:57:16.999+09:00 DEBUG 10884 --- [groupware] [nio-8080-exec-9] c.d.g.n.m.N.countUnread                  : <==      Total: 1
2026-08-18T16:57:21.976+09:00 DEBUG 10884 --- [groupware] [nio-8080-exec-4] c.d.g.n.m.N.countUnread                  : ==>  Preparing: SELECT COUNT(*) FROM notifications WHERE user_id = ? AND is_read = false
2026-08-18T16:57:21.977+09:00 DEBUG 10884 --- [groupware] [nio-8080-exec-4] c.d.g.n.m.N.countUnread                  : ==> Parameters: 1(Long)
2026-08-18T16:57:21.981+09:00 DEBUG 10884 --- [groupware] [nio-8080-exec-4] c.d.g.n.m.N.countUnread                  : <==      Total: 1
2026-08-18T16:57:23.395+09:00 DEBUG 10884 --- [groupware] [nio-8080-exec-1] c.d.g.c.m.CategoryMapper.findByUserId    : ==>  Preparing: SELECT * FROM categories WHERE user_id = ? ORDER BY created_at DESC
2026-08-18T16:57:23.396+09:00 DEBUG 10884 --- [groupware] [nio-8080-exec-1] c.d.g.c.m.CategoryMapper.findByUserId    : ==> Parameters: 1(Long)
2026-08-18T16:57:23.402+09:00 DEBUG 10884 --- [groupware] [nio-8080-exec-1] c.d.g.c.m.CategoryMapper.findByUserId    : <==      Total: 1
2026-08-18T16:57:23.404+09:00 DEBUG 10884 --- [groupware] [nio-8080-exec-1] c.d.g.c.m.C.findByDepartmentId           : ==>  Preparing: SELECT * FROM categories WHERE department_id = ? ORDER BY created_at DESC
2026-08-18T16:57:23.405+09:00 DEBUG 10884 --- [groupware] [nio-8080-exec-1] c.d.g.c.m.C.findByDepartmentId           : ==> Parameters: 7(Long)
2026-08-18T16:57:23.410+09:00 DEBUG 10884 --- [groupware] [nio-8080-exec-1] c.d.g.c.m.C.findByDepartmentId           : <==      Total: 2
2026-08-18T16:57:23.433+09:00 DEBUG 10884 --- [groupware] [io-8080-exec-10] c.d.g.t.m.TaskMapper.searchCalendar      : ==>  Preparing: SELECT DISTINCT t.* FROM tasks t LEFT JOIN task_assignees ta ON t.id = ta.task_id WHERE t.is_deleted = false AND ( (t.task_type = 'EVENT' AND ( t.creator_id = ? OR ta.user_id = ? )) OR (t.task_type = 'WBS_TASK' AND NOT EXISTS ( SELECT 1 FROM tasks c WHERE c.parent_task_id = t.id AND c.is_deleted = false ) AND ta.user_id = ? ) OR (t.task_type = 'TODO' AND t.creator_id = ?) ) AND t.start_date <= ? AND t.end_date >= ? ORDER BY t.start_date LIMIT 500
2026-08-18T16:57:23.435+09:00 DEBUG 10884 --- [groupware] [io-8080-exec-10] c.d.g.t.m.TaskMapper.searchCalendar      : ==> Parameters: 1(Long), 1(Long), 1(Long), 1(Long), 2026-09-06T00:00(LocalDateTime), 2026-07-26T00:00(LocalDateTime)
2026-08-18T16:57:23.450+09:00 DEBUG 10884 --- [groupware] [io-8080-exec-10] c.d.g.t.m.TaskMapper.searchCalendar      : <==      Total: 9
2026-08-18T16:57:23.451+09:00 DEBUG 10884 --- [groupware] [nio-8080-exec-6] c.d.g.c.m.CategoryMapper.findByUserId    : ==>  Preparing: SELECT * FROM categories WHERE user_id = ? ORDER BY created_at DESC
2026-08-18T16:57:23.452+09:00 DEBUG 10884 --- [groupware] [io-8080-exec-10] c.d.g.p.m.P.findByProjectAndUser         : ==>  Preparing: SELECT * FROM project_members WHERE project_id = ? AND user_id = ?
2026-08-18T16:57:23.452+09:00 DEBUG 10884 --- [groupware] [nio-8080-exec-6] c.d.g.c.m.CategoryMapper.findByUserId    : ==> Parameters: 1(Long)
2026-08-18T16:57:23.453+09:00 DEBUG 10884 --- [groupware] [io-8080-exec-10] c.d.g.p.m.P.findByProjectAndUser         : ==> Parameters: 3(Long), 1(Long)
2026-08-18T16:57:23.455+09:00 DEBUG 10884 --- [groupware] [io-8080-exec-10] c.d.g.p.m.P.findByProjectAndUser         : <==      Total: 1
2026-08-18T16:57:23.456+09:00 DEBUG 10884 --- [groupware] [nio-8080-exec-6] c.d.g.c.m.CategoryMapper.findByUserId    : <==      Total: 1
2026-08-18T16:57:23.456+09:00 DEBUG 10884 --- [groupware] [io-8080-exec-10] c.d.g.p.m.P.findByProjectAndUser         : ==>  Preparing: SELECT * FROM project_members WHERE project_id = ? AND user_id = ?
2026-08-18T16:57:23.456+09:00 DEBUG 10884 --- [groupware] [nio-8080-exec-6] c.d.g.c.m.C.findByDepartmentId           : ==>  Preparing: SELECT * FROM categories WHERE department_id = ? ORDER BY created_at DESC
2026-08-18T16:57:23.457+09:00 DEBUG 10884 --- [groupware] [nio-8080-exec-6] c.d.g.c.m.C.findByDepartmentId           : ==> Parameters: 7(Long)
2026-08-18T16:57:23.457+09:00 DEBUG 10884 --- [groupware] [io-8080-exec-10] c.d.g.p.m.P.findByProjectAndUser         : ==> Parameters: 3(Long), 1(Long)
2026-08-18T16:57:23.459+09:00 DEBUG 10884 --- [groupware] [io-8080-exec-10] c.d.g.p.m.P.findByProjectAndUser         : <==      Total: 1
2026-08-18T16:57:23.459+09:00 DEBUG 10884 --- [groupware] [nio-8080-exec-6] c.d.g.c.m.C.findByDepartmentId           : <==      Total: 2
2026-08-18T16:57:23.460+09:00 DEBUG 10884 --- [groupware] [io-8080-exec-10] c.d.g.p.m.P.findByProjectAndUser         : ==>  Preparing: SELECT * FROM project_members WHERE project_id = ? AND user_id = ?
2026-08-18T16:57:23.460+09:00 DEBUG 10884 --- [groupware] [io-8080-exec-10] c.d.g.p.m.P.findByProjectAndUser         : ==> Parameters: 4(Long), 1(Long)
2026-08-18T16:57:23.462+09:00 DEBUG 10884 --- [groupware] [io-8080-exec-10] c.d.g.p.m.P.findByProjectAndUser         : <==      Total: 1
2026-08-18T16:57:23.463+09:00 DEBUG 10884 --- [groupware] [io-8080-exec-10] c.d.g.p.m.P.findByProjectAndUser         : ==>  Preparing: SELECT * FROM project_members WHERE project_id = ? AND user_id = ?
2026-08-18T16:57:23.463+09:00 DEBUG 10884 --- [groupware] [io-8080-exec-10] c.d.g.p.m.P.findByProjectAndUser         : ==> Parameters: 3(Long), 1(Long)
2026-08-18T16:57:23.465+09:00 DEBUG 10884 --- [groupware] [io-8080-exec-10] c.d.g.p.m.P.findByProjectAndUser         : <==      Total: 1
2026-08-18T16:57:23.466+09:00 DEBUG 10884 --- [groupware] [io-8080-exec-10] c.d.g.p.m.P.findByProjectAndUser         : ==>  Preparing: SELECT * FROM project_members WHERE project_id = ? AND user_id = ?
2026-08-18T16:57:23.466+09:00 DEBUG 10884 --- [groupware] [io-8080-exec-10] c.d.g.p.m.P.findByProjectAndUser         : ==> Parameters: 4(Long), 1(Long)
2026-08-18T16:57:23.468+09:00 DEBUG 10884 --- [groupware] [io-8080-exec-10] c.d.g.p.m.P.findByProjectAndUser         : <==      Total: 1
2026-08-18T16:57:23.469+09:00 DEBUG 10884 --- [groupware] [io-8080-exec-10] c.d.g.p.m.P.findByProjectAndUser         : ==>  Preparing: SELECT * FROM project_members WHERE project_id = ? AND user_id = ?
2026-08-18T16:57:23.469+09:00 DEBUG 10884 --- [groupware] [io-8080-exec-10] c.d.g.p.m.P.findByProjectAndUser         : ==> Parameters: 6(Long), 1(Long)
2026-08-18T16:57:23.471+09:00 DEBUG 10884 --- [groupware] [io-8080-exec-10] c.d.g.p.m.P.findByProjectAndUser         : <==      Total: 1
2026-08-18T16:57:23.472+09:00 DEBUG 10884 --- [groupware] [io-8080-exec-10] c.d.g.p.m.P.findByProjectAndUser         : ==>  Preparing: SELECT * FROM project_members WHERE project_id = ? AND user_id = ?
2026-08-18T16:57:23.472+09:00 DEBUG 10884 --- [groupware] [io-8080-exec-10] c.d.g.p.m.P.findByProjectAndUser         : ==> Parameters: 3(Long), 1(Long)
2026-08-18T16:57:23.474+09:00 DEBUG 10884 --- [groupware] [io-8080-exec-10] c.d.g.p.m.P.findByProjectAndUser         : <==      Total: 1
2026-08-18T16:57:23.493+09:00 DEBUG 10884 --- [groupware] [nio-8080-exec-8] c.d.g.t.m.TaskMapper.searchCalendar      : ==>  Preparing: SELECT DISTINCT t.* FROM tasks t LEFT JOIN task_assignees ta ON t.id = ta.task_id WHERE t.is_deleted = false AND ( (t.task_type = 'EVENT' AND ( t.creator_id = ? OR ta.user_id = ? )) OR (t.task_type = 'WBS_TASK' AND NOT EXISTS ( SELECT 1 FROM tasks c WHERE c.parent_task_id = t.id AND c.is_deleted = false ) AND ta.user_id = ? ) OR (t.task_type = 'TODO' AND t.creator_id = ?) ) AND t.start_date <= ? AND t.end_date >= ? ORDER BY t.start_date LIMIT 500
2026-08-18T16:57:23.495+09:00 DEBUG 10884 --- [groupware] [nio-8080-exec-8] c.d.g.t.m.TaskMapper.searchCalendar      : ==> Parameters: 1(Long), 1(Long), 1(Long), 1(Long), 2026-09-06T00:00(LocalDateTime), 2026-07-26T00:00(LocalDateTime)
2026-08-18T16:57:23.501+09:00 DEBUG 10884 --- [groupware] [nio-8080-exec-8] c.d.g.t.m.TaskMapper.searchCalendar      : <==      Total: 9
2026-08-18T16:57:23.502+09:00 DEBUG 10884 --- [groupware] [nio-8080-exec-8] c.d.g.p.m.P.findByProjectAndUser         : ==>  Preparing: SELECT * FROM project_members WHERE project_id = ? AND user_id = ?
2026-08-18T16:57:23.503+09:00 DEBUG 10884 --- [groupware] [nio-8080-exec-8] c.d.g.p.m.P.findByProjectAndUser         : ==> Parameters: 3(Long), 1(Long)
2026-08-18T16:57:23.505+09:00 DEBUG 10884 --- [groupware] [nio-8080-exec-8] c.d.g.p.m.P.findByProjectAndUser         : <==      Total: 1
2026-08-18T16:57:23.506+09:00 DEBUG 10884 --- [groupware] [nio-8080-exec-8] c.d.g.p.m.P.findByProjectAndUser         : ==>  Preparing: SELECT * FROM project_members WHERE project_id = ? AND user_id = ?
2026-08-18T16:57:23.507+09:00 DEBUG 10884 --- [groupware] [nio-8080-exec-8] c.d.g.p.m.P.findByProjectAndUser         : ==> Parameters: 3(Long), 1(Long)
2026-08-18T16:57:23.509+09:00 DEBUG 10884 --- [groupware] [nio-8080-exec-8] c.d.g.p.m.P.findByProjectAndUser         : <==      Total: 1
2026-08-18T16:57:23.509+09:00 DEBUG 10884 --- [groupware] [nio-8080-exec-8] c.d.g.p.m.P.findByProjectAndUser         : ==>  Preparing: SELECT * FROM project_members WHERE project_id = ? AND user_id = ?
2026-08-18T16:57:23.510+09:00 DEBUG 10884 --- [groupware] [nio-8080-exec-8] c.d.g.p.m.P.findByProjectAndUser         : ==> Parameters: 4(Long), 1(Long)
2026-08-18T16:57:23.512+09:00 DEBUG 10884 --- [groupware] [nio-8080-exec-8] c.d.g.p.m.P.findByProjectAndUser         : <==      Total: 1
2026-08-18T16:57:23.513+09:00 DEBUG 10884 --- [groupware] [nio-8080-exec-8] c.d.g.p.m.P.findByProjectAndUser         : ==>  Preparing: SELECT * FROM project_members WHERE project_id = ? AND user_id = ?
2026-08-18T16:57:23.513+09:00 DEBUG 10884 --- [groupware] [nio-8080-exec-8] c.d.g.p.m.P.findByProjectAndUser         : ==> Parameters: 3(Long), 1(Long)
2026-08-18T16:57:23.515+09:00 DEBUG 10884 --- [groupware] [nio-8080-exec-8] c.d.g.p.m.P.findByProjectAndUser         : <==      Total: 1
2026-08-18T16:57:23.516+09:00 DEBUG 10884 --- [groupware] [nio-8080-exec-8] c.d.g.p.m.P.findByProjectAndUser         : ==>  Preparing: SELECT * FROM project_members WHERE project_id = ? AND user_id = ?
2026-08-18T16:57:23.516+09:00 DEBUG 10884 --- [groupware] [nio-8080-exec-8] c.d.g.p.m.P.findByProjectAndUser         : ==> Parameters: 4(Long), 1(Long)
2026-08-18T16:57:23.518+09:00 DEBUG 10884 --- [groupware] [nio-8080-exec-8] c.d.g.p.m.P.findByProjectAndUser         : <==      Total: 1
2026-08-18T16:57:23.518+09:00 DEBUG 10884 --- [groupware] [nio-8080-exec-8] c.d.g.p.m.P.findByProjectAndUser         : ==>  Preparing: SELECT * FROM project_members WHERE project_id = ? AND user_id = ?
2026-08-18T16:57:23.519+09:00 DEBUG 10884 --- [groupware] [nio-8080-exec-8] c.d.g.p.m.P.findByProjectAndUser         : ==> Parameters: 6(Long), 1(Long)
2026-08-18T16:57:23.521+09:00 DEBUG 10884 --- [groupware] [nio-8080-exec-8] c.d.g.p.m.P.findByProjectAndUser         : <==      Total: 1
2026-08-18T16:57:23.522+09:00 DEBUG 10884 --- [groupware] [nio-8080-exec-8] c.d.g.p.m.P.findByProjectAndUser         : ==>  Preparing: SELECT * FROM project_members WHERE project_id = ? AND user_id = ?
2026-08-18T16:57:23.522+09:00 DEBUG 10884 --- [groupware] [nio-8080-exec-8] c.d.g.p.m.P.findByProjectAndUser         : ==> Parameters: 3(Long), 1(Long)
2026-08-18T16:57:23.524+09:00 DEBUG 10884 --- [groupware] [nio-8080-exec-8] c.d.g.p.m.P.findByProjectAndUser         : <==      Total: 1
2026-08-18T16:57:26.977+09:00 DEBUG 10884 --- [groupware] [nio-8080-exec-3] c.d.g.n.m.N.countUnread                  : ==>  Preparing: SELECT COUNT(*) FROM notifications WHERE user_id = ? AND is_read = false
2026-08-18T16:57:26.978+09:00 DEBUG 10884 --- [groupware] [nio-8080-exec-3] c.d.g.n.m.N.countUnread                  : ==> Parameters: 1(Long)
2026-08-18T16:57:26.982+09:00 DEBUG 10884 --- [groupware] [nio-8080-exec-3] c.d.g.n.m.N.countUnread                  : <==      Total: 1
2026-08-18T16:57:27.092+09:00 DEBUG 10884 --- [groupware] [nio-8080-exec-5] c.d.g.t.mapper.TaskMapper.findMyTodos    : ==>  Preparing: SELECT * FROM tasks WHERE creator_id = ? AND task_type = 'TODO' AND is_deleted = false ORDER BY sort_order, created_at DESC
2026-08-18T16:57:27.093+09:00 DEBUG 10884 --- [groupware] [nio-8080-exec-5] c.d.g.t.mapper.TaskMapper.findMyTodos    : ==> Parameters: 1(Long)
2026-08-18T16:57:27.098+09:00 DEBUG 10884 --- [groupware] [nio-8080-exec-5] c.d.g.t.mapper.TaskMapper.findMyTodos    : <==      Total: 5
2026-08-18T16:57:27.100+09:00 DEBUG 10884 --- [groupware] [nio-8080-exec-5] c.d.g.t.m.TaskMapper.findAssignedTasks   : ==>  Preparing: SELECT DISTINCT t.* FROM tasks t JOIN task_assignees ta ON ta.task_id = t.id WHERE ta.user_id = ? AND t.task_type = 'WBS_TASK' AND t.is_deleted = false ORDER BY t.sort_order, t.end_date IS NULL, t.end_date, t.created_at DESC
2026-08-18T16:57:27.101+09:00 DEBUG 10884 --- [groupware] [nio-8080-exec-5] c.d.g.t.m.TaskMapper.findAssignedTasks   : ==> Parameters: 1(Long)
2026-08-18T16:57:27.109+09:00 DEBUG 10884 --- [groupware] [nio-8080-exec-5] c.d.g.t.m.TaskMapper.findAssignedTasks   : <==      Total: 7
2026-08-18T16:57:27.111+09:00 DEBUG 10884 --- [groupware] [nio-8080-exec-5] c.d.g.p.m.P.findByProjectAndUser         : ==>  Preparing: SELECT * FROM project_members WHERE project_id = ? AND user_id = ?
2026-08-18T16:57:27.112+09:00 DEBUG 10884 --- [groupware] [nio-8080-exec-5] c.d.g.p.m.P.findByProjectAndUser         : ==> Parameters: 3(Long), 1(Long)
2026-08-18T16:57:27.115+09:00 DEBUG 10884 --- [groupware] [nio-8080-exec-5] c.d.g.p.m.P.findByProjectAndUser         : <==      Total: 1
2026-08-18T16:57:27.116+09:00 DEBUG 10884 --- [groupware] [nio-8080-exec-5] c.d.g.t.m.T.findUserIdsByTaskId          : ==>  Preparing: SELECT user_id FROM task_assignees WHERE task_id = ?
2026-08-18T16:57:27.117+09:00 DEBUG 10884 --- [groupware] [nio-8080-exec-5] c.d.g.t.m.T.findUserIdsByTaskId          : ==> Parameters: 12(Long)
2026-08-18T16:57:27.120+09:00 DEBUG 10884 --- [groupware] [nio-8080-exec-5] c.d.g.t.m.T.findUserIdsByTaskId          : <==      Total: 1
2026-08-18T16:57:27.121+09:00 DEBUG 10884 --- [groupware] [nio-8080-exec-5] c.d.g.p.m.P.findByProjectAndUser         : ==>  Preparing: SELECT * FROM project_members WHERE project_id = ? AND user_id = ?
2026-08-18T16:57:27.122+09:00 DEBUG 10884 --- [groupware] [nio-8080-exec-5] c.d.g.p.m.P.findByProjectAndUser         : ==> Parameters: 4(Long), 1(Long)
2026-08-18T16:57:27.125+09:00 DEBUG 10884 --- [groupware] [nio-8080-exec-5] c.d.g.p.m.P.findByProjectAndUser         : <==      Total: 1
2026-08-18T16:57:27.125+09:00 DEBUG 10884 --- [groupware] [nio-8080-exec-5] c.d.g.t.m.T.findUserIdsByTaskId          : ==>  Preparing: SELECT user_id FROM task_assignees WHERE task_id = ?
2026-08-18T16:57:27.126+09:00 DEBUG 10884 --- [groupware] [nio-8080-exec-5] c.d.g.t.m.T.findUserIdsByTaskId          : ==> Parameters: 29(Long)
2026-08-18T16:57:27.128+09:00 DEBUG 10884 --- [groupware] [nio-8080-exec-5] c.d.g.t.m.T.findUserIdsByTaskId          : <==      Total: 1
2026-08-18T16:57:27.129+09:00 DEBUG 10884 --- [groupware] [nio-8080-exec-5] c.d.g.p.m.P.findByProjectAndUser         : ==>  Preparing: SELECT * FROM project_members WHERE project_id = ? AND user_id = ?
2026-08-18T16:57:27.130+09:00 DEBUG 10884 --- [groupware] [nio-8080-exec-5] c.d.g.p.m.P.findByProjectAndUser         : ==> Parameters: 3(Long), 1(Long)
2026-08-18T16:57:27.132+09:00 DEBUG 10884 --- [groupware] [nio-8080-exec-5] c.d.g.p.m.P.findByProjectAndUser         : <==      Total: 1
2026-08-18T16:57:27.132+09:00 DEBUG 10884 --- [groupware] [nio-8080-exec-5] c.d.g.t.m.T.findUserIdsByTaskId          : ==>  Preparing: SELECT user_id FROM task_assignees WHERE task_id = ?
2026-08-18T16:57:27.133+09:00 DEBUG 10884 --- [groupware] [nio-8080-exec-5] c.d.g.t.m.T.findUserIdsByTaskId          : ==> Parameters: 13(Long)
2026-08-18T16:57:27.134+09:00 DEBUG 10884 --- [groupware] [nio-8080-exec-5] c.d.g.t.m.T.findUserIdsByTaskId          : <==      Total: 1
2026-08-18T16:57:27.136+09:00 DEBUG 10884 --- [groupware] [nio-8080-exec-5] c.d.g.p.m.P.findByProjectAndUser         : ==>  Preparing: SELECT * FROM project_members WHERE project_id = ? AND user_id = ?
2026-08-18T16:57:27.137+09:00 DEBUG 10884 --- [groupware] [nio-8080-exec-5] c.d.g.p.m.P.findByProjectAndUser         : ==> Parameters: 4(Long), 1(Long)
2026-08-18T16:57:27.140+09:00 DEBUG 10884 --- [groupware] [nio-8080-exec-5] c.d.g.p.m.P.findByProjectAndUser         : <==      Total: 1
2026-08-18T16:57:27.140+09:00 DEBUG 10884 --- [groupware] [nio-8080-exec-5] c.d.g.t.m.T.findUserIdsByTaskId          : ==>  Preparing: SELECT user_id FROM task_assignees WHERE task_id = ?
2026-08-18T16:57:27.141+09:00 DEBUG 10884 --- [groupware] [nio-8080-exec-5] c.d.g.t.m.T.findUserIdsByTaskId          : ==> Parameters: 27(Long)
2026-08-18T16:57:27.143+09:00 DEBUG 10884 --- [groupware] [nio-8080-exec-5] c.d.g.t.m.T.findUserIdsByTaskId          : <==      Total: 1
2026-08-18T16:57:27.144+09:00 DEBUG 10884 --- [groupware] [nio-8080-exec-5] c.d.g.p.m.P.findByProjectAndUser         : ==>  Preparing: SELECT * FROM project_members WHERE project_id = ? AND user_id = ?
2026-08-18T16:57:27.145+09:00 DEBUG 10884 --- [groupware] [nio-8080-exec-5] c.d.g.p.m.P.findByProjectAndUser         : ==> Parameters: 3(Long), 1(Long)
2026-08-18T16:57:27.146+09:00 DEBUG 10884 --- [groupware] [nio-8080-exec-5] c.d.g.p.m.P.findByProjectAndUser         : <==      Total: 1
2026-08-18T16:57:27.147+09:00 DEBUG 10884 --- [groupware] [nio-8080-exec-5] c.d.g.t.m.T.findUserIdsByTaskId          : ==>  Preparing: SELECT user_id FROM task_assignees WHERE task_id = ?
2026-08-18T16:57:27.147+09:00 DEBUG 10884 --- [groupware] [nio-8080-exec-5] c.d.g.t.m.T.findUserIdsByTaskId          : ==> Parameters: 16(Long)
2026-08-18T16:57:27.148+09:00 DEBUG 10884 --- [groupware] [nio-8080-exec-5] c.d.g.t.m.T.findUserIdsByTaskId          : <==      Total: 1
2026-08-18T16:57:27.149+09:00 DEBUG 10884 --- [groupware] [nio-8080-exec-5] c.d.g.p.m.P.findByProjectAndUser         : ==>  Preparing: SELECT * FROM project_members WHERE project_id = ? AND user_id = ?
2026-08-18T16:57:27.149+09:00 DEBUG 10884 --- [groupware] [nio-8080-exec-5] c.d.g.p.m.P.findByProjectAndUser         : ==> Parameters: 3(Long), 1(Long)
2026-08-18T16:57:27.151+09:00 DEBUG 10884 --- [groupware] [nio-8080-exec-5] c.d.g.p.m.P.findByProjectAndUser         : <==      Total: 1
2026-08-18T16:57:27.151+09:00 DEBUG 10884 --- [groupware] [nio-8080-exec-5] c.d.g.t.m.T.findUserIdsByTaskId          : ==>  Preparing: SELECT user_id FROM task_assignees WHERE task_id = ?
2026-08-18T16:57:27.152+09:00 DEBUG 10884 --- [groupware] [nio-8080-exec-5] c.d.g.t.m.T.findUserIdsByTaskId          : ==> Parameters: 20(Long)
2026-08-18T16:57:27.154+09:00 DEBUG 10884 --- [groupware] [nio-8080-exec-5] c.d.g.t.m.T.findUserIdsByTaskId          : <==      Total: 1
2026-08-18T16:57:27.154+09:00 DEBUG 10884 --- [groupware] [nio-8080-exec-5] c.d.g.p.m.P.findByProjectAndUser         : ==>  Preparing: SELECT * FROM project_members WHERE project_id = ? AND user_id = ?
2026-08-18T16:57:27.155+09:00 DEBUG 10884 --- [groupware] [nio-8080-exec-5] c.d.g.p.m.P.findByProjectAndUser         : ==> Parameters: 6(Long), 1(Long)
2026-08-18T16:57:27.157+09:00 DEBUG 10884 --- [groupware] [nio-8080-exec-5] c.d.g.p.m.P.findByProjectAndUser         : <==      Total: 1
2026-08-18T16:57:27.158+09:00 DEBUG 10884 --- [groupware] [nio-8080-exec-5] c.d.g.t.m.T.findUserIdsByTaskId          : ==>  Preparing: SELECT user_id FROM task_assignees WHERE task_id = ?
2026-08-18T16:57:27.159+09:00 DEBUG 10884 --- [groupware] [nio-8080-exec-5] c.d.g.t.m.T.findUserIdsByTaskId          : ==> Parameters: 64(Long)
2026-08-18T16:57:27.160+09:00 DEBUG 10884 --- [groupware] [nio-8080-exec-5] c.d.g.t.m.T.findUserIdsByTaskId          : <==      Total: 1
2026-08-18T16:57:27.161+09:00 DEBUG 10884 --- [groupware] [nio-8080-exec-5] c.d.g.s.m.StatsMapper.findTodayEvents    : ==>  Preparing: SELECT DISTINCT t.* FROM tasks t LEFT JOIN task_assignees ta ON t.id = ta.task_id WHERE t.is_deleted = false AND t.task_type = 'EVENT' AND t.start_date < DATE_ADD(CURDATE(), INTERVAL 1 DAY) AND (t.end_date >= CURDATE() OR (t.end_date IS NULL AND t.start_date >= CURDATE())) AND (t.creator_id = ? OR ta.user_id = ?) ORDER BY t.start_date
2026-08-18T16:57:27.162+09:00 DEBUG 10884 --- [groupware] [nio-8080-exec-5] c.d.g.s.m.StatsMapper.findTodayEvents    : ==> Parameters: 1(Long), 1(Long)
2026-08-18T16:57:27.164+09:00 DEBUG 10884 --- [groupware] [nio-8080-exec-5] c.d.g.s.m.StatsMapper.findTodayEvents    : <==      Total: 0
2026-08-18T16:57:27.166+09:00 DEBUG 10884 --- [groupware] [nio-8080-exec-5] c.d.g.s.m.StatsMapper.findTodayWbsTasks  : ==>  Preparing: SELECT DISTINCT t.* FROM tasks t LEFT JOIN task_assignees ta ON t.id = ta.task_id WHERE t.is_deleted = false AND t.task_type = 'WBS_TASK' AND t.status NOT IN ('DONE', 'CANCELLED') AND t.start_date < DATE_ADD(CURDATE(), INTERVAL 1 DAY) AND (t.end_date >= CURDATE() OR (t.end_date IS NULL AND t.start_date >= CURDATE())) AND (t.creator_id = ? OR ta.user_id = ?) ORDER BY t.end_date IS NULL, t.end_date, t.start_date
2026-08-18T16:57:27.167+09:00 DEBUG 10884 --- [groupware] [nio-8080-exec-5] c.d.g.s.m.StatsMapper.findTodayWbsTasks  : ==> Parameters: 1(Long), 1(Long)
2026-08-18T16:57:27.173+09:00 DEBUG 10884 --- [groupware] [nio-8080-exec-5] c.d.g.s.m.StatsMapper.findTodayWbsTasks  : <==      Total: 3
2026-08-18T16:57:27.187+09:00 DEBUG 10884 --- [groupware] [nio-8080-exec-7] c.d.g.t.mapper.TaskMapper.findMyTodos    : ==>  Preparing: SELECT * FROM tasks WHERE creator_id = ? AND task_type = 'TODO' AND is_deleted = false ORDER BY sort_order, created_at DESC
2026-08-18T16:57:27.188+09:00 DEBUG 10884 --- [groupware] [nio-8080-exec-7] c.d.g.t.mapper.TaskMapper.findMyTodos    : ==> Parameters: 1(Long)
2026-08-18T16:57:27.195+09:00 DEBUG 10884 --- [groupware] [nio-8080-exec-7] c.d.g.t.mapper.TaskMapper.findMyTodos    : <==      Total: 5
2026-08-18T16:57:27.196+09:00 DEBUG 10884 --- [groupware] [nio-8080-exec-7] c.d.g.t.m.TaskMapper.findAssignedTasks   : ==>  Preparing: SELECT DISTINCT t.* FROM tasks t JOIN task_assignees ta ON ta.task_id = t.id WHERE ta.user_id = ? AND t.task_type = 'WBS_TASK' AND t.is_deleted = false ORDER BY t.sort_order, t.end_date IS NULL, t.end_date, t.created_at DESC
2026-08-18T16:57:27.197+09:00 DEBUG 10884 --- [groupware] [nio-8080-exec-7] c.d.g.t.m.TaskMapper.findAssignedTasks   : ==> Parameters: 1(Long)
2026-08-18T16:57:27.202+09:00 DEBUG 10884 --- [groupware] [nio-8080-exec-7] c.d.g.t.m.TaskMapper.findAssignedTasks   : <==      Total: 7
2026-08-18T16:57:27.202+09:00 DEBUG 10884 --- [groupware] [nio-8080-exec-7] c.d.g.p.m.P.findByProjectAndUser         : ==>  Preparing: SELECT * FROM project_members WHERE project_id = ? AND user_id = ?
2026-08-18T16:57:27.203+09:00 DEBUG 10884 --- [groupware] [nio-8080-exec-7] c.d.g.p.m.P.findByProjectAndUser         : ==> Parameters: 3(Long), 1(Long)
2026-08-18T16:57:27.205+09:00 DEBUG 10884 --- [groupware] [nio-8080-exec-7] c.d.g.p.m.P.findByProjectAndUser         : <==      Total: 1
2026-08-18T16:57:27.206+09:00 DEBUG 10884 --- [groupware] [nio-8080-exec-7] c.d.g.t.m.T.findUserIdsByTaskId          : ==>  Preparing: SELECT user_id FROM task_assignees WHERE task_id = ?
2026-08-18T16:57:27.206+09:00 DEBUG 10884 --- [groupware] [nio-8080-exec-7] c.d.g.t.m.T.findUserIdsByTaskId          : ==> Parameters: 12(Long)
2026-08-18T16:57:27.208+09:00 DEBUG 10884 --- [groupware] [nio-8080-exec-7] c.d.g.t.m.T.findUserIdsByTaskId          : <==      Total: 1
2026-08-18T16:57:27.208+09:00 DEBUG 10884 --- [groupware] [nio-8080-exec-7] c.d.g.p.m.P.findByProjectAndUser         : ==>  Preparing: SELECT * FROM project_members WHERE project_id = ? AND user_id = ?
2026-08-18T16:57:27.208+09:00 DEBUG 10884 --- [groupware] [nio-8080-exec-7] c.d.g.p.m.P.findByProjectAndUser         : ==> Parameters: 4(Long), 1(Long)
2026-08-18T16:57:27.210+09:00 DEBUG 10884 --- [groupware] [nio-8080-exec-7] c.d.g.p.m.P.findByProjectAndUser         : <==      Total: 1
2026-08-18T16:57:27.211+09:00 DEBUG 10884 --- [groupware] [nio-8080-exec-7] c.d.g.t.m.T.findUserIdsByTaskId          : ==>  Preparing: SELECT user_id FROM task_assignees WHERE task_id = ?
2026-08-18T16:57:27.211+09:00 DEBUG 10884 --- [groupware] [nio-8080-exec-7] c.d.g.t.m.T.findUserIdsByTaskId          : ==> Parameters: 29(Long)
2026-08-18T16:57:27.213+09:00 DEBUG 10884 --- [groupware] [nio-8080-exec-7] c.d.g.t.m.T.findUserIdsByTaskId          : <==      Total: 1
2026-08-18T16:57:27.213+09:00 DEBUG 10884 --- [groupware] [nio-8080-exec-7] c.d.g.p.m.P.findByProjectAndUser         : ==>  Preparing: SELECT * FROM project_members WHERE project_id = ? AND user_id = ?
2026-08-18T16:57:27.214+09:00 DEBUG 10884 --- [groupware] [nio-8080-exec-7] c.d.g.p.m.P.findByProjectAndUser         : ==> Parameters: 3(Long), 1(Long)
2026-08-18T16:57:27.216+09:00 DEBUG 10884 --- [groupware] [nio-8080-exec-7] c.d.g.p.m.P.findByProjectAndUser         : <==      Total: 1
2026-08-18T16:57:27.216+09:00 DEBUG 10884 --- [groupware] [nio-8080-exec-7] c.d.g.t.m.T.findUserIdsByTaskId          : ==>  Preparing: SELECT user_id FROM task_assignees WHERE task_id = ?
2026-08-18T16:57:27.217+09:00 DEBUG 10884 --- [groupware] [nio-8080-exec-7] c.d.g.t.m.T.findUserIdsByTaskId          : ==> Parameters: 13(Long)
2026-08-18T16:57:27.218+09:00 DEBUG 10884 --- [groupware] [nio-8080-exec-7] c.d.g.t.m.T.findUserIdsByTaskId          : <==      Total: 1
2026-08-18T16:57:27.219+09:00 DEBUG 10884 --- [groupware] [nio-8080-exec-7] c.d.g.p.m.P.findByProjectAndUser         : ==>  Preparing: SELECT * FROM project_members WHERE project_id = ? AND user_id = ?
2026-08-18T16:57:27.219+09:00 DEBUG 10884 --- [groupware] [nio-8080-exec-7] c.d.g.p.m.P.findByProjectAndUser         : ==> Parameters: 4(Long), 1(Long)
2026-08-18T16:57:27.221+09:00 DEBUG 10884 --- [groupware] [nio-8080-exec-7] c.d.g.p.m.P.findByProjectAndUser         : <==      Total: 1
2026-08-18T16:57:27.221+09:00 DEBUG 10884 --- [groupware] [nio-8080-exec-7] c.d.g.t.m.T.findUserIdsByTaskId          : ==>  Preparing: SELECT user_id FROM task_assignees WHERE task_id = ?
2026-08-18T16:57:27.221+09:00 DEBUG 10884 --- [groupware] [nio-8080-exec-7] c.d.g.t.m.T.findUserIdsByTaskId          : ==> Parameters: 27(Long)
2026-08-18T16:57:27.223+09:00 DEBUG 10884 --- [groupware] [nio-8080-exec-7] c.d.g.t.m.T.findUserIdsByTaskId          : <==      Total: 1
2026-08-18T16:57:27.223+09:00 DEBUG 10884 --- [groupware] [nio-8080-exec-7] c.d.g.p.m.P.findByProjectAndUser         : ==>  Preparing: SELECT * FROM project_members WHERE project_id = ? AND user_id = ?
2026-08-18T16:57:27.224+09:00 DEBUG 10884 --- [groupware] [nio-8080-exec-7] c.d.g.p.m.P.findByProjectAndUser         : ==> Parameters: 3(Long), 1(Long)
2026-08-18T16:57:27.225+09:00 DEBUG 10884 --- [groupware] [nio-8080-exec-7] c.d.g.p.m.P.findByProjectAndUser         : <==      Total: 1
2026-08-18T16:57:27.226+09:00 DEBUG 10884 --- [groupware] [nio-8080-exec-7] c.d.g.t.m.T.findUserIdsByTaskId          : ==>  Preparing: SELECT user_id FROM task_assignees WHERE task_id = ?
2026-08-18T16:57:27.226+09:00 DEBUG 10884 --- [groupware] [nio-8080-exec-7] c.d.g.t.m.T.findUserIdsByTaskId          : ==> Parameters: 16(Long)
2026-08-18T16:57:27.227+09:00 DEBUG 10884 --- [groupware] [nio-8080-exec-7] c.d.g.t.m.T.findUserIdsByTaskId          : <==      Total: 1
2026-08-18T16:57:27.228+09:00 DEBUG 10884 --- [groupware] [nio-8080-exec-7] c.d.g.p.m.P.findByProjectAndUser         : ==>  Preparing: SELECT * FROM project_members WHERE project_id = ? AND user_id = ?
2026-08-18T16:57:27.229+09:00 DEBUG 10884 --- [groupware] [nio-8080-exec-7] c.d.g.p.m.P.findByProjectAndUser         : ==> Parameters: 3(Long), 1(Long)
2026-08-18T16:57:27.231+09:00 DEBUG 10884 --- [groupware] [nio-8080-exec-7] c.d.g.p.m.P.findByProjectAndUser         : <==      Total: 1
2026-08-18T16:57:27.232+09:00 DEBUG 10884 --- [groupware] [nio-8080-exec-7] c.d.g.t.m.T.findUserIdsByTaskId          : ==>  Preparing: SELECT user_id FROM task_assignees WHERE task_id = ?
2026-08-18T16:57:27.232+09:00 DEBUG 10884 --- [groupware] [nio-8080-exec-7] c.d.g.t.m.T.findUserIdsByTaskId          : ==> Parameters: 20(Long)
2026-08-18T16:57:27.234+09:00 DEBUG 10884 --- [groupware] [nio-8080-exec-7] c.d.g.t.m.T.findUserIdsByTaskId          : <==      Total: 1
2026-08-18T16:57:27.234+09:00 DEBUG 10884 --- [groupware] [nio-8080-exec-7] c.d.g.p.m.P.findByProjectAndUser         : ==>  Preparing: SELECT * FROM project_members WHERE project_id = ? AND user_id = ?
2026-08-18T16:57:27.235+09:00 DEBUG 10884 --- [groupware] [nio-8080-exec-7] c.d.g.p.m.P.findByProjectAndUser         : ==> Parameters: 6(Long), 1(Long)
2026-08-18T16:57:27.238+09:00 DEBUG 10884 --- [groupware] [nio-8080-exec-7] c.d.g.p.m.P.findByProjectAndUser         : <==      Total: 1
2026-08-18T16:57:27.238+09:00 DEBUG 10884 --- [groupware] [nio-8080-exec-7] c.d.g.t.m.T.findUserIdsByTaskId          : ==>  Preparing: SELECT user_id FROM task_assignees WHERE task_id = ?
2026-08-18T16:57:27.238+09:00 DEBUG 10884 --- [groupware] [nio-8080-exec-7] c.d.g.t.m.T.findUserIdsByTaskId          : ==> Parameters: 64(Long)
2026-08-18T16:57:27.241+09:00 DEBUG 10884 --- [groupware] [nio-8080-exec-7] c.d.g.t.m.T.findUserIdsByTaskId          : <==      Total: 1
2026-08-18T16:57:27.242+09:00 DEBUG 10884 --- [groupware] [nio-8080-exec-7] c.d.g.s.m.StatsMapper.findTodayEvents    : ==>  Preparing: SELECT DISTINCT t.* FROM tasks t LEFT JOIN task_assignees ta ON t.id = ta.task_id WHERE t.is_deleted = false AND t.task_type = 'EVENT' AND t.start_date < DATE_ADD(CURDATE(), INTERVAL 1 DAY) AND (t.end_date >= CURDATE() OR (t.end_date IS NULL AND t.start_date >= CURDATE())) AND (t.creator_id = ? OR ta.user_id = ?) ORDER BY t.start_date
2026-08-18T16:57:27.244+09:00 DEBUG 10884 --- [groupware] [nio-8080-exec-7] c.d.g.s.m.StatsMapper.findTodayEvents    : ==> Parameters: 1(Long), 1(Long)
2026-08-18T16:57:27.247+09:00 DEBUG 10884 --- [groupware] [nio-8080-exec-7] c.d.g.s.m.StatsMapper.findTodayEvents    : <==      Total: 0
2026-08-18T16:57:27.248+09:00 DEBUG 10884 --- [groupware] [nio-8080-exec-7] c.d.g.s.m.StatsMapper.findTodayWbsTasks  : ==>  Preparing: SELECT DISTINCT t.* FROM tasks t LEFT JOIN task_assignees ta ON t.id = ta.task_id WHERE t.is_deleted = false AND t.task_type = 'WBS_TASK' AND t.status NOT IN ('DONE', 'CANCELLED') AND t.start_date < DATE_ADD(CURDATE(), INTERVAL 1 DAY) AND (t.end_date >= CURDATE() OR (t.end_date IS NULL AND t.start_date >= CURDATE())) AND (t.creator_id = ? OR ta.user_id = ?) ORDER BY t.end_date IS NULL, t.end_date, t.start_date
2026-08-18T16:57:27.249+09:00 DEBUG 10884 --- [groupware] [nio-8080-exec-7] c.d.g.s.m.StatsMapper.findTodayWbsTasks  : ==> Parameters: 1(Long), 1(Long)
2026-08-18T16:57:27.254+09:00 DEBUG 10884 --- [groupware] [nio-8080-exec-7] c.d.g.s.m.StatsMapper.findTodayWbsTasks  : <==      Total: 3
2026-08-18T16:57:30.794+09:00 DEBUG 10884 --- [groupware] [nio-8080-exec-2] c.d.g.t.m.TaskMapper.searchCalendar      : ==>  Preparing: SELECT DISTINCT t.* FROM tasks t LEFT JOIN task_assignees ta ON t.id = ta.task_id WHERE t.is_deleted = false AND ( (t.task_type = 'EVENT' AND ( t.creator_id = ? OR ta.user_id = ? )) OR (t.task_type = 'WBS_TASK' AND NOT EXISTS ( SELECT 1 FROM tasks c WHERE c.parent_task_id = t.id AND c.is_deleted = false ) AND ta.user_id = ? ) OR (t.task_type = 'TODO' AND t.creator_id = ?) ) AND t.start_date <= ? AND t.end_date >= ? ORDER BY t.start_date LIMIT 500
2026-08-18T16:57:30.797+09:00 DEBUG 10884 --- [groupware] [nio-8080-exec-2] c.d.g.t.m.TaskMapper.searchCalendar      : ==> Parameters: 1(Long), 1(Long), 1(Long), 1(Long), 2026-09-06T00:00(LocalDateTime), 2026-07-26T00:00(LocalDateTime)
2026-08-18T16:57:30.808+09:00 DEBUG 10884 --- [groupware] [nio-8080-exec-2] c.d.g.t.m.TaskMapper.searchCalendar      : <==      Total: 9
2026-08-18T16:57:30.809+09:00 DEBUG 10884 --- [groupware] [nio-8080-exec-2] c.d.g.p.m.P.findByProjectAndUser         : ==>  Preparing: SELECT * FROM project_members WHERE project_id = ? AND user_id = ?
2026-08-18T16:57:30.809+09:00 DEBUG 10884 --- [groupware] [nio-8080-exec-2] c.d.g.p.m.P.findByProjectAndUser         : ==> Parameters: 3(Long), 1(Long)
2026-08-18T16:57:30.812+09:00 DEBUG 10884 --- [groupware] [nio-8080-exec-2] c.d.g.p.m.P.findByProjectAndUser         : <==      Total: 1
2026-08-18T16:57:30.813+09:00 DEBUG 10884 --- [groupware] [nio-8080-exec-9] c.d.g.c.m.CategoryMapper.findByUserId    : ==>  Preparing: SELECT * FROM categories WHERE user_id = ? ORDER BY created_at DESC
2026-08-18T16:57:30.814+09:00 DEBUG 10884 --- [groupware] [nio-8080-exec-2] c.d.g.p.m.P.findByProjectAndUser         : ==>  Preparing: SELECT * FROM project_members WHERE project_id = ? AND user_id = ?
2026-08-18T16:57:30.814+09:00 DEBUG 10884 --- [groupware] [nio-8080-exec-9] c.d.g.c.m.CategoryMapper.findByUserId    : ==> Parameters: 1(Long)
2026-08-18T16:57:30.815+09:00 DEBUG 10884 --- [groupware] [nio-8080-exec-2] c.d.g.p.m.P.findByProjectAndUser         : ==> Parameters: 3(Long), 1(Long)
2026-08-18T16:57:30.817+09:00 DEBUG 10884 --- [groupware] [nio-8080-exec-9] c.d.g.c.m.CategoryMapper.findByUserId    : <==      Total: 1
2026-08-18T16:57:30.817+09:00 DEBUG 10884 --- [groupware] [nio-8080-exec-2] c.d.g.p.m.P.findByProjectAndUser         : <==      Total: 1
2026-08-18T16:57:30.818+09:00 DEBUG 10884 --- [groupware] [nio-8080-exec-9] c.d.g.c.m.C.findByDepartmentId           : ==>  Preparing: SELECT * FROM categories WHERE department_id = ? ORDER BY created_at DESC
2026-08-18T16:57:30.818+09:00 DEBUG 10884 --- [groupware] [nio-8080-exec-2] c.d.g.p.m.P.findByProjectAndUser         : ==>  Preparing: SELECT * FROM project_members WHERE project_id = ? AND user_id = ?
2026-08-18T16:57:30.818+09:00 DEBUG 10884 --- [groupware] [nio-8080-exec-9] c.d.g.c.m.C.findByDepartmentId           : ==> Parameters: 7(Long)
2026-08-18T16:57:30.819+09:00 DEBUG 10884 --- [groupware] [nio-8080-exec-2] c.d.g.p.m.P.findByProjectAndUser         : ==> Parameters: 4(Long), 1(Long)
2026-08-18T16:57:30.820+09:00 DEBUG 10884 --- [groupware] [nio-8080-exec-2] c.d.g.p.m.P.findByProjectAndUser         : <==      Total: 1
2026-08-18T16:57:30.821+09:00 DEBUG 10884 --- [groupware] [nio-8080-exec-2] c.d.g.p.m.P.findByProjectAndUser         : ==>  Preparing: SELECT * FROM project_members WHERE project_id = ? AND user_id = ?
2026-08-18T16:57:30.821+09:00 DEBUG 10884 --- [groupware] [nio-8080-exec-2] c.d.g.p.m.P.findByProjectAndUser         : ==> Parameters: 3(Long), 1(Long)
2026-08-18T16:57:30.822+09:00 DEBUG 10884 --- [groupware] [nio-8080-exec-9] c.d.g.c.m.C.findByDepartmentId           : <==      Total: 2
2026-08-18T16:57:30.823+09:00 DEBUG 10884 --- [groupware] [nio-8080-exec-2] c.d.g.p.m.P.findByProjectAndUser         : <==      Total: 1
2026-08-18T16:57:30.824+09:00 DEBUG 10884 --- [groupware] [nio-8080-exec-2] c.d.g.p.m.P.findByProjectAndUser         : ==>  Preparing: SELECT * FROM project_members WHERE project_id = ? AND user_id = ?
2026-08-18T16:57:30.824+09:00 DEBUG 10884 --- [groupware] [nio-8080-exec-2] c.d.g.p.m.P.findByProjectAndUser         : ==> Parameters: 4(Long), 1(Long)
2026-08-18T16:57:30.826+09:00 DEBUG 10884 --- [groupware] [nio-8080-exec-2] c.d.g.p.m.P.findByProjectAndUser         : <==      Total: 1
2026-08-18T16:57:30.827+09:00 DEBUG 10884 --- [groupware] [nio-8080-exec-2] c.d.g.p.m.P.findByProjectAndUser         : ==>  Preparing: SELECT * FROM project_members WHERE project_id = ? AND user_id = ?
2026-08-18T16:57:30.827+09:00 DEBUG 10884 --- [groupware] [nio-8080-exec-2] c.d.g.p.m.P.findByProjectAndUser         : ==> Parameters: 6(Long), 1(Long)
2026-08-18T16:57:30.829+09:00 DEBUG 10884 --- [groupware] [nio-8080-exec-2] c.d.g.p.m.P.findByProjectAndUser         : <==      Total: 1
2026-08-18T16:57:30.829+09:00 DEBUG 10884 --- [groupware] [nio-8080-exec-2] c.d.g.p.m.P.findByProjectAndUser         : ==>  Preparing: SELECT * FROM project_members WHERE project_id = ? AND user_id = ?
2026-08-18T16:57:30.830+09:00 DEBUG 10884 --- [groupware] [nio-8080-exec-2] c.d.g.p.m.P.findByProjectAndUser         : ==> Parameters: 3(Long), 1(Long)
2026-08-18T16:57:30.832+09:00 DEBUG 10884 --- [groupware] [nio-8080-exec-2] c.d.g.p.m.P.findByProjectAndUser         : <==      Total: 1
2026-08-18T16:57:30.851+09:00 DEBUG 10884 --- [groupware] [nio-8080-exec-4] c.d.g.t.m.TaskMapper.searchCalendar      : ==>  Preparing: SELECT DISTINCT t.* FROM tasks t LEFT JOIN task_assignees ta ON t.id = ta.task_id WHERE t.is_deleted = false AND ( (t.task_type = 'EVENT' AND ( t.creator_id = ? OR ta.user_id = ? )) OR (t.task_type = 'WBS_TASK' AND NOT EXISTS ( SELECT 1 FROM tasks c WHERE c.parent_task_id = t.id AND c.is_deleted = false ) AND ta.user_id = ? ) OR (t.task_type = 'TODO' AND t.creator_id = ?) ) AND t.start_date <= ? AND t.end_date >= ? ORDER BY t.start_date LIMIT 500
2026-08-18T16:57:30.851+09:00 DEBUG 10884 --- [groupware] [nio-8080-exec-1] c.d.g.c.m.CategoryMapper.findByUserId    : ==>  Preparing: SELECT * FROM categories WHERE user_id = ? ORDER BY created_at DESC
2026-08-18T16:57:30.852+09:00 DEBUG 10884 --- [groupware] [nio-8080-exec-1] c.d.g.c.m.CategoryMapper.findByUserId    : ==> Parameters: 1(Long)
2026-08-18T16:57:30.852+09:00 DEBUG 10884 --- [groupware] [nio-8080-exec-4] c.d.g.t.m.TaskMapper.searchCalendar      : ==> Parameters: 1(Long), 1(Long), 1(Long), 1(Long), 2026-09-06T00:00(LocalDateTime), 2026-07-26T00:00(LocalDateTime)
2026-08-18T16:57:30.854+09:00 DEBUG 10884 --- [groupware] [nio-8080-exec-1] c.d.g.c.m.CategoryMapper.findByUserId    : <==      Total: 1
2026-08-18T16:57:30.855+09:00 DEBUG 10884 --- [groupware] [nio-8080-exec-1] c.d.g.c.m.C.findByDepartmentId           : ==>  Preparing: SELECT * FROM categories WHERE department_id = ? ORDER BY created_at DESC
2026-08-18T16:57:30.855+09:00 DEBUG 10884 --- [groupware] [nio-8080-exec-1] c.d.g.c.m.C.findByDepartmentId           : ==> Parameters: 7(Long)
2026-08-18T16:57:30.856+09:00 DEBUG 10884 --- [groupware] [nio-8080-exec-4] c.d.g.t.m.TaskMapper.searchCalendar      : <==      Total: 9
2026-08-18T16:57:30.857+09:00 DEBUG 10884 --- [groupware] [nio-8080-exec-4] c.d.g.p.m.P.findByProjectAndUser         : ==>  Preparing: SELECT * FROM project_members WHERE project_id = ? AND user_id = ?
2026-08-18T16:57:30.857+09:00 DEBUG 10884 --- [groupware] [nio-8080-exec-4] c.d.g.p.m.P.findByProjectAndUser         : ==> Parameters: 3(Long), 1(Long)
2026-08-18T16:57:30.858+09:00 DEBUG 10884 --- [groupware] [nio-8080-exec-1] c.d.g.c.m.C.findByDepartmentId           : <==      Total: 2
2026-08-18T16:57:30.859+09:00 DEBUG 10884 --- [groupware] [nio-8080-exec-4] c.d.g.p.m.P.findByProjectAndUser         : <==      Total: 1
2026-08-18T16:57:30.859+09:00 DEBUG 10884 --- [groupware] [nio-8080-exec-4] c.d.g.p.m.P.findByProjectAndUser         : ==>  Preparing: SELECT * FROM project_members WHERE project_id = ? AND user_id = ?
2026-08-18T16:57:30.860+09:00 DEBUG 10884 --- [groupware] [nio-8080-exec-4] c.d.g.p.m.P.findByProjectAndUser         : ==> Parameters: 3(Long), 1(Long)
2026-08-18T16:57:30.862+09:00 DEBUG 10884 --- [groupware] [nio-8080-exec-4] c.d.g.p.m.P.findByProjectAndUser         : <==      Total: 1
2026-08-18T16:57:30.863+09:00 DEBUG 10884 --- [groupware] [nio-8080-exec-4] c.d.g.p.m.P.findByProjectAndUser         : ==>  Preparing: SELECT * FROM project_members WHERE project_id = ? AND user_id = ?
2026-08-18T16:57:30.863+09:00 DEBUG 10884 --- [groupware] [nio-8080-exec-4] c.d.g.p.m.P.findByProjectAndUser         : ==> Parameters: 4(Long), 1(Long)
2026-08-18T16:57:30.865+09:00 DEBUG 10884 --- [groupware] [nio-8080-exec-4] c.d.g.p.m.P.findByProjectAndUser         : <==      Total: 1
2026-08-18T16:57:30.866+09:00 DEBUG 10884 --- [groupware] [nio-8080-exec-4] c.d.g.p.m.P.findByProjectAndUser         : ==>  Preparing: SELECT * FROM project_members WHERE project_id = ? AND user_id = ?
2026-08-18T16:57:30.866+09:00 DEBUG 10884 --- [groupware] [nio-8080-exec-4] c.d.g.p.m.P.findByProjectAndUser         : ==> Parameters: 3(Long), 1(Long)
2026-08-18T16:57:30.868+09:00 DEBUG 10884 --- [groupware] [nio-8080-exec-4] c.d.g.p.m.P.findByProjectAndUser         : <==      Total: 1
2026-08-18T16:57:30.869+09:00 DEBUG 10884 --- [groupware] [nio-8080-exec-4] c.d.g.p.m.P.findByProjectAndUser         : ==>  Preparing: SELECT * FROM project_members WHERE project_id = ? AND user_id = ?
2026-08-18T16:57:30.870+09:00 DEBUG 10884 --- [groupware] [nio-8080-exec-4] c.d.g.p.m.P.findByProjectAndUser         : ==> Parameters: 4(Long), 1(Long)
2026-08-18T16:57:30.872+09:00 DEBUG 10884 --- [groupware] [nio-8080-exec-4] c.d.g.p.m.P.findByProjectAndUser         : <==      Total: 1
2026-08-18T16:57:30.872+09:00 DEBUG 10884 --- [groupware] [nio-8080-exec-4] c.d.g.p.m.P.findByProjectAndUser         : ==>  Preparing: SELECT * FROM project_members WHERE project_id = ? AND user_id = ?
2026-08-18T16:57:30.873+09:00 DEBUG 10884 --- [groupware] [nio-8080-exec-4] c.d.g.p.m.P.findByProjectAndUser         : ==> Parameters: 6(Long), 1(Long)
2026-08-18T16:57:30.874+09:00 DEBUG 10884 --- [groupware] [nio-8080-exec-4] c.d.g.p.m.P.findByProjectAndUser         : <==      Total: 1
2026-08-18T16:57:30.875+09:00 DEBUG 10884 --- [groupware] [nio-8080-exec-4] c.d.g.p.m.P.findByProjectAndUser         : ==>  Preparing: SELECT * FROM project_members WHERE project_id = ? AND user_id = ?
2026-08-18T16:57:30.875+09:00 DEBUG 10884 --- [groupware] [nio-8080-exec-4] c.d.g.p.m.P.findByProjectAndUser         : ==> Parameters: 3(Long), 1(Long)
2026-08-18T16:57:30.876+09:00 DEBUG 10884 --- [groupware] [nio-8080-exec-4] c.d.g.p.m.P.findByProjectAndUser         : <==      Total: 1
2026-08-18T16:57:31.978+09:00 DEBUG 10884 --- [groupware] [nio-8080-exec-6] c.d.g.n.m.N.countUnread                  : ==>  Preparing: SELECT COUNT(*) FROM notifications WHERE user_id = ? AND is_read = false
2026-08-18T16:57:31.979+09:00 DEBUG 10884 --- [groupware] [nio-8080-exec-6] c.d.g.n.m.N.countUnread                  : ==> Parameters: 1(Long)
2026-08-18T16:57:31.982+09:00 DEBUG 10884 --- [groupware] [nio-8080-exec-6] c.d.g.n.m.N.countUnread                  : <==      Total: 1
2026-08-18T16:57:32.241+09:00 DEBUG 10884 --- [groupware] [io-8080-exec-10] c.d.g.t.mapper.TaskMapper.findMyTodos    : ==>  Preparing: SELECT * FROM tasks WHERE creator_id = ? AND task_type = 'TODO' AND is_deleted = false ORDER BY sort_order, created_at DESC
2026-08-18T16:57:32.242+09:00 DEBUG 10884 --- [groupware] [io-8080-exec-10] c.d.g.t.mapper.TaskMapper.findMyTodos    : ==> Parameters: 1(Long)
2026-08-18T16:57:32.246+09:00 DEBUG 10884 --- [groupware] [io-8080-exec-10] c.d.g.t.mapper.TaskMapper.findMyTodos    : <==      Total: 5
2026-08-18T16:57:32.248+09:00 DEBUG 10884 --- [groupware] [io-8080-exec-10] c.d.g.t.m.TaskMapper.findAssignedTasks   : ==>  Preparing: SELECT DISTINCT t.* FROM tasks t JOIN task_assignees ta ON ta.task_id = t.id WHERE ta.user_id = ? AND t.task_type = 'WBS_TASK' AND t.is_deleted = false ORDER BY t.sort_order, t.end_date IS NULL, t.end_date, t.created_at DESC
2026-08-18T16:57:32.249+09:00 DEBUG 10884 --- [groupware] [io-8080-exec-10] c.d.g.t.m.TaskMapper.findAssignedTasks   : ==> Parameters: 1(Long)
2026-08-18T16:57:32.254+09:00 DEBUG 10884 --- [groupware] [io-8080-exec-10] c.d.g.t.m.TaskMapper.findAssignedTasks   : <==      Total: 7
2026-08-18T16:57:32.256+09:00 DEBUG 10884 --- [groupware] [io-8080-exec-10] c.d.g.p.m.P.findByProjectAndUser         : ==>  Preparing: SELECT * FROM project_members WHERE project_id = ? AND user_id = ?
2026-08-18T16:57:32.256+09:00 DEBUG 10884 --- [groupware] [io-8080-exec-10] c.d.g.p.m.P.findByProjectAndUser         : ==> Parameters: 3(Long), 1(Long)
2026-08-18T16:57:32.259+09:00 DEBUG 10884 --- [groupware] [io-8080-exec-10] c.d.g.p.m.P.findByProjectAndUser         : <==      Total: 1
2026-08-18T16:57:32.260+09:00 DEBUG 10884 --- [groupware] [io-8080-exec-10] c.d.g.t.m.T.findUserIdsByTaskId          : ==>  Preparing: SELECT user_id FROM task_assignees WHERE task_id = ?
2026-08-18T16:57:32.260+09:00 DEBUG 10884 --- [groupware] [io-8080-exec-10] c.d.g.t.m.T.findUserIdsByTaskId          : ==> Parameters: 12(Long)
2026-08-18T16:57:32.262+09:00 DEBUG 10884 --- [groupware] [io-8080-exec-10] c.d.g.t.m.T.findUserIdsByTaskId          : <==      Total: 1
2026-08-18T16:57:32.264+09:00 DEBUG 10884 --- [groupware] [io-8080-exec-10] c.d.g.p.m.P.findByProjectAndUser         : ==>  Preparing: SELECT * FROM project_members WHERE project_id = ? AND user_id = ?
2026-08-18T16:57:32.265+09:00 DEBUG 10884 --- [groupware] [io-8080-exec-10] c.d.g.p.m.P.findByProjectAndUser         : ==> Parameters: 4(Long), 1(Long)
2026-08-18T16:57:32.266+09:00 DEBUG 10884 --- [groupware] [io-8080-exec-10] c.d.g.p.m.P.findByProjectAndUser         : <==      Total: 1
2026-08-18T16:57:32.269+09:00 DEBUG 10884 --- [groupware] [io-8080-exec-10] c.d.g.t.m.T.findUserIdsByTaskId          : ==>  Preparing: SELECT user_id FROM task_assignees WHERE task_id = ?
2026-08-18T16:57:32.271+09:00 DEBUG 10884 --- [groupware] [io-8080-exec-10] c.d.g.t.m.T.findUserIdsByTaskId          : ==> Parameters: 29(Long)
2026-08-18T16:57:32.275+09:00 DEBUG 10884 --- [groupware] [io-8080-exec-10] c.d.g.t.m.T.findUserIdsByTaskId          : <==      Total: 1
2026-08-18T16:57:32.278+09:00 DEBUG 10884 --- [groupware] [io-8080-exec-10] c.d.g.p.m.P.findByProjectAndUser         : ==>  Preparing: SELECT * FROM project_members WHERE project_id = ? AND user_id = ?
2026-08-18T16:57:32.281+09:00 DEBUG 10884 --- [groupware] [io-8080-exec-10] c.d.g.p.m.P.findByProjectAndUser         : ==> Parameters: 3(Long), 1(Long)
2026-08-18T16:57:32.283+09:00 DEBUG 10884 --- [groupware] [io-8080-exec-10] c.d.g.p.m.P.findByProjectAndUser         : <==      Total: 1
2026-08-18T16:57:32.284+09:00 DEBUG 10884 --- [groupware] [io-8080-exec-10] c.d.g.t.m.T.findUserIdsByTaskId          : ==>  Preparing: SELECT user_id FROM task_assignees WHERE task_id = ?
2026-08-18T16:57:32.284+09:00 DEBUG 10884 --- [groupware] [io-8080-exec-10] c.d.g.t.m.T.findUserIdsByTaskId          : ==> Parameters: 13(Long)
2026-08-18T16:57:32.285+09:00 DEBUG 10884 --- [groupware] [io-8080-exec-10] c.d.g.t.m.T.findUserIdsByTaskId          : <==      Total: 1
2026-08-18T16:57:32.286+09:00 DEBUG 10884 --- [groupware] [io-8080-exec-10] c.d.g.p.m.P.findByProjectAndUser         : ==>  Preparing: SELECT * FROM project_members WHERE project_id = ? AND user_id = ?
2026-08-18T16:57:32.286+09:00 DEBUG 10884 --- [groupware] [io-8080-exec-10] c.d.g.p.m.P.findByProjectAndUser         : ==> Parameters: 4(Long), 1(Long)
2026-08-18T16:57:32.287+09:00 DEBUG 10884 --- [groupware] [io-8080-exec-10] c.d.g.p.m.P.findByProjectAndUser         : <==      Total: 1
2026-08-18T16:57:32.288+09:00 DEBUG 10884 --- [groupware] [io-8080-exec-10] c.d.g.t.m.T.findUserIdsByTaskId          : ==>  Preparing: SELECT user_id FROM task_assignees WHERE task_id = ?
2026-08-18T16:57:32.288+09:00 DEBUG 10884 --- [groupware] [io-8080-exec-10] c.d.g.t.m.T.findUserIdsByTaskId          : ==> Parameters: 27(Long)
2026-08-18T16:57:32.289+09:00 DEBUG 10884 --- [groupware] [io-8080-exec-10] c.d.g.t.m.T.findUserIdsByTaskId          : <==      Total: 1
2026-08-18T16:57:32.290+09:00 DEBUG 10884 --- [groupware] [io-8080-exec-10] c.d.g.p.m.P.findByProjectAndUser         : ==>  Preparing: SELECT * FROM project_members WHERE project_id = ? AND user_id = ?
2026-08-18T16:57:32.290+09:00 DEBUG 10884 --- [groupware] [io-8080-exec-10] c.d.g.p.m.P.findByProjectAndUser         : ==> Parameters: 3(Long), 1(Long)
2026-08-18T16:57:32.291+09:00 DEBUG 10884 --- [groupware] [io-8080-exec-10] c.d.g.p.m.P.findByProjectAndUser         : <==      Total: 1
2026-08-18T16:57:32.292+09:00 DEBUG 10884 --- [groupware] [io-8080-exec-10] c.d.g.t.m.T.findUserIdsByTaskId          : ==>  Preparing: SELECT user_id FROM task_assignees WHERE task_id = ?
2026-08-18T16:57:32.292+09:00 DEBUG 10884 --- [groupware] [io-8080-exec-10] c.d.g.t.m.T.findUserIdsByTaskId          : ==> Parameters: 16(Long)
2026-08-18T16:57:32.293+09:00 DEBUG 10884 --- [groupware] [io-8080-exec-10] c.d.g.t.m.T.findUserIdsByTaskId          : <==      Total: 1
2026-08-18T16:57:32.294+09:00 DEBUG 10884 --- [groupware] [io-8080-exec-10] c.d.g.p.m.P.findByProjectAndUser         : ==>  Preparing: SELECT * FROM project_members WHERE project_id = ? AND user_id = ?
2026-08-18T16:57:32.294+09:00 DEBUG 10884 --- [groupware] [io-8080-exec-10] c.d.g.p.m.P.findByProjectAndUser         : ==> Parameters: 3(Long), 1(Long)
2026-08-18T16:57:32.295+09:00 DEBUG 10884 --- [groupware] [io-8080-exec-10] c.d.g.p.m.P.findByProjectAndUser         : <==      Total: 1
2026-08-18T16:57:32.296+09:00 DEBUG 10884 --- [groupware] [io-8080-exec-10] c.d.g.t.m.T.findUserIdsByTaskId          : ==>  Preparing: SELECT user_id FROM task_assignees WHERE task_id = ?
2026-08-18T16:57:32.296+09:00 DEBUG 10884 --- [groupware] [io-8080-exec-10] c.d.g.t.m.T.findUserIdsByTaskId          : ==> Parameters: 20(Long)
2026-08-18T16:57:32.297+09:00 DEBUG 10884 --- [groupware] [io-8080-exec-10] c.d.g.t.m.T.findUserIdsByTaskId          : <==      Total: 1
2026-08-18T16:57:32.298+09:00 DEBUG 10884 --- [groupware] [io-8080-exec-10] c.d.g.p.m.P.findByProjectAndUser         : ==>  Preparing: SELECT * FROM project_members WHERE project_id = ? AND user_id = ?
2026-08-18T16:57:32.298+09:00 DEBUG 10884 --- [groupware] [io-8080-exec-10] c.d.g.p.m.P.findByProjectAndUser         : ==> Parameters: 6(Long), 1(Long)
2026-08-18T16:57:32.299+09:00 DEBUG 10884 --- [groupware] [io-8080-exec-10] c.d.g.p.m.P.findByProjectAndUser         : <==      Total: 1
2026-08-18T16:57:32.300+09:00 DEBUG 10884 --- [groupware] [io-8080-exec-10] c.d.g.t.m.T.findUserIdsByTaskId          : ==>  Preparing: SELECT user_id FROM task_assignees WHERE task_id = ?
2026-08-18T16:57:32.300+09:00 DEBUG 10884 --- [groupware] [io-8080-exec-10] c.d.g.t.m.T.findUserIdsByTaskId          : ==> Parameters: 64(Long)
2026-08-18T16:57:32.301+09:00 DEBUG 10884 --- [groupware] [io-8080-exec-10] c.d.g.t.m.T.findUserIdsByTaskId          : <==      Total: 1
2026-08-18T16:57:32.301+09:00 DEBUG 10884 --- [groupware] [io-8080-exec-10] c.d.g.s.m.StatsMapper.findTodayEvents    : ==>  Preparing: SELECT DISTINCT t.* FROM tasks t LEFT JOIN task_assignees ta ON t.id = ta.task_id WHERE t.is_deleted = false AND t.task_type = 'EVENT' AND t.start_date < DATE_ADD(CURDATE(), INTERVAL 1 DAY) AND (t.end_date >= CURDATE() OR (t.end_date IS NULL AND t.start_date >= CURDATE())) AND (t.creator_id = ? OR ta.user_id = ?) ORDER BY t.start_date
2026-08-18T16:57:32.302+09:00 DEBUG 10884 --- [groupware] [io-8080-exec-10] c.d.g.s.m.StatsMapper.findTodayEvents    : ==> Parameters: 1(Long), 1(Long)
2026-08-18T16:57:32.303+09:00 DEBUG 10884 --- [groupware] [io-8080-exec-10] c.d.g.s.m.StatsMapper.findTodayEvents    : <==      Total: 0
2026-08-18T16:57:32.304+09:00 DEBUG 10884 --- [groupware] [io-8080-exec-10] c.d.g.s.m.StatsMapper.findTodayWbsTasks  : ==>  Preparing: SELECT DISTINCT t.* FROM tasks t LEFT JOIN task_assignees ta ON t.id = ta.task_id WHERE t.is_deleted = false AND t.task_type = 'WBS_TASK' AND t.status NOT IN ('DONE', 'CANCELLED') AND t.start_date < DATE_ADD(CURDATE(), INTERVAL 1 DAY) AND (t.end_date >= CURDATE() OR (t.end_date IS NULL AND t.start_date >= CURDATE())) AND (t.creator_id = ? OR ta.user_id = ?) ORDER BY t.end_date IS NULL, t.end_date, t.start_date
2026-08-18T16:57:32.304+09:00 DEBUG 10884 --- [groupware] [io-8080-exec-10] c.d.g.s.m.StatsMapper.findTodayWbsTasks  : ==> Parameters: 1(Long), 1(Long)
2026-08-18T16:57:32.308+09:00 DEBUG 10884 --- [groupware] [io-8080-exec-10] c.d.g.s.m.StatsMapper.findTodayWbsTasks  : <==      Total: 3
2026-08-18T16:57:32.327+09:00 DEBUG 10884 --- [groupware] [nio-8080-exec-8] c.d.g.t.mapper.TaskMapper.findMyTodos    : ==>  Preparing: SELECT * FROM tasks WHERE creator_id = ? AND task_type = 'TODO' AND is_deleted = false ORDER BY sort_order, created_at DESC
2026-08-18T16:57:32.328+09:00 DEBUG 10884 --- [groupware] [nio-8080-exec-8] c.d.g.t.mapper.TaskMapper.findMyTodos    : ==> Parameters: 1(Long)
2026-08-18T16:57:32.332+09:00 DEBUG 10884 --- [groupware] [nio-8080-exec-8] c.d.g.t.mapper.TaskMapper.findMyTodos    : <==      Total: 5
2026-08-18T16:57:32.333+09:00 DEBUG 10884 --- [groupware] [nio-8080-exec-8] c.d.g.t.m.TaskMapper.findAssignedTasks   : ==>  Preparing: SELECT DISTINCT t.* FROM tasks t JOIN task_assignees ta ON ta.task_id = t.id WHERE ta.user_id = ? AND t.task_type = 'WBS_TASK' AND t.is_deleted = false ORDER BY t.sort_order, t.end_date IS NULL, t.end_date, t.created_at DESC
2026-08-18T16:57:32.334+09:00 DEBUG 10884 --- [groupware] [nio-8080-exec-8] c.d.g.t.m.TaskMapper.findAssignedTasks   : ==> Parameters: 1(Long)
2026-08-18T16:57:32.340+09:00 DEBUG 10884 --- [groupware] [nio-8080-exec-8] c.d.g.t.m.TaskMapper.findAssignedTasks   : <==      Total: 7
2026-08-18T16:57:32.341+09:00 DEBUG 10884 --- [groupware] [nio-8080-exec-8] c.d.g.p.m.P.findByProjectAndUser         : ==>  Preparing: SELECT * FROM project_members WHERE project_id = ? AND user_id = ?
2026-08-18T16:57:32.341+09:00 DEBUG 10884 --- [groupware] [nio-8080-exec-8] c.d.g.p.m.P.findByProjectAndUser         : ==> Parameters: 3(Long), 1(Long)
2026-08-18T16:57:32.344+09:00 DEBUG 10884 --- [groupware] [nio-8080-exec-8] c.d.g.p.m.P.findByProjectAndUser         : <==      Total: 1
2026-08-18T16:57:32.344+09:00 DEBUG 10884 --- [groupware] [nio-8080-exec-8] c.d.g.t.m.T.findUserIdsByTaskId          : ==>  Preparing: SELECT user_id FROM task_assignees WHERE task_id = ?
2026-08-18T16:57:32.345+09:00 DEBUG 10884 --- [groupware] [nio-8080-exec-8] c.d.g.t.m.T.findUserIdsByTaskId          : ==> Parameters: 12(Long)
2026-08-18T16:57:32.347+09:00 DEBUG 10884 --- [groupware] [nio-8080-exec-8] c.d.g.t.m.T.findUserIdsByTaskId          : <==      Total: 1
2026-08-18T16:57:32.347+09:00 DEBUG 10884 --- [groupware] [nio-8080-exec-8] c.d.g.p.m.P.findByProjectAndUser         : ==>  Preparing: SELECT * FROM project_members WHERE project_id = ? AND user_id = ?
2026-08-18T16:57:32.348+09:00 DEBUG 10884 --- [groupware] [nio-8080-exec-8] c.d.g.p.m.P.findByProjectAndUser         : ==> Parameters: 4(Long), 1(Long)
2026-08-18T16:57:32.350+09:00 DEBUG 10884 --- [groupware] [nio-8080-exec-8] c.d.g.p.m.P.findByProjectAndUser         : <==      Total: 1
2026-08-18T16:57:32.350+09:00 DEBUG 10884 --- [groupware] [nio-8080-exec-8] c.d.g.t.m.T.findUserIdsByTaskId          : ==>  Preparing: SELECT user_id FROM task_assignees WHERE task_id = ?
2026-08-18T16:57:32.351+09:00 DEBUG 10884 --- [groupware] [nio-8080-exec-8] c.d.g.t.m.T.findUserIdsByTaskId          : ==> Parameters: 29(Long)
2026-08-18T16:57:32.353+09:00 DEBUG 10884 --- [groupware] [nio-8080-exec-8] c.d.g.t.m.T.findUserIdsByTaskId          : <==      Total: 1
2026-08-18T16:57:32.353+09:00 DEBUG 10884 --- [groupware] [nio-8080-exec-8] c.d.g.p.m.P.findByProjectAndUser         : ==>  Preparing: SELECT * FROM project_members WHERE project_id = ? AND user_id = ?
2026-08-18T16:57:32.354+09:00 DEBUG 10884 --- [groupware] [nio-8080-exec-8] c.d.g.p.m.P.findByProjectAndUser         : ==> Parameters: 3(Long), 1(Long)
2026-08-18T16:57:32.355+09:00 DEBUG 10884 --- [groupware] [nio-8080-exec-8] c.d.g.p.m.P.findByProjectAndUser         : <==      Total: 1
2026-08-18T16:57:32.356+09:00 DEBUG 10884 --- [groupware] [nio-8080-exec-8] c.d.g.t.m.T.findUserIdsByTaskId          : ==>  Preparing: SELECT user_id FROM task_assignees WHERE task_id = ?
2026-08-18T16:57:32.356+09:00 DEBUG 10884 --- [groupware] [nio-8080-exec-8] c.d.g.t.m.T.findUserIdsByTaskId          : ==> Parameters: 13(Long)
2026-08-18T16:57:32.357+09:00 DEBUG 10884 --- [groupware] [nio-8080-exec-8] c.d.g.t.m.T.findUserIdsByTaskId          : <==      Total: 1
2026-08-18T16:57:32.358+09:00 DEBUG 10884 --- [groupware] [nio-8080-exec-8] c.d.g.p.m.P.findByProjectAndUser         : ==>  Preparing: SELECT * FROM project_members WHERE project_id = ? AND user_id = ?
2026-08-18T16:57:32.358+09:00 DEBUG 10884 --- [groupware] [nio-8080-exec-8] c.d.g.p.m.P.findByProjectAndUser         : ==> Parameters: 4(Long), 1(Long)
2026-08-18T16:57:32.360+09:00 DEBUG 10884 --- [groupware] [nio-8080-exec-8] c.d.g.p.m.P.findByProjectAndUser         : <==      Total: 1
2026-08-18T16:57:32.360+09:00 DEBUG 10884 --- [groupware] [nio-8080-exec-8] c.d.g.t.m.T.findUserIdsByTaskId          : ==>  Preparing: SELECT user_id FROM task_assignees WHERE task_id = ?
2026-08-18T16:57:32.360+09:00 DEBUG 10884 --- [groupware] [nio-8080-exec-8] c.d.g.t.m.T.findUserIdsByTaskId          : ==> Parameters: 27(Long)
2026-08-18T16:57:32.362+09:00 DEBUG 10884 --- [groupware] [nio-8080-exec-8] c.d.g.t.m.T.findUserIdsByTaskId          : <==      Total: 1
2026-08-18T16:57:32.362+09:00 DEBUG 10884 --- [groupware] [nio-8080-exec-8] c.d.g.p.m.P.findByProjectAndUser         : ==>  Preparing: SELECT * FROM project_members WHERE project_id = ? AND user_id = ?
2026-08-18T16:57:32.363+09:00 DEBUG 10884 --- [groupware] [nio-8080-exec-8] c.d.g.p.m.P.findByProjectAndUser         : ==> Parameters: 3(Long), 1(Long)
2026-08-18T16:57:32.364+09:00 DEBUG 10884 --- [groupware] [nio-8080-exec-8] c.d.g.p.m.P.findByProjectAndUser         : <==      Total: 1
2026-08-18T16:57:32.365+09:00 DEBUG 10884 --- [groupware] [nio-8080-exec-8] c.d.g.t.m.T.findUserIdsByTaskId          : ==>  Preparing: SELECT user_id FROM task_assignees WHERE task_id = ?
2026-08-18T16:57:32.365+09:00 DEBUG 10884 --- [groupware] [nio-8080-exec-8] c.d.g.t.m.T.findUserIdsByTaskId          : ==> Parameters: 16(Long)
2026-08-18T16:57:32.366+09:00 DEBUG 10884 --- [groupware] [nio-8080-exec-8] c.d.g.t.m.T.findUserIdsByTaskId          : <==      Total: 1
2026-08-18T16:57:32.366+09:00 DEBUG 10884 --- [groupware] [nio-8080-exec-8] c.d.g.p.m.P.findByProjectAndUser         : ==>  Preparing: SELECT * FROM project_members WHERE project_id = ? AND user_id = ?
2026-08-18T16:57:32.367+09:00 DEBUG 10884 --- [groupware] [nio-8080-exec-8] c.d.g.p.m.P.findByProjectAndUser         : ==> Parameters: 3(Long), 1(Long)
2026-08-18T16:57:32.368+09:00 DEBUG 10884 --- [groupware] [nio-8080-exec-8] c.d.g.p.m.P.findByProjectAndUser         : <==      Total: 1
2026-08-18T16:57:32.368+09:00 DEBUG 10884 --- [groupware] [nio-8080-exec-8] c.d.g.t.m.T.findUserIdsByTaskId          : ==>  Preparing: SELECT user_id FROM task_assignees WHERE task_id = ?
2026-08-18T16:57:32.368+09:00 DEBUG 10884 --- [groupware] [nio-8080-exec-8] c.d.g.t.m.T.findUserIdsByTaskId          : ==> Parameters: 20(Long)
2026-08-18T16:57:32.370+09:00 DEBUG 10884 --- [groupware] [nio-8080-exec-8] c.d.g.t.m.T.findUserIdsByTaskId          : <==      Total: 1
2026-08-18T16:57:32.370+09:00 DEBUG 10884 --- [groupware] [nio-8080-exec-8] c.d.g.p.m.P.findByProjectAndUser         : ==>  Preparing: SELECT * FROM project_members WHERE project_id = ? AND user_id = ?
2026-08-18T16:57:32.371+09:00 DEBUG 10884 --- [groupware] [nio-8080-exec-8] c.d.g.p.m.P.findByProjectAndUser         : ==> Parameters: 6(Long), 1(Long)
2026-08-18T16:57:32.373+09:00 DEBUG 10884 --- [groupware] [nio-8080-exec-8] c.d.g.p.m.P.findByProjectAndUser         : <==      Total: 1
2026-08-18T16:57:32.373+09:00 DEBUG 10884 --- [groupware] [nio-8080-exec-8] c.d.g.t.m.T.findUserIdsByTaskId          : ==>  Preparing: SELECT user_id FROM task_assignees WHERE task_id = ?
2026-08-18T16:57:32.374+09:00 DEBUG 10884 --- [groupware] [nio-8080-exec-8] c.d.g.t.m.T.findUserIdsByTaskId          : ==> Parameters: 64(Long)
2026-08-18T16:57:32.375+09:00 DEBUG 10884 --- [groupware] [nio-8080-exec-8] c.d.g.t.m.T.findUserIdsByTaskId          : <==      Total: 1
2026-08-18T16:57:32.376+09:00 DEBUG 10884 --- [groupware] [nio-8080-exec-8] c.d.g.s.m.StatsMapper.findTodayEvents    : ==>  Preparing: SELECT DISTINCT t.* FROM tasks t LEFT JOIN task_assignees ta ON t.id = ta.task_id WHERE t.is_deleted = false AND t.task_type = 'EVENT' AND t.start_date < DATE_ADD(CURDATE(), INTERVAL 1 DAY) AND (t.end_date >= CURDATE() OR (t.end_date IS NULL AND t.start_date >= CURDATE())) AND (t.creator_id = ? OR ta.user_id = ?) ORDER BY t.start_date
2026-08-18T16:57:32.378+09:00 DEBUG 10884 --- [groupware] [nio-8080-exec-8] c.d.g.s.m.StatsMapper.findTodayEvents    : ==> Parameters: 1(Long), 1(Long)
2026-08-18T16:57:32.381+09:00 DEBUG 10884 --- [groupware] [nio-8080-exec-8] c.d.g.s.m.StatsMapper.findTodayEvents    : <==      Total: 0
2026-08-18T16:57:32.381+09:00 DEBUG 10884 --- [groupware] [nio-8080-exec-8] c.d.g.s.m.StatsMapper.findTodayWbsTasks  : ==>  Preparing: SELECT DISTINCT t.* FROM tasks t LEFT JOIN task_assignees ta ON t.id = ta.task_id WHERE t.is_deleted = false AND t.task_type = 'WBS_TASK' AND t.status NOT IN ('DONE', 'CANCELLED') AND t.start_date < DATE_ADD(CURDATE(), INTERVAL 1 DAY) AND (t.end_date >= CURDATE() OR (t.end_date IS NULL AND t.start_date >= CURDATE())) AND (t.creator_id = ? OR ta.user_id = ?) ORDER BY t.end_date IS NULL, t.end_date, t.start_date
2026-08-18T16:57:32.382+09:00 DEBUG 10884 --- [groupware] [nio-8080-exec-8] c.d.g.s.m.StatsMapper.findTodayWbsTasks  : ==> Parameters: 1(Long), 1(Long)
2026-08-18T16:57:32.385+09:00 DEBUG 10884 --- [groupware] [nio-8080-exec-8] c.d.g.s.m.StatsMapper.findTodayWbsTasks  : <==      Total: 3
2026-08-18T16:57:36.988+09:00 DEBUG 10884 --- [groupware] [nio-8080-exec-3] c.d.g.n.m.N.countUnread                  : ==>  Preparing: SELECT COUNT(*) FROM notifications WHERE user_id = ? AND is_read = false
2026-08-18T16:57:36.989+09:00 DEBUG 10884 --- [groupware] [nio-8080-exec-3] c.d.g.n.m.N.countUnread                  : ==> Parameters: 1(Long)
2026-08-18T16:57:36.992+09:00 DEBUG 10884 --- [groupware] [nio-8080-exec-3] c.d.g.n.m.N.countUnread                  : <==      Total: 1
2026-08-18T16:57:41.981+09:00 DEBUG 10884 --- [groupware] [nio-8080-exec-5] c.d.g.n.m.N.countUnread                  : ==>  Preparing: SELECT COUNT(*) FROM notifications WHERE user_id = ? AND is_read = false
2026-08-18T16:57:41.982+09:00 DEBUG 10884 --- [groupware] [nio-8080-exec-5] c.d.g.n.m.N.countUnread                  : ==> Parameters: 1(Long)
2026-08-18T16:57:41.985+09:00 DEBUG 10884 --- [groupware] [nio-8080-exec-5] c.d.g.n.m.N.countUnread                  : <==      Total: 1
2026-08-18T16:57:44.866+09:00 DEBUG 10884 --- [groupware] [nio-8080-exec-7] c.d.g.t.m.TaskMapper.searchCalendar      : ==>  Preparing: SELECT DISTINCT t.* FROM tasks t LEFT JOIN task_assignees ta ON t.id = ta.task_id WHERE t.is_deleted = false AND ( (t.task_type = 'EVENT' AND ( t.creator_id = ? OR ta.user_id = ? )) OR (t.task_type = 'WBS_TASK' AND NOT EXISTS ( SELECT 1 FROM tasks c WHERE c.parent_task_id = t.id AND c.is_deleted = false ) AND ta.user_id = ? ) OR (t.task_type = 'TODO' AND t.creator_id = ?) ) AND t.start_date <= ? AND t.end_date >= ? ORDER BY t.start_date LIMIT 500
2026-08-18T16:57:44.868+09:00 DEBUG 10884 --- [groupware] [nio-8080-exec-7] c.d.g.t.m.TaskMapper.searchCalendar      : ==> Parameters: 1(Long), 1(Long), 1(Long), 1(Long), 2026-09-06T00:00(LocalDateTime), 2026-07-26T00:00(LocalDateTime)
2026-08-18T16:57:44.882+09:00 DEBUG 10884 --- [groupware] [nio-8080-exec-7] c.d.g.t.m.TaskMapper.searchCalendar      : <==      Total: 9
2026-08-18T16:57:44.883+09:00 DEBUG 10884 --- [groupware] [nio-8080-exec-7] c.d.g.p.m.P.findByProjectAndUser         : ==>  Preparing: SELECT * FROM project_members WHERE project_id = ? AND user_id = ?
2026-08-18T16:57:44.884+09:00 DEBUG 10884 --- [groupware] [nio-8080-exec-7] c.d.g.p.m.P.findByProjectAndUser         : ==> Parameters: 3(Long), 1(Long)
2026-08-18T16:57:44.886+09:00 DEBUG 10884 --- [groupware] [nio-8080-exec-9] c.d.g.c.m.CategoryMapper.findByUserId    : ==>  Preparing: SELECT * FROM categories WHERE user_id = ? ORDER BY created_at DESC
2026-08-18T16:57:44.886+09:00 DEBUG 10884 --- [groupware] [nio-8080-exec-7] c.d.g.p.m.P.findByProjectAndUser         : <==      Total: 1
2026-08-18T16:57:44.887+09:00 DEBUG 10884 --- [groupware] [nio-8080-exec-9] c.d.g.c.m.CategoryMapper.findByUserId    : ==> Parameters: 1(Long)
2026-08-18T16:57:44.887+09:00 DEBUG 10884 --- [groupware] [nio-8080-exec-7] c.d.g.p.m.P.findByProjectAndUser         : ==>  Preparing: SELECT * FROM project_members WHERE project_id = ? AND user_id = ?
2026-08-18T16:57:44.887+09:00 DEBUG 10884 --- [groupware] [nio-8080-exec-7] c.d.g.p.m.P.findByProjectAndUser         : ==> Parameters: 3(Long), 1(Long)
2026-08-18T16:57:44.889+09:00 DEBUG 10884 --- [groupware] [nio-8080-exec-7] c.d.g.p.m.P.findByProjectAndUser         : <==      Total: 1
2026-08-18T16:57:44.890+09:00 DEBUG 10884 --- [groupware] [nio-8080-exec-9] c.d.g.c.m.CategoryMapper.findByUserId    : <==      Total: 1
2026-08-18T16:57:44.890+09:00 DEBUG 10884 --- [groupware] [nio-8080-exec-7] c.d.g.p.m.P.findByProjectAndUser         : ==>  Preparing: SELECT * FROM project_members WHERE project_id = ? AND user_id = ?
2026-08-18T16:57:44.890+09:00 DEBUG 10884 --- [groupware] [nio-8080-exec-9] c.d.g.c.m.C.findByDepartmentId           : ==>  Preparing: SELECT * FROM categories WHERE department_id = ? ORDER BY created_at DESC
2026-08-18T16:57:44.891+09:00 DEBUG 10884 --- [groupware] [nio-8080-exec-7] c.d.g.p.m.P.findByProjectAndUser         : ==> Parameters: 4(Long), 1(Long)
2026-08-18T16:57:44.891+09:00 DEBUG 10884 --- [groupware] [nio-8080-exec-9] c.d.g.c.m.C.findByDepartmentId           : ==> Parameters: 7(Long)
2026-08-18T16:57:44.892+09:00 DEBUG 10884 --- [groupware] [nio-8080-exec-7] c.d.g.p.m.P.findByProjectAndUser         : <==      Total: 1
2026-08-18T16:57:44.893+09:00 DEBUG 10884 --- [groupware] [nio-8080-exec-9] c.d.g.c.m.C.findByDepartmentId           : <==      Total: 2
2026-08-18T16:57:44.893+09:00 DEBUG 10884 --- [groupware] [nio-8080-exec-7] c.d.g.p.m.P.findByProjectAndUser         : ==>  Preparing: SELECT * FROM project_members WHERE project_id = ? AND user_id = ?
2026-08-18T16:57:44.893+09:00 DEBUG 10884 --- [groupware] [nio-8080-exec-7] c.d.g.p.m.P.findByProjectAndUser         : ==> Parameters: 3(Long), 1(Long)
2026-08-18T16:57:44.895+09:00 DEBUG 10884 --- [groupware] [nio-8080-exec-7] c.d.g.p.m.P.findByProjectAndUser         : <==      Total: 1
2026-08-18T16:57:44.896+09:00 DEBUG 10884 --- [groupware] [nio-8080-exec-7] c.d.g.p.m.P.findByProjectAndUser         : ==>  Preparing: SELECT * FROM project_members WHERE project_id = ? AND user_id = ?
2026-08-18T16:57:44.896+09:00 DEBUG 10884 --- [groupware] [nio-8080-exec-7] c.d.g.p.m.P.findByProjectAndUser         : ==> Parameters: 4(Long), 1(Long)
2026-08-18T16:57:44.898+09:00 DEBUG 10884 --- [groupware] [nio-8080-exec-7] c.d.g.p.m.P.findByProjectAndUser         : <==      Total: 1
2026-08-18T16:57:44.899+09:00 DEBUG 10884 --- [groupware] [nio-8080-exec-7] c.d.g.p.m.P.findByProjectAndUser         : ==>  Preparing: SELECT * FROM project_members WHERE project_id = ? AND user_id = ?
2026-08-18T16:57:44.899+09:00 DEBUG 10884 --- [groupware] [nio-8080-exec-7] c.d.g.p.m.P.findByProjectAndUser         : ==> Parameters: 6(Long), 1(Long)
2026-08-18T16:57:44.901+09:00 DEBUG 10884 --- [groupware] [nio-8080-exec-7] c.d.g.p.m.P.findByProjectAndUser         : <==      Total: 1
2026-08-18T16:57:44.901+09:00 DEBUG 10884 --- [groupware] [nio-8080-exec-7] c.d.g.p.m.P.findByProjectAndUser         : ==>  Preparing: SELECT * FROM project_members WHERE project_id = ? AND user_id = ?
2026-08-18T16:57:44.902+09:00 DEBUG 10884 --- [groupware] [nio-8080-exec-7] c.d.g.p.m.P.findByProjectAndUser         : ==> Parameters: 3(Long), 1(Long)
2026-08-18T16:57:44.903+09:00 DEBUG 10884 --- [groupware] [nio-8080-exec-7] c.d.g.p.m.P.findByProjectAndUser         : <==      Total: 1
2026-08-18T16:57:44.917+09:00 DEBUG 10884 --- [groupware] [nio-8080-exec-2] c.d.g.t.m.TaskMapper.searchCalendar      : ==>  Preparing: SELECT DISTINCT t.* FROM tasks t LEFT JOIN task_assignees ta ON t.id = ta.task_id WHERE t.is_deleted = false AND ( (t.task_type = 'EVENT' AND ( t.creator_id = ? OR ta.user_id = ? )) OR (t.task_type = 'WBS_TASK' AND NOT EXISTS ( SELECT 1 FROM tasks c WHERE c.parent_task_id = t.id AND c.is_deleted = false ) AND ta.user_id = ? ) OR (t.task_type = 'TODO' AND t.creator_id = ?) ) AND t.start_date <= ? AND t.end_date >= ? ORDER BY t.start_date LIMIT 500
2026-08-18T16:57:44.918+09:00 DEBUG 10884 --- [groupware] [nio-8080-exec-2] c.d.g.t.m.TaskMapper.searchCalendar      : ==> Parameters: 1(Long), 1(Long), 1(Long), 1(Long), 2026-09-06T00:00(LocalDateTime), 2026-07-26T00:00(LocalDateTime)
2026-08-18T16:57:44.920+09:00 DEBUG 10884 --- [groupware] [nio-8080-exec-1] c.d.g.c.m.CategoryMapper.findByUserId    : ==>  Preparing: SELECT * FROM categories WHERE user_id = ? ORDER BY created_at DESC
2026-08-18T16:57:44.920+09:00 DEBUG 10884 --- [groupware] [nio-8080-exec-1] c.d.g.c.m.CategoryMapper.findByUserId    : ==> Parameters: 1(Long)
2026-08-18T16:57:44.922+09:00 DEBUG 10884 --- [groupware] [nio-8080-exec-2] c.d.g.t.m.TaskMapper.searchCalendar      : <==      Total: 9
2026-08-18T16:57:44.922+09:00 DEBUG 10884 --- [groupware] [nio-8080-exec-1] c.d.g.c.m.CategoryMapper.findByUserId    : <==      Total: 1
2026-08-18T16:57:44.923+09:00 DEBUG 10884 --- [groupware] [nio-8080-exec-2] c.d.g.p.m.P.findByProjectAndUser         : ==>  Preparing: SELECT * FROM project_members WHERE project_id = ? AND user_id = ?
2026-08-18T16:57:44.923+09:00 DEBUG 10884 --- [groupware] [nio-8080-exec-1] c.d.g.c.m.C.findByDepartmentId           : ==>  Preparing: SELECT * FROM categories WHERE department_id = ? ORDER BY created_at DESC
2026-08-18T16:57:44.923+09:00 DEBUG 10884 --- [groupware] [nio-8080-exec-2] c.d.g.p.m.P.findByProjectAndUser         : ==> Parameters: 3(Long), 1(Long)
2026-08-18T16:57:44.924+09:00 DEBUG 10884 --- [groupware] [nio-8080-exec-1] c.d.g.c.m.C.findByDepartmentId           : ==> Parameters: 7(Long)
2026-08-18T16:57:44.925+09:00 DEBUG 10884 --- [groupware] [nio-8080-exec-2] c.d.g.p.m.P.findByProjectAndUser         : <==      Total: 1
2026-08-18T16:57:44.925+09:00 DEBUG 10884 --- [groupware] [nio-8080-exec-2] c.d.g.p.m.P.findByProjectAndUser         : ==>  Preparing: SELECT * FROM project_members WHERE project_id = ? AND user_id = ?
2026-08-18T16:57:44.926+09:00 DEBUG 10884 --- [groupware] [nio-8080-exec-1] c.d.g.c.m.C.findByDepartmentId           : <==      Total: 2
2026-08-18T16:57:44.926+09:00 DEBUG 10884 --- [groupware] [nio-8080-exec-2] c.d.g.p.m.P.findByProjectAndUser         : ==> Parameters: 3(Long), 1(Long)
2026-08-18T16:57:44.927+09:00 DEBUG 10884 --- [groupware] [nio-8080-exec-2] c.d.g.p.m.P.findByProjectAndUser         : <==      Total: 1
2026-08-18T16:57:44.928+09:00 DEBUG 10884 --- [groupware] [nio-8080-exec-2] c.d.g.p.m.P.findByProjectAndUser         : ==>  Preparing: SELECT * FROM project_members WHERE project_id = ? AND user_id = ?
2026-08-18T16:57:44.928+09:00 DEBUG 10884 --- [groupware] [nio-8080-exec-2] c.d.g.p.m.P.findByProjectAndUser         : ==> Parameters: 4(Long), 1(Long)
2026-08-18T16:57:44.930+09:00 DEBUG 10884 --- [groupware] [nio-8080-exec-2] c.d.g.p.m.P.findByProjectAndUser         : <==      Total: 1
2026-08-18T16:57:44.930+09:00 DEBUG 10884 --- [groupware] [nio-8080-exec-2] c.d.g.p.m.P.findByProjectAndUser         : ==>  Preparing: SELECT * FROM project_members WHERE project_id = ? AND user_id = ?
2026-08-18T16:57:44.930+09:00 DEBUG 10884 --- [groupware] [nio-8080-exec-2] c.d.g.p.m.P.findByProjectAndUser         : ==> Parameters: 3(Long), 1(Long)
2026-08-18T16:57:44.932+09:00 DEBUG 10884 --- [groupware] [nio-8080-exec-2] c.d.g.p.m.P.findByProjectAndUser         : <==      Total: 1
2026-08-18T16:57:44.933+09:00 DEBUG 10884 --- [groupware] [nio-8080-exec-2] c.d.g.p.m.P.findByProjectAndUser         : ==>  Preparing: SELECT * FROM project_members WHERE project_id = ? AND user_id = ?
2026-08-18T16:57:44.933+09:00 DEBUG 10884 --- [groupware] [nio-8080-exec-2] c.d.g.p.m.P.findByProjectAndUser         : ==> Parameters: 4(Long), 1(Long)
2026-08-18T16:57:44.935+09:00 DEBUG 10884 --- [groupware] [nio-8080-exec-2] c.d.g.p.m.P.findByProjectAndUser         : <==      Total: 1
2026-08-18T16:57:44.936+09:00 DEBUG 10884 --- [groupware] [nio-8080-exec-2] c.d.g.p.m.P.findByProjectAndUser         : ==>  Preparing: SELECT * FROM project_members WHERE project_id = ? AND user_id = ?
2026-08-18T16:57:44.936+09:00 DEBUG 10884 --- [groupware] [nio-8080-exec-2] c.d.g.p.m.P.findByProjectAndUser         : ==> Parameters: 6(Long), 1(Long)
2026-08-18T16:57:44.938+09:00 DEBUG 10884 --- [groupware] [nio-8080-exec-2] c.d.g.p.m.P.findByProjectAndUser         : <==      Total: 1
2026-08-18T16:57:44.939+09:00 DEBUG 10884 --- [groupware] [nio-8080-exec-2] c.d.g.p.m.P.findByProjectAndUser         : ==>  Preparing: SELECT * FROM project_members WHERE project_id = ? AND user_id = ?
2026-08-18T16:57:44.939+09:00 DEBUG 10884 --- [groupware] [nio-8080-exec-2] c.d.g.p.m.P.findByProjectAndUser         : ==> Parameters: 3(Long), 1(Long)
2026-08-18T16:57:44.940+09:00 DEBUG 10884 --- [groupware] [nio-8080-exec-2] c.d.g.p.m.P.findByProjectAndUser         : <==      Total: 1
2026-08-18T16:57:46.981+09:00 DEBUG 10884 --- [groupware] [nio-8080-exec-4] c.d.g.n.m.N.countUnread                  : ==>  Preparing: SELECT COUNT(*) FROM notifications WHERE user_id = ? AND is_read = false
2026-08-18T16:57:46.982+09:00 DEBUG 10884 --- [groupware] [nio-8080-exec-4] c.d.g.n.m.N.countUnread                  : ==> Parameters: 1(Long)
2026-08-18T16:57:46.985+09:00 DEBUG 10884 --- [groupware] [nio-8080-exec-4] c.d.g.n.m.N.countUnread                  : <==      Total: 1
2026-08-18T16:57:51.561+09:00 DEBUG 10884 --- [groupware] [nio-8080-exec-6] c.d.g.d.mapper.DepartmentMapper.findAll  : ==>  Preparing: SELECT id, name, parent_id, type FROM departments ORDER BY id
2026-08-18T16:57:51.562+09:00 DEBUG 10884 --- [groupware] [nio-8080-exec-6] c.d.g.d.mapper.DepartmentMapper.findAll  : ==> Parameters: 
2026-08-18T16:57:51.564+09:00 DEBUG 10884 --- [groupware] [nio-8080-exec-6] c.d.g.d.mapper.DepartmentMapper.findAll  : <==      Total: 18
2026-08-18T16:57:51.569+09:00 DEBUG 10884 --- [groupware] [nio-8080-exec-6] c.d.g.t.m.TaskMapper.searchCalendar      : ==>  Preparing: SELECT DISTINCT t.* FROM tasks t LEFT JOIN task_assignees ta ON t.id = ta.task_id WHERE t.is_deleted = false AND ( (t.task_type = 'EVENT' AND ( t.creator_id = ? OR ta.user_id = ? OR (t.visibility = 'PUBLIC' AND t.creator_id IN ( SELECT id FROM users WHERE department_id IN ( ? ) ) ) )) OR (t.task_type = 'WBS_TASK' AND NOT EXISTS ( SELECT 1 FROM tasks c WHERE c.parent_task_id = t.id AND c.is_deleted = false ) AND t.project_id IN ( SELECT project_id FROM project_members WHERE user_id = ? ) ) OR (t.task_type = 'TODO' AND t.creator_id = ?) ) AND t.start_date <= ? AND t.end_date >= ? ORDER BY t.start_date LIMIT 500
2026-08-18T16:57:51.570+09:00 DEBUG 10884 --- [groupware] [nio-8080-exec-6] c.d.g.t.m.TaskMapper.searchCalendar      : ==> Parameters: 1(Long), 1(Long), 7(Long), 1(Long), 1(Long), 2026-09-06T00:00(LocalDateTime), 2026-07-26T00:00(LocalDateTime)
2026-08-18T16:57:51.577+09:00 DEBUG 10884 --- [groupware] [nio-8080-exec-6] c.d.g.t.m.TaskMapper.searchCalendar      : <==      Total: 23
2026-08-18T16:57:51.577+09:00 DEBUG 10884 --- [groupware] [nio-8080-exec-6] c.d.g.p.m.P.findByProjectAndUser         : ==>  Preparing: SELECT * FROM project_members WHERE project_id = ? AND user_id = ?
2026-08-18T16:57:51.578+09:00 DEBUG 10884 --- [groupware] [nio-8080-exec-6] c.d.g.p.m.P.findByProjectAndUser         : ==> Parameters: 6(Long), 1(Long)
2026-08-18T16:57:51.580+09:00 DEBUG 10884 --- [groupware] [nio-8080-exec-6] c.d.g.p.m.P.findByProjectAndUser         : <==      Total: 1
2026-08-18T16:57:51.580+09:00 DEBUG 10884 --- [groupware] [nio-8080-exec-6] c.d.g.p.m.P.findByProjectAndUser         : ==>  Preparing: SELECT * FROM project_members WHERE project_id = ? AND user_id = ?
2026-08-18T16:57:51.581+09:00 DEBUG 10884 --- [groupware] [nio-8080-exec-6] c.d.g.p.m.P.findByProjectAndUser         : ==> Parameters: 3(Long), 1(Long)
2026-08-18T16:57:51.582+09:00 DEBUG 10884 --- [groupware] [nio-8080-exec-6] c.d.g.p.m.P.findByProjectAndUser         : <==      Total: 1
2026-08-18T16:57:51.583+09:00 DEBUG 10884 --- [groupware] [nio-8080-exec-6] c.d.g.p.m.P.findByProjectAndUser         : ==>  Preparing: SELECT * FROM project_members WHERE project_id = ? AND user_id = ?
2026-08-18T16:57:51.583+09:00 DEBUG 10884 --- [groupware] [nio-8080-exec-6] c.d.g.p.m.P.findByProjectAndUser         : ==> Parameters: 4(Long), 1(Long)
2026-08-18T16:57:51.585+09:00 DEBUG 10884 --- [groupware] [nio-8080-exec-6] c.d.g.p.m.P.findByProjectAndUser         : <==      Total: 1
2026-08-18T16:57:51.585+09:00 DEBUG 10884 --- [groupware] [nio-8080-exec-6] c.d.g.p.m.P.findByProjectAndUser         : ==>  Preparing: SELECT * FROM project_members WHERE project_id = ? AND user_id = ?
2026-08-18T16:57:51.585+09:00 DEBUG 10884 --- [groupware] [nio-8080-exec-6] c.d.g.p.m.P.findByProjectAndUser         : ==> Parameters: 6(Long), 1(Long)
2026-08-18T16:57:51.587+09:00 DEBUG 10884 --- [groupware] [nio-8080-exec-6] c.d.g.p.m.P.findByProjectAndUser         : <==      Total: 1
2026-08-18T16:57:51.587+09:00 DEBUG 10884 --- [groupware] [nio-8080-exec-6] c.d.g.p.m.P.findByProjectAndUser         : ==>  Preparing: SELECT * FROM project_members WHERE project_id = ? AND user_id = ?
2026-08-18T16:57:51.588+09:00 DEBUG 10884 --- [groupware] [nio-8080-exec-6] c.d.g.p.m.P.findByProjectAndUser         : ==> Parameters: 3(Long), 1(Long)
2026-08-18T16:57:51.589+09:00 DEBUG 10884 --- [groupware] [nio-8080-exec-6] c.d.g.p.m.P.findByProjectAndUser         : <==      Total: 1
2026-08-18T16:57:51.590+09:00 DEBUG 10884 --- [groupware] [nio-8080-exec-6] c.d.g.p.m.P.findByProjectAndUser         : ==>  Preparing: SELECT * FROM project_members WHERE project_id = ? AND user_id = ?
2026-08-18T16:57:51.590+09:00 DEBUG 10884 --- [groupware] [nio-8080-exec-6] c.d.g.p.m.P.findByProjectAndUser         : ==> Parameters: 4(Long), 1(Long)
2026-08-18T16:57:51.592+09:00 DEBUG 10884 --- [groupware] [nio-8080-exec-6] c.d.g.p.m.P.findByProjectAndUser         : <==      Total: 1
2026-08-18T16:57:51.592+09:00 DEBUG 10884 --- [groupware] [nio-8080-exec-6] c.d.g.p.m.P.findByProjectAndUser         : ==>  Preparing: SELECT * FROM project_members WHERE project_id = ? AND user_id = ?
2026-08-18T16:57:51.593+09:00 DEBUG 10884 --- [groupware] [nio-8080-exec-6] c.d.g.p.m.P.findByProjectAndUser         : ==> Parameters: 3(Long), 1(Long)
2026-08-18T16:57:51.595+09:00 DEBUG 10884 --- [groupware] [nio-8080-exec-6] c.d.g.p.m.P.findByProjectAndUser         : <==      Total: 1
2026-08-18T16:57:51.596+09:00 DEBUG 10884 --- [groupware] [nio-8080-exec-6] c.d.g.p.m.P.findByProjectAndUser         : ==>  Preparing: SELECT * FROM project_members WHERE project_id = ? AND user_id = ?
2026-08-18T16:57:51.596+09:00 DEBUG 10884 --- [groupware] [nio-8080-exec-6] c.d.g.p.m.P.findByProjectAndUser         : ==> Parameters: 6(Long), 1(Long)
2026-08-18T16:57:51.598+09:00 DEBUG 10884 --- [groupware] [nio-8080-exec-6] c.d.g.p.m.P.findByProjectAndUser         : <==      Total: 1
2026-08-18T16:57:51.599+09:00 DEBUG 10884 --- [groupware] [nio-8080-exec-6] c.d.g.p.m.P.findByProjectAndUser         : ==>  Preparing: SELECT * FROM project_members WHERE project_id = ? AND user_id = ?
2026-08-18T16:57:51.599+09:00 DEBUG 10884 --- [groupware] [nio-8080-exec-6] c.d.g.p.m.P.findByProjectAndUser         : ==> Parameters: 3(Long), 1(Long)
2026-08-18T16:57:51.601+09:00 DEBUG 10884 --- [groupware] [nio-8080-exec-6] c.d.g.p.m.P.findByProjectAndUser         : <==      Total: 1
2026-08-18T16:57:51.601+09:00 DEBUG 10884 --- [groupware] [nio-8080-exec-6] c.d.g.p.m.P.findByProjectAndUser         : ==>  Preparing: SELECT * FROM project_members WHERE project_id = ? AND user_id = ?
2026-08-18T16:57:51.602+09:00 DEBUG 10884 --- [groupware] [nio-8080-exec-6] c.d.g.p.m.P.findByProjectAndUser         : ==> Parameters: 4(Long), 1(Long)
2026-08-18T16:57:51.603+09:00 DEBUG 10884 --- [groupware] [nio-8080-exec-6] c.d.g.p.m.P.findByProjectAndUser         : <==      Total: 1
2026-08-18T16:57:51.603+09:00 DEBUG 10884 --- [groupware] [nio-8080-exec-6] c.d.g.p.m.P.findByProjectAndUser         : ==>  Preparing: SELECT * FROM project_members WHERE project_id = ? AND user_id = ?
2026-08-18T16:57:51.604+09:00 DEBUG 10884 --- [groupware] [nio-8080-exec-6] c.d.g.p.m.P.findByProjectAndUser         : ==> Parameters: 3(Long), 1(Long)
2026-08-18T16:57:51.605+09:00 DEBUG 10884 --- [groupware] [nio-8080-exec-6] c.d.g.p.m.P.findByProjectAndUser         : <==      Total: 1
2026-08-18T16:57:51.605+09:00 DEBUG 10884 --- [groupware] [nio-8080-exec-6] c.d.g.p.m.P.findByProjectAndUser         : ==>  Preparing: SELECT * FROM project_members WHERE project_id = ? AND user_id = ?
2026-08-18T16:57:51.606+09:00 DEBUG 10884 --- [groupware] [nio-8080-exec-6] c.d.g.p.m.P.findByProjectAndUser         : ==> Parameters: 3(Long), 1(Long)
2026-08-18T16:57:51.607+09:00 DEBUG 10884 --- [groupware] [nio-8080-exec-6] c.d.g.p.m.P.findByProjectAndUser         : <==      Total: 1
2026-08-18T16:57:51.607+09:00 DEBUG 10884 --- [groupware] [nio-8080-exec-6] c.d.g.p.m.P.findByProjectAndUser         : ==>  Preparing: SELECT * FROM project_members WHERE project_id = ? AND user_id = ?
2026-08-18T16:57:51.608+09:00 DEBUG 10884 --- [groupware] [nio-8080-exec-6] c.d.g.p.m.P.findByProjectAndUser         : ==> Parameters: 6(Long), 1(Long)
2026-08-18T16:57:51.609+09:00 DEBUG 10884 --- [groupware] [nio-8080-exec-6] c.d.g.p.m.P.findByProjectAndUser         : <==      Total: 1
2026-08-18T16:57:51.610+09:00 DEBUG 10884 --- [groupware] [nio-8080-exec-6] c.d.g.p.m.P.findByProjectAndUser         : ==>  Preparing: SELECT * FROM project_members WHERE project_id = ? AND user_id = ?
2026-08-18T16:57:51.610+09:00 DEBUG 10884 --- [groupware] [nio-8080-exec-6] c.d.g.p.m.P.findByProjectAndUser         : ==> Parameters: 3(Long), 1(Long)
2026-08-18T16:57:51.612+09:00 DEBUG 10884 --- [groupware] [nio-8080-exec-6] c.d.g.p.m.P.findByProjectAndUser         : <==      Total: 1
2026-08-18T16:57:51.613+09:00 DEBUG 10884 --- [groupware] [nio-8080-exec-6] c.d.g.p.m.P.findByProjectAndUser         : ==>  Preparing: SELECT * FROM project_members WHERE project_id = ? AND user_id = ?
2026-08-18T16:57:51.613+09:00 DEBUG 10884 --- [groupware] [nio-8080-exec-6] c.d.g.p.m.P.findByProjectAndUser         : ==> Parameters: 4(Long), 1(Long)
2026-08-18T16:57:51.615+09:00 DEBUG 10884 --- [groupware] [nio-8080-exec-6] c.d.g.p.m.P.findByProjectAndUser         : <==      Total: 1
2026-08-18T16:57:51.615+09:00 DEBUG 10884 --- [groupware] [nio-8080-exec-6] c.d.g.p.m.P.findByProjectAndUser         : ==>  Preparing: SELECT * FROM project_members WHERE project_id = ? AND user_id = ?
2026-08-18T16:57:51.616+09:00 DEBUG 10884 --- [groupware] [nio-8080-exec-6] c.d.g.p.m.P.findByProjectAndUser         : ==> Parameters: 4(Long), 1(Long)
2026-08-18T16:57:51.617+09:00 DEBUG 10884 --- [groupware] [nio-8080-exec-6] c.d.g.p.m.P.findByProjectAndUser         : <==      Total: 1
2026-08-18T16:57:51.617+09:00 DEBUG 10884 --- [groupware] [nio-8080-exec-6] c.d.g.p.m.P.findByProjectAndUser         : ==>  Preparing: SELECT * FROM project_members WHERE project_id = ? AND user_id = ?
2026-08-18T16:57:51.618+09:00 DEBUG 10884 --- [groupware] [nio-8080-exec-6] c.d.g.p.m.P.findByProjectAndUser         : ==> Parameters: 4(Long), 1(Long)
2026-08-18T16:57:51.620+09:00 DEBUG 10884 --- [groupware] [nio-8080-exec-6] c.d.g.p.m.P.findByProjectAndUser         : <==      Total: 1
2026-08-18T16:57:51.620+09:00 DEBUG 10884 --- [groupware] [nio-8080-exec-6] c.d.g.p.m.P.findByProjectAndUser         : ==>  Preparing: SELECT * FROM project_members WHERE project_id = ? AND user_id = ?
2026-08-18T16:57:51.620+09:00 DEBUG 10884 --- [groupware] [nio-8080-exec-6] c.d.g.p.m.P.findByProjectAndUser         : ==> Parameters: 3(Long), 1(Long)
2026-08-18T16:57:51.622+09:00 DEBUG 10884 --- [groupware] [nio-8080-exec-6] c.d.g.p.m.P.findByProjectAndUser         : <==      Total: 1
2026-08-18T16:57:51.622+09:00 DEBUG 10884 --- [groupware] [nio-8080-exec-6] c.d.g.p.m.P.findByProjectAndUser         : ==>  Preparing: SELECT * FROM project_members WHERE project_id = ? AND user_id = ?
2026-08-18T16:57:51.622+09:00 DEBUG 10884 --- [groupware] [nio-8080-exec-6] c.d.g.p.m.P.findByProjectAndUser         : ==> Parameters: 3(Long), 1(Long)
2026-08-18T16:57:51.624+09:00 DEBUG 10884 --- [groupware] [nio-8080-exec-6] c.d.g.p.m.P.findByProjectAndUser         : <==      Total: 1
2026-08-18T16:57:51.624+09:00 DEBUG 10884 --- [groupware] [nio-8080-exec-6] c.d.g.p.m.P.findByProjectAndUser         : ==>  Preparing: SELECT * FROM project_members WHERE project_id = ? AND user_id = ?
2026-08-18T16:57:51.624+09:00 DEBUG 10884 --- [groupware] [nio-8080-exec-6] c.d.g.p.m.P.findByProjectAndUser         : ==> Parameters: 3(Long), 1(Long)
2026-08-18T16:57:51.626+09:00 DEBUG 10884 --- [groupware] [nio-8080-exec-6] c.d.g.p.m.P.findByProjectAndUser         : <==      Total: 1
2026-08-18T16:57:51.626+09:00 DEBUG 10884 --- [groupware] [nio-8080-exec-6] c.d.g.p.m.P.findByProjectAndUser         : ==>  Preparing: SELECT * FROM project_members WHERE project_id = ? AND user_id = ?
2026-08-18T16:57:51.626+09:00 DEBUG 10884 --- [groupware] [nio-8080-exec-6] c.d.g.p.m.P.findByProjectAndUser         : ==> Parameters: 6(Long), 1(Long)
2026-08-18T16:57:51.628+09:00 DEBUG 10884 --- [groupware] [nio-8080-exec-6] c.d.g.p.m.P.findByProjectAndUser         : <==      Total: 1
2026-08-18T16:57:51.980+09:00 DEBUG 10884 --- [groupware] [io-8080-exec-10] c.d.g.n.m.N.countUnread                  : ==>  Preparing: SELECT COUNT(*) FROM notifications WHERE user_id = ? AND is_read = false
2026-08-18T16:57:51.981+09:00 DEBUG 10884 --- [groupware] [io-8080-exec-10] c.d.g.n.m.N.countUnread                  : ==> Parameters: 1(Long)
2026-08-18T16:57:51.984+09:00 DEBUG 10884 --- [groupware] [io-8080-exec-10] c.d.g.n.m.N.countUnread                  : <==      Total: 1
2026-08-18T16:57:54.574+09:00 DEBUG 10884 --- [groupware] [nio-8080-exec-8] c.d.g.t.mapper.TaskMapper.findMyTodos    : ==>  Preparing: SELECT * FROM tasks WHERE creator_id = ? AND task_type = 'TODO' AND is_deleted = false ORDER BY sort_order, created_at DESC
2026-08-18T16:57:54.575+09:00 DEBUG 10884 --- [groupware] [nio-8080-exec-8] c.d.g.t.mapper.TaskMapper.findMyTodos    : ==> Parameters: 1(Long)
2026-08-18T16:57:54.580+09:00 DEBUG 10884 --- [groupware] [nio-8080-exec-8] c.d.g.t.mapper.TaskMapper.findMyTodos    : <==      Total: 5
2026-08-18T16:57:54.581+09:00 DEBUG 10884 --- [groupware] [nio-8080-exec-8] c.d.g.t.m.TaskMapper.findAssignedTasks   : ==>  Preparing: SELECT DISTINCT t.* FROM tasks t JOIN task_assignees ta ON ta.task_id = t.id WHERE ta.user_id = ? AND t.task_type = 'WBS_TASK' AND t.is_deleted = false ORDER BY t.sort_order, t.end_date IS NULL, t.end_date, t.created_at DESC
2026-08-18T16:57:54.582+09:00 DEBUG 10884 --- [groupware] [nio-8080-exec-8] c.d.g.t.m.TaskMapper.findAssignedTasks   : ==> Parameters: 1(Long)
2026-08-18T16:57:54.588+09:00 DEBUG 10884 --- [groupware] [nio-8080-exec-8] c.d.g.t.m.TaskMapper.findAssignedTasks   : <==      Total: 7
2026-08-18T16:57:54.589+09:00 DEBUG 10884 --- [groupware] [nio-8080-exec-8] c.d.g.p.m.P.findByProjectAndUser         : ==>  Preparing: SELECT * FROM project_members WHERE project_id = ? AND user_id = ?
2026-08-18T16:57:54.589+09:00 DEBUG 10884 --- [groupware] [nio-8080-exec-8] c.d.g.p.m.P.findByProjectAndUser         : ==> Parameters: 3(Long), 1(Long)
2026-08-18T16:57:54.591+09:00 DEBUG 10884 --- [groupware] [nio-8080-exec-8] c.d.g.p.m.P.findByProjectAndUser         : <==      Total: 1
2026-08-18T16:57:54.592+09:00 DEBUG 10884 --- [groupware] [nio-8080-exec-8] c.d.g.t.m.T.findUserIdsByTaskId          : ==>  Preparing: SELECT user_id FROM task_assignees WHERE task_id = ?
2026-08-18T16:57:54.592+09:00 DEBUG 10884 --- [groupware] [nio-8080-exec-8] c.d.g.t.m.T.findUserIdsByTaskId          : ==> Parameters: 12(Long)
2026-08-18T16:57:54.594+09:00 DEBUG 10884 --- [groupware] [nio-8080-exec-8] c.d.g.t.m.T.findUserIdsByTaskId          : <==      Total: 1
2026-08-18T16:57:54.595+09:00 DEBUG 10884 --- [groupware] [nio-8080-exec-8] c.d.g.p.m.P.findByProjectAndUser         : ==>  Preparing: SELECT * FROM project_members WHERE project_id = ? AND user_id = ?
2026-08-18T16:57:54.595+09:00 DEBUG 10884 --- [groupware] [nio-8080-exec-8] c.d.g.p.m.P.findByProjectAndUser         : ==> Parameters: 4(Long), 1(Long)
2026-08-18T16:57:54.597+09:00 DEBUG 10884 --- [groupware] [nio-8080-exec-8] c.d.g.p.m.P.findByProjectAndUser         : <==      Total: 1
2026-08-18T16:57:54.597+09:00 DEBUG 10884 --- [groupware] [nio-8080-exec-8] c.d.g.t.m.T.findUserIdsByTaskId          : ==>  Preparing: SELECT user_id FROM task_assignees WHERE task_id = ?
2026-08-18T16:57:54.597+09:00 DEBUG 10884 --- [groupware] [nio-8080-exec-8] c.d.g.t.m.T.findUserIdsByTaskId          : ==> Parameters: 29(Long)
2026-08-18T16:57:54.599+09:00 DEBUG 10884 --- [groupware] [nio-8080-exec-8] c.d.g.t.m.T.findUserIdsByTaskId          : <==      Total: 1
2026-08-18T16:57:54.600+09:00 DEBUG 10884 --- [groupware] [nio-8080-exec-8] c.d.g.p.m.P.findByProjectAndUser         : ==>  Preparing: SELECT * FROM project_members WHERE project_id = ? AND user_id = ?
2026-08-18T16:57:54.601+09:00 DEBUG 10884 --- [groupware] [nio-8080-exec-8] c.d.g.p.m.P.findByProjectAndUser         : ==> Parameters: 3(Long), 1(Long)
2026-08-18T16:57:54.603+09:00 DEBUG 10884 --- [groupware] [nio-8080-exec-8] c.d.g.p.m.P.findByProjectAndUser         : <==      Total: 1
2026-08-18T16:57:54.604+09:00 DEBUG 10884 --- [groupware] [nio-8080-exec-8] c.d.g.t.m.T.findUserIdsByTaskId          : ==>  Preparing: SELECT user_id FROM task_assignees WHERE task_id = ?
2026-08-18T16:57:54.604+09:00 DEBUG 10884 --- [groupware] [nio-8080-exec-8] c.d.g.t.m.T.findUserIdsByTaskId          : ==> Parameters: 13(Long)
2026-08-18T16:57:54.606+09:00 DEBUG 10884 --- [groupware] [nio-8080-exec-8] c.d.g.t.m.T.findUserIdsByTaskId          : <==      Total: 1
2026-08-18T16:57:54.607+09:00 DEBUG 10884 --- [groupware] [nio-8080-exec-8] c.d.g.p.m.P.findByProjectAndUser         : ==>  Preparing: SELECT * FROM project_members WHERE project_id = ? AND user_id = ?
2026-08-18T16:57:54.607+09:00 DEBUG 10884 --- [groupware] [nio-8080-exec-8] c.d.g.p.m.P.findByProjectAndUser         : ==> Parameters: 4(Long), 1(Long)
2026-08-18T16:57:54.609+09:00 DEBUG 10884 --- [groupware] [nio-8080-exec-8] c.d.g.p.m.P.findByProjectAndUser         : <==      Total: 1
2026-08-18T16:57:54.610+09:00 DEBUG 10884 --- [groupware] [nio-8080-exec-8] c.d.g.t.m.T.findUserIdsByTaskId          : ==>  Preparing: SELECT user_id FROM task_assignees WHERE task_id = ?
2026-08-18T16:57:54.610+09:00 DEBUG 10884 --- [groupware] [nio-8080-exec-8] c.d.g.t.m.T.findUserIdsByTaskId          : ==> Parameters: 27(Long)
2026-08-18T16:57:54.612+09:00 DEBUG 10884 --- [groupware] [nio-8080-exec-8] c.d.g.t.m.T.findUserIdsByTaskId          : <==      Total: 1
2026-08-18T16:57:54.613+09:00 DEBUG 10884 --- [groupware] [nio-8080-exec-8] c.d.g.p.m.P.findByProjectAndUser         : ==>  Preparing: SELECT * FROM project_members WHERE project_id = ? AND user_id = ?
2026-08-18T16:57:54.613+09:00 DEBUG 10884 --- [groupware] [nio-8080-exec-8] c.d.g.p.m.P.findByProjectAndUser         : ==> Parameters: 3(Long), 1(Long)
2026-08-18T16:57:54.615+09:00 DEBUG 10884 --- [groupware] [nio-8080-exec-8] c.d.g.p.m.P.findByProjectAndUser         : <==      Total: 1
2026-08-18T16:57:54.615+09:00 DEBUG 10884 --- [groupware] [nio-8080-exec-8] c.d.g.t.m.T.findUserIdsByTaskId          : ==>  Preparing: SELECT user_id FROM task_assignees WHERE task_id = ?
2026-08-18T16:57:54.616+09:00 DEBUG 10884 --- [groupware] [nio-8080-exec-8] c.d.g.t.m.T.findUserIdsByTaskId          : ==> Parameters: 16(Long)
2026-08-18T16:57:54.617+09:00 DEBUG 10884 --- [groupware] [nio-8080-exec-8] c.d.g.t.m.T.findUserIdsByTaskId          : <==      Total: 1
2026-08-18T16:57:54.618+09:00 DEBUG 10884 --- [groupware] [nio-8080-exec-8] c.d.g.p.m.P.findByProjectAndUser         : ==>  Preparing: SELECT * FROM project_members WHERE project_id = ? AND user_id = ?
2026-08-18T16:57:54.618+09:00 DEBUG 10884 --- [groupware] [nio-8080-exec-8] c.d.g.p.m.P.findByProjectAndUser         : ==> Parameters: 3(Long), 1(Long)
2026-08-18T16:57:54.619+09:00 DEBUG 10884 --- [groupware] [nio-8080-exec-8] c.d.g.p.m.P.findByProjectAndUser         : <==      Total: 1
2026-08-18T16:57:54.620+09:00 DEBUG 10884 --- [groupware] [nio-8080-exec-8] c.d.g.t.m.T.findUserIdsByTaskId          : ==>  Preparing: SELECT user_id FROM task_assignees WHERE task_id = ?
2026-08-18T16:57:54.621+09:00 DEBUG 10884 --- [groupware] [nio-8080-exec-8] c.d.g.t.m.T.findUserIdsByTaskId          : ==> Parameters: 20(Long)
2026-08-18T16:57:54.622+09:00 DEBUG 10884 --- [groupware] [nio-8080-exec-8] c.d.g.t.m.T.findUserIdsByTaskId          : <==      Total: 1
2026-08-18T16:57:54.623+09:00 DEBUG 10884 --- [groupware] [nio-8080-exec-8] c.d.g.p.m.P.findByProjectAndUser         : ==>  Preparing: SELECT * FROM project_members WHERE project_id = ? AND user_id = ?
2026-08-18T16:57:54.624+09:00 DEBUG 10884 --- [groupware] [nio-8080-exec-8] c.d.g.p.m.P.findByProjectAndUser         : ==> Parameters: 6(Long), 1(Long)
2026-08-18T16:57:54.626+09:00 DEBUG 10884 --- [groupware] [nio-8080-exec-8] c.d.g.p.m.P.findByProjectAndUser         : <==      Total: 1
2026-08-18T16:57:54.626+09:00 DEBUG 10884 --- [groupware] [nio-8080-exec-8] c.d.g.t.m.T.findUserIdsByTaskId          : ==>  Preparing: SELECT user_id FROM task_assignees WHERE task_id = ?
2026-08-18T16:57:54.626+09:00 DEBUG 10884 --- [groupware] [nio-8080-exec-8] c.d.g.t.m.T.findUserIdsByTaskId          : ==> Parameters: 64(Long)
2026-08-18T16:57:54.628+09:00 DEBUG 10884 --- [groupware] [nio-8080-exec-8] c.d.g.t.m.T.findUserIdsByTaskId          : <==      Total: 1
2026-08-18T16:57:54.628+09:00 DEBUG 10884 --- [groupware] [nio-8080-exec-8] c.d.g.s.m.StatsMapper.findTodayEvents    : ==>  Preparing: SELECT DISTINCT t.* FROM tasks t LEFT JOIN task_assignees ta ON t.id = ta.task_id WHERE t.is_deleted = false AND t.task_type = 'EVENT' AND t.start_date < DATE_ADD(CURDATE(), INTERVAL 1 DAY) AND (t.end_date >= CURDATE() OR (t.end_date IS NULL AND t.start_date >= CURDATE())) AND (t.creator_id = ? OR ta.user_id = ?) ORDER BY t.start_date
2026-08-18T16:57:54.629+09:00 DEBUG 10884 --- [groupware] [nio-8080-exec-8] c.d.g.s.m.StatsMapper.findTodayEvents    : ==> Parameters: 1(Long), 1(Long)
2026-08-18T16:57:54.632+09:00 DEBUG 10884 --- [groupware] [nio-8080-exec-8] c.d.g.s.m.StatsMapper.findTodayEvents    : <==      Total: 0
2026-08-18T16:57:54.632+09:00 DEBUG 10884 --- [groupware] [nio-8080-exec-8] c.d.g.s.m.StatsMapper.findTodayWbsTasks  : ==>  Preparing: SELECT DISTINCT t.* FROM tasks t LEFT JOIN task_assignees ta ON t.id = ta.task_id WHERE t.is_deleted = false AND t.task_type = 'WBS_TASK' AND t.status NOT IN ('DONE', 'CANCELLED') AND t.start_date < DATE_ADD(CURDATE(), INTERVAL 1 DAY) AND (t.end_date >= CURDATE() OR (t.end_date IS NULL AND t.start_date >= CURDATE())) AND (t.creator_id = ? OR ta.user_id = ?) ORDER BY t.end_date IS NULL, t.end_date, t.start_date
2026-08-18T16:57:54.633+09:00 DEBUG 10884 --- [groupware] [nio-8080-exec-8] c.d.g.s.m.StatsMapper.findTodayWbsTasks  : ==> Parameters: 1(Long), 1(Long)
2026-08-18T16:57:54.637+09:00 DEBUG 10884 --- [groupware] [nio-8080-exec-8] c.d.g.s.m.StatsMapper.findTodayWbsTasks  : <==      Total: 3
2026-08-18T16:57:54.652+09:00 DEBUG 10884 --- [groupware] [nio-8080-exec-3] c.d.g.t.mapper.TaskMapper.findMyTodos    : ==>  Preparing: SELECT * FROM tasks WHERE creator_id = ? AND task_type = 'TODO' AND is_deleted = false ORDER BY sort_order, created_at DESC
2026-08-18T16:57:54.653+09:00 DEBUG 10884 --- [groupware] [nio-8080-exec-3] c.d.g.t.mapper.TaskMapper.findMyTodos    : ==> Parameters: 1(Long)
2026-08-18T16:57:54.656+09:00 DEBUG 10884 --- [groupware] [nio-8080-exec-3] c.d.g.t.mapper.TaskMapper.findMyTodos    : <==      Total: 5
2026-08-18T16:57:54.657+09:00 DEBUG 10884 --- [groupware] [nio-8080-exec-3] c.d.g.t.m.TaskMapper.findAssignedTasks   : ==>  Preparing: SELECT DISTINCT t.* FROM tasks t JOIN task_assignees ta ON ta.task_id = t.id WHERE ta.user_id = ? AND t.task_type = 'WBS_TASK' AND t.is_deleted = false ORDER BY t.sort_order, t.end_date IS NULL, t.end_date, t.created_at DESC
2026-08-18T16:57:54.657+09:00 DEBUG 10884 --- [groupware] [nio-8080-exec-3] c.d.g.t.m.TaskMapper.findAssignedTasks   : ==> Parameters: 1(Long)
2026-08-18T16:57:54.661+09:00 DEBUG 10884 --- [groupware] [nio-8080-exec-3] c.d.g.t.m.TaskMapper.findAssignedTasks   : <==      Total: 7
2026-08-18T16:57:54.662+09:00 DEBUG 10884 --- [groupware] [nio-8080-exec-3] c.d.g.p.m.P.findByProjectAndUser         : ==>  Preparing: SELECT * FROM project_members WHERE project_id = ? AND user_id = ?
2026-08-18T16:57:54.663+09:00 DEBUG 10884 --- [groupware] [nio-8080-exec-3] c.d.g.p.m.P.findByProjectAndUser         : ==> Parameters: 3(Long), 1(Long)
2026-08-18T16:57:54.665+09:00 DEBUG 10884 --- [groupware] [nio-8080-exec-3] c.d.g.p.m.P.findByProjectAndUser         : <==      Total: 1
2026-08-18T16:57:54.665+09:00 DEBUG 10884 --- [groupware] [nio-8080-exec-3] c.d.g.t.m.T.findUserIdsByTaskId          : ==>  Preparing: SELECT user_id FROM task_assignees WHERE task_id = ?
2026-08-18T16:57:54.666+09:00 DEBUG 10884 --- [groupware] [nio-8080-exec-3] c.d.g.t.m.T.findUserIdsByTaskId          : ==> Parameters: 12(Long)
2026-08-18T16:57:54.667+09:00 DEBUG 10884 --- [groupware] [nio-8080-exec-3] c.d.g.t.m.T.findUserIdsByTaskId          : <==      Total: 1
2026-08-18T16:57:54.668+09:00 DEBUG 10884 --- [groupware] [nio-8080-exec-3] c.d.g.p.m.P.findByProjectAndUser         : ==>  Preparing: SELECT * FROM project_members WHERE project_id = ? AND user_id = ?
2026-08-18T16:57:54.668+09:00 DEBUG 10884 --- [groupware] [nio-8080-exec-3] c.d.g.p.m.P.findByProjectAndUser         : ==> Parameters: 4(Long), 1(Long)
2026-08-18T16:57:54.670+09:00 DEBUG 10884 --- [groupware] [nio-8080-exec-3] c.d.g.p.m.P.findByProjectAndUser         : <==      Total: 1
2026-08-18T16:57:54.670+09:00 DEBUG 10884 --- [groupware] [nio-8080-exec-3] c.d.g.t.m.T.findUserIdsByTaskId          : ==>  Preparing: SELECT user_id FROM task_assignees WHERE task_id = ?
2026-08-18T16:57:54.671+09:00 DEBUG 10884 --- [groupware] [nio-8080-exec-3] c.d.g.t.m.T.findUserIdsByTaskId          : ==> Parameters: 29(Long)
2026-08-18T16:57:54.672+09:00 DEBUG 10884 --- [groupware] [nio-8080-exec-3] c.d.g.t.m.T.findUserIdsByTaskId          : <==      Total: 1
2026-08-18T16:57:54.673+09:00 DEBUG 10884 --- [groupware] [nio-8080-exec-3] c.d.g.p.m.P.findByProjectAndUser         : ==>  Preparing: SELECT * FROM project_members WHERE project_id = ? AND user_id = ?
2026-08-18T16:57:54.673+09:00 DEBUG 10884 --- [groupware] [nio-8080-exec-3] c.d.g.p.m.P.findByProjectAndUser         : ==> Parameters: 3(Long), 1(Long)
2026-08-18T16:57:54.674+09:00 DEBUG 10884 --- [groupware] [nio-8080-exec-3] c.d.g.p.m.P.findByProjectAndUser         : <==      Total: 1
2026-08-18T16:57:54.675+09:00 DEBUG 10884 --- [groupware] [nio-8080-exec-3] c.d.g.t.m.T.findUserIdsByTaskId          : ==>  Preparing: SELECT user_id FROM task_assignees WHERE task_id = ?
2026-08-18T16:57:54.675+09:00 DEBUG 10884 --- [groupware] [nio-8080-exec-3] c.d.g.t.m.T.findUserIdsByTaskId          : ==> Parameters: 13(Long)
2026-08-18T16:57:54.676+09:00 DEBUG 10884 --- [groupware] [nio-8080-exec-3] c.d.g.t.m.T.findUserIdsByTaskId          : <==      Total: 1
2026-08-18T16:57:54.677+09:00 DEBUG 10884 --- [groupware] [nio-8080-exec-3] c.d.g.p.m.P.findByProjectAndUser         : ==>  Preparing: SELECT * FROM project_members WHERE project_id = ? AND user_id = ?
2026-08-18T16:57:54.677+09:00 DEBUG 10884 --- [groupware] [nio-8080-exec-3] c.d.g.p.m.P.findByProjectAndUser         : ==> Parameters: 4(Long), 1(Long)
2026-08-18T16:57:54.679+09:00 DEBUG 10884 --- [groupware] [nio-8080-exec-3] c.d.g.p.m.P.findByProjectAndUser         : <==      Total: 1
2026-08-18T16:57:54.680+09:00 DEBUG 10884 --- [groupware] [nio-8080-exec-3] c.d.g.t.m.T.findUserIdsByTaskId          : ==>  Preparing: SELECT user_id FROM task_assignees WHERE task_id = ?
2026-08-18T16:57:54.680+09:00 DEBUG 10884 --- [groupware] [nio-8080-exec-3] c.d.g.t.m.T.findUserIdsByTaskId          : ==> Parameters: 27(Long)
2026-08-18T16:57:54.682+09:00 DEBUG 10884 --- [groupware] [nio-8080-exec-3] c.d.g.t.m.T.findUserIdsByTaskId          : <==      Total: 1
2026-08-18T16:57:54.682+09:00 DEBUG 10884 --- [groupware] [nio-8080-exec-3] c.d.g.p.m.P.findByProjectAndUser         : ==>  Preparing: SELECT * FROM project_members WHERE project_id = ? AND user_id = ?
2026-08-18T16:57:54.683+09:00 DEBUG 10884 --- [groupware] [nio-8080-exec-3] c.d.g.p.m.P.findByProjectAndUser         : ==> Parameters: 3(Long), 1(Long)
2026-08-18T16:57:54.684+09:00 DEBUG 10884 --- [groupware] [nio-8080-exec-3] c.d.g.p.m.P.findByProjectAndUser         : <==      Total: 1
2026-08-18T16:57:54.685+09:00 DEBUG 10884 --- [groupware] [nio-8080-exec-3] c.d.g.t.m.T.findUserIdsByTaskId          : ==>  Preparing: SELECT user_id FROM task_assignees WHERE task_id = ?
2026-08-18T16:57:54.685+09:00 DEBUG 10884 --- [groupware] [nio-8080-exec-3] c.d.g.t.m.T.findUserIdsByTaskId          : ==> Parameters: 16(Long)
2026-08-18T16:57:54.687+09:00 DEBUG 10884 --- [groupware] [nio-8080-exec-3] c.d.g.t.m.T.findUserIdsByTaskId          : <==      Total: 1
2026-08-18T16:57:54.687+09:00 DEBUG 10884 --- [groupware] [nio-8080-exec-3] c.d.g.p.m.P.findByProjectAndUser         : ==>  Preparing: SELECT * FROM project_members WHERE project_id = ? AND user_id = ?
2026-08-18T16:57:54.688+09:00 DEBUG 10884 --- [groupware] [nio-8080-exec-3] c.d.g.p.m.P.findByProjectAndUser         : ==> Parameters: 3(Long), 1(Long)
2026-08-18T16:57:54.689+09:00 DEBUG 10884 --- [groupware] [nio-8080-exec-3] c.d.g.p.m.P.findByProjectAndUser         : <==      Total: 1
2026-08-18T16:57:54.690+09:00 DEBUG 10884 --- [groupware] [nio-8080-exec-3] c.d.g.t.m.T.findUserIdsByTaskId          : ==>  Preparing: SELECT user_id FROM task_assignees WHERE task_id = ?
2026-08-18T16:57:54.690+09:00 DEBUG 10884 --- [groupware] [nio-8080-exec-3] c.d.g.t.m.T.findUserIdsByTaskId          : ==> Parameters: 20(Long)
2026-08-18T16:57:54.691+09:00 DEBUG 10884 --- [groupware] [nio-8080-exec-3] c.d.g.t.m.T.findUserIdsByTaskId          : <==      Total: 1
2026-08-18T16:57:54.692+09:00 DEBUG 10884 --- [groupware] [nio-8080-exec-3] c.d.g.p.m.P.findByProjectAndUser         : ==>  Preparing: SELECT * FROM project_members WHERE project_id = ? AND user_id = ?
2026-08-18T16:57:54.692+09:00 DEBUG 10884 --- [groupware] [nio-8080-exec-3] c.d.g.p.m.P.findByProjectAndUser         : ==> Parameters: 6(Long), 1(Long)
2026-08-18T16:57:54.694+09:00 DEBUG 10884 --- [groupware] [nio-8080-exec-3] c.d.g.p.m.P.findByProjectAndUser         : <==      Total: 1
2026-08-18T16:57:54.694+09:00 DEBUG 10884 --- [groupware] [nio-8080-exec-3] c.d.g.t.m.T.findUserIdsByTaskId          : ==>  Preparing: SELECT user_id FROM task_assignees WHERE task_id = ?
2026-08-18T16:57:54.695+09:00 DEBUG 10884 --- [groupware] [nio-8080-exec-3] c.d.g.t.m.T.findUserIdsByTaskId          : ==> Parameters: 64(Long)
2026-08-18T16:57:54.696+09:00 DEBUG 10884 --- [groupware] [nio-8080-exec-3] c.d.g.t.m.T.findUserIdsByTaskId          : <==      Total: 1
2026-08-18T16:57:54.697+09:00 DEBUG 10884 --- [groupware] [nio-8080-exec-3] c.d.g.s.m.StatsMapper.findTodayEvents    : ==>  Preparing: SELECT DISTINCT t.* FROM tasks t LEFT JOIN task_assignees ta ON t.id = ta.task_id WHERE t.is_deleted = false AND t.task_type = 'EVENT' AND t.start_date < DATE_ADD(CURDATE(), INTERVAL 1 DAY) AND (t.end_date >= CURDATE() OR (t.end_date IS NULL AND t.start_date >= CURDATE())) AND (t.creator_id = ? OR ta.user_id = ?) ORDER BY t.start_date
2026-08-18T16:57:54.697+09:00 DEBUG 10884 --- [groupware] [nio-8080-exec-3] c.d.g.s.m.StatsMapper.findTodayEvents    : ==> Parameters: 1(Long), 1(Long)
2026-08-18T16:57:54.699+09:00 DEBUG 10884 --- [groupware] [nio-8080-exec-3] c.d.g.s.m.StatsMapper.findTodayEvents    : <==      Total: 0
2026-08-18T16:57:54.700+09:00 DEBUG 10884 --- [groupware] [nio-8080-exec-3] c.d.g.s.m.StatsMapper.findTodayWbsTasks  : ==>  Preparing: SELECT DISTINCT t.* FROM tasks t LEFT JOIN task_assignees ta ON t.id = ta.task_id WHERE t.is_deleted = false AND t.task_type = 'WBS_TASK' AND t.status NOT IN ('DONE', 'CANCELLED') AND t.start_date < DATE_ADD(CURDATE(), INTERVAL 1 DAY) AND (t.end_date >= CURDATE() OR (t.end_date IS NULL AND t.start_date >= CURDATE())) AND (t.creator_id = ? OR ta.user_id = ?) ORDER BY t.end_date IS NULL, t.end_date, t.start_date
2026-08-18T16:57:54.700+09:00 DEBUG 10884 --- [groupware] [nio-8080-exec-3] c.d.g.s.m.StatsMapper.findTodayWbsTasks  : ==> Parameters: 1(Long), 1(Long)
2026-08-18T16:57:54.703+09:00 DEBUG 10884 --- [groupware] [nio-8080-exec-3] c.d.g.s.m.StatsMapper.findTodayWbsTasks  : <==      Total: 3
2026-08-18T16:57:56.981+09:00 DEBUG 10884 --- [groupware] [nio-8080-exec-5] c.d.g.n.m.N.countUnread                  : ==>  Preparing: SELECT COUNT(*) FROM notifications WHERE user_id = ? AND is_read = false
2026-08-18T16:57:56.982+09:00 DEBUG 10884 --- [groupware] [nio-8080-exec-5] c.d.g.n.m.N.countUnread                  : ==> Parameters: 1(Long)
2026-08-18T16:57:56.985+09:00 DEBUG 10884 --- [groupware] [nio-8080-exec-5] c.d.g.n.m.N.countUnread                  : <==      Total: 1
2026-08-18T16:58:00.118+09:00 DEBUG 10884 --- [groupware] [nio-8080-exec-7] c.d.g.c.m.CategoryMapper.findByUserId    : ==>  Preparing: SELECT * FROM categories WHERE user_id = ? ORDER BY created_at DESC
2026-08-18T16:58:00.119+09:00 DEBUG 10884 --- [groupware] [nio-8080-exec-7] c.d.g.c.m.CategoryMapper.findByUserId    : ==> Parameters: 1(Long)
2026-08-18T16:58:00.122+09:00 DEBUG 10884 --- [groupware] [nio-8080-exec-9] c.d.g.t.m.TaskMapper.findByIdNotDeleted  : ==>  Preparing: SELECT * FROM tasks WHERE id = ? AND is_deleted = false
2026-08-18T16:58:00.122+09:00 DEBUG 10884 --- [groupware] [nio-8080-exec-7] c.d.g.c.m.CategoryMapper.findByUserId    : <==      Total: 1
2026-08-18T16:58:00.122+09:00 DEBUG 10884 --- [groupware] [nio-8080-exec-9] c.d.g.t.m.TaskMapper.findByIdNotDeleted  : ==> Parameters: 29(Long)
2026-08-18T16:58:00.123+09:00 DEBUG 10884 --- [groupware] [nio-8080-exec-7] c.d.g.c.m.C.findByDepartmentId           : ==>  Preparing: SELECT * FROM categories WHERE department_id = ? ORDER BY created_at DESC
2026-08-18T16:58:00.124+09:00 DEBUG 10884 --- [groupware] [nio-8080-exec-7] c.d.g.c.m.C.findByDepartmentId           : ==> Parameters: 7(Long)
2026-08-18T16:58:00.126+09:00 DEBUG 10884 --- [groupware] [nio-8080-exec-9] c.d.g.t.m.TaskMapper.findByIdNotDeleted  : <==      Total: 1
2026-08-18T16:58:00.127+09:00 DEBUG 10884 --- [groupware] [nio-8080-exec-7] c.d.g.c.m.C.findByDepartmentId           : <==      Total: 2
2026-08-18T16:58:00.127+09:00 DEBUG 10884 --- [groupware] [nio-8080-exec-9] c.d.g.p.m.P.findByProjectAndUser         : ==>  Preparing: SELECT * FROM project_members WHERE project_id = ? AND user_id = ?
2026-08-18T16:58:00.128+09:00 DEBUG 10884 --- [groupware] [nio-8080-exec-9] c.d.g.p.m.P.findByProjectAndUser         : ==> Parameters: 4(Long), 1(Long)
2026-08-18T16:58:00.130+09:00 DEBUG 10884 --- [groupware] [nio-8080-exec-9] c.d.g.p.m.P.findByProjectAndUser         : <==      Total: 1
2026-08-18T16:58:00.132+09:00 DEBUG 10884 --- [groupware] [nio-8080-exec-9] c.d.g.p.m.P.findByProjectAndUser         : ==>  Preparing: SELECT * FROM project_members WHERE project_id = ? AND user_id = ?
2026-08-18T16:58:00.132+09:00 DEBUG 10884 --- [groupware] [nio-8080-exec-9] c.d.g.p.m.P.findByProjectAndUser         : ==> Parameters: 4(Long), 1(Long)
2026-08-18T16:58:00.135+09:00 DEBUG 10884 --- [groupware] [nio-8080-exec-9] c.d.g.p.m.P.findByProjectAndUser         : <==      Total: 1
2026-08-18T16:58:00.136+09:00 DEBUG 10884 --- [groupware] [nio-8080-exec-9] c.d.g.t.m.T.findUserIdsByTaskId          : ==>  Preparing: SELECT user_id FROM task_assignees WHERE task_id = ?
2026-08-18T16:58:00.136+09:00 DEBUG 10884 --- [groupware] [nio-8080-exec-9] c.d.g.t.m.T.findUserIdsByTaskId          : ==> Parameters: 29(Long)
2026-08-18T16:58:00.139+09:00 DEBUG 10884 --- [groupware] [nio-8080-exec-9] c.d.g.t.m.T.findUserIdsByTaskId          : <==      Total: 1
2026-08-18T16:58:01.984+09:00 DEBUG 10884 --- [groupware] [nio-8080-exec-1] c.d.g.n.m.N.countUnread                  : ==>  Preparing: SELECT COUNT(*) FROM notifications WHERE user_id = ? AND is_read = false
2026-08-18T16:58:01.985+09:00 DEBUG 10884 --- [groupware] [nio-8080-exec-1] c.d.g.n.m.N.countUnread                  : ==> Parameters: 1(Long)
2026-08-18T16:58:01.988+09:00 DEBUG 10884 --- [groupware] [nio-8080-exec-1] c.d.g.n.m.N.countUnread                  : <==      Total: 1
2026-08-18T16:58:05.523+09:00 DEBUG 10884 --- [groupware] [nio-8080-exec-2] c.d.g.t.m.TaskMapper.findByIdNotDeleted  : ==>  Preparing: SELECT * FROM tasks WHERE id = ? AND is_deleted = false
2026-08-18T16:58:05.524+09:00 DEBUG 10884 --- [groupware] [nio-8080-exec-2] c.d.g.t.m.TaskMapper.findByIdNotDeleted  : ==> Parameters: 29(Long)
2026-08-18T16:58:05.526+09:00 DEBUG 10884 --- [groupware] [nio-8080-exec-2] c.d.g.t.m.TaskMapper.findByIdNotDeleted  : <==      Total: 1
2026-08-18T16:58:05.526+09:00 DEBUG 10884 --- [groupware] [nio-8080-exec-2] c.d.g.p.m.P.findByProjectAndUser         : ==>  Preparing: SELECT * FROM project_members WHERE project_id = ? AND user_id = ?
2026-08-18T16:58:05.527+09:00 DEBUG 10884 --- [groupware] [nio-8080-exec-2] c.d.g.p.m.P.findByProjectAndUser         : ==> Parameters: 4(Long), 1(Long)
2026-08-18T16:58:05.529+09:00 DEBUG 10884 --- [groupware] [nio-8080-exec-2] c.d.g.p.m.P.findByProjectAndUser         : <==      Total: 1
2026-08-18T16:58:05.530+09:00 DEBUG 10884 --- [groupware] [nio-8080-exec-2] c.d.g.t.m.T.findAssigneesByTaskId        : ==>  Preparing: SELECT u.id, u.employee_number, u.name, u.department_id, u.role, u.position_rank FROM task_assignees ta JOIN users u ON u.id = ta.user_id WHERE ta.task_id = ? ORDER BY u.name
2026-08-18T16:58:05.530+09:00 DEBUG 10884 --- [groupware] [nio-8080-exec-2] c.d.g.t.m.T.findAssigneesByTaskId        : ==> Parameters: 29(Long)
2026-08-18T16:58:05.533+09:00 DEBUG 10884 --- [groupware] [nio-8080-exec-2] c.d.g.t.m.T.findAssigneesByTaskId        : <==      Total: 1
2026-08-18T16:58:05.549+09:00 DEBUG 10884 --- [groupware] [nio-8080-exec-4] c.d.g.t.m.TaskMapper.findByIdNotDeleted  : ==>  Preparing: SELECT * FROM tasks WHERE id = ? AND is_deleted = false
2026-08-18T16:58:05.549+09:00 DEBUG 10884 --- [groupware] [nio-8080-exec-4] c.d.g.t.m.TaskMapper.findByIdNotDeleted  : ==> Parameters: 29(Long)
2026-08-18T16:58:05.551+09:00 DEBUG 10884 --- [groupware] [nio-8080-exec-4] c.d.g.t.m.TaskMapper.findByIdNotDeleted  : <==      Total: 1
2026-08-18T16:58:05.551+09:00 DEBUG 10884 --- [groupware] [nio-8080-exec-4] c.d.g.p.m.P.findByProjectAndUser         : ==>  Preparing: SELECT * FROM project_members WHERE project_id = ? AND user_id = ?
2026-08-18T16:58:05.552+09:00 DEBUG 10884 --- [groupware] [nio-8080-exec-4] c.d.g.p.m.P.findByProjectAndUser         : ==> Parameters: 4(Long), 1(Long)
2026-08-18T16:58:05.553+09:00 DEBUG 10884 --- [groupware] [nio-8080-exec-4] c.d.g.p.m.P.findByProjectAndUser         : <==      Total: 1
2026-08-18T16:58:05.553+09:00 DEBUG 10884 --- [groupware] [nio-8080-exec-4] c.d.g.t.m.T.findAssigneesByTaskId        : ==>  Preparing: SELECT u.id, u.employee_number, u.name, u.department_id, u.role, u.position_rank FROM task_assignees ta JOIN users u ON u.id = ta.user_id WHERE ta.task_id = ? ORDER BY u.name
2026-08-18T16:58:05.554+09:00 DEBUG 10884 --- [groupware] [nio-8080-exec-4] c.d.g.t.m.T.findAssigneesByTaskId        : ==> Parameters: 29(Long)
2026-08-18T16:58:05.555+09:00 DEBUG 10884 --- [groupware] [nio-8080-exec-4] c.d.g.t.m.T.findAssigneesByTaskId        : <==      Total: 1
2026-08-18T16:58:06.893+09:00 DEBUG 10884 --- [groupware] [nio-8080-exec-6] c.d.g.t.m.TaskMapper.findByIdNotDeleted  : ==>  Preparing: SELECT * FROM tasks WHERE id = ? AND is_deleted = false
2026-08-18T16:58:06.894+09:00 DEBUG 10884 --- [groupware] [nio-8080-exec-6] c.d.g.t.m.TaskMapper.findByIdNotDeleted  : ==> Parameters: 29(Long)
2026-08-18T16:58:06.897+09:00 DEBUG 10884 --- [groupware] [nio-8080-exec-6] c.d.g.t.m.TaskMapper.findByIdNotDeleted  : <==      Total: 1
2026-08-18T16:58:06.898+09:00 DEBUG 10884 --- [groupware] [nio-8080-exec-6] c.d.g.p.m.P.findByProjectAndUser         : ==>  Preparing: SELECT * FROM project_members WHERE project_id = ? AND user_id = ?
2026-08-18T16:58:06.899+09:00 DEBUG 10884 --- [groupware] [nio-8080-exec-6] c.d.g.p.m.P.findByProjectAndUser         : ==> Parameters: 4(Long), 1(Long)
2026-08-18T16:58:06.901+09:00 DEBUG 10884 --- [groupware] [nio-8080-exec-6] c.d.g.p.m.P.findByProjectAndUser         : <==      Total: 1
2026-08-18T16:58:06.903+09:00 DEBUG 10884 --- [groupware] [nio-8080-exec-6] c.d.g.t.m.T.findByTaskId                 : ==>  Preparing: SELECT * FROM task_participants WHERE task_id = ? ORDER BY id
2026-08-18T16:58:06.904+09:00 DEBUG 10884 --- [groupware] [nio-8080-exec-6] c.d.g.t.m.T.findByTaskId                 : ==> Parameters: 29(Long)
2026-08-18T16:58:06.905+09:00 DEBUG 10884 --- [groupware] [nio-8080-exec-6] c.d.g.t.m.T.findByTaskId                 : <==      Total: 0
2026-08-18T16:58:06.923+09:00 DEBUG 10884 --- [groupware] [io-8080-exec-10] c.d.g.t.m.TaskMapper.findByIdNotDeleted  : ==>  Preparing: SELECT * FROM tasks WHERE id = ? AND is_deleted = false
2026-08-18T16:58:06.923+09:00 DEBUG 10884 --- [groupware] [io-8080-exec-10] c.d.g.t.m.TaskMapper.findByIdNotDeleted  : ==> Parameters: 29(Long)
2026-08-18T16:58:06.925+09:00 DEBUG 10884 --- [groupware] [io-8080-exec-10] c.d.g.t.m.TaskMapper.findByIdNotDeleted  : <==      Total: 1
2026-08-18T16:58:06.926+09:00 DEBUG 10884 --- [groupware] [io-8080-exec-10] c.d.g.p.m.P.findByProjectAndUser         : ==>  Preparing: SELECT * FROM project_members WHERE project_id = ? AND user_id = ?
2026-08-18T16:58:06.926+09:00 DEBUG 10884 --- [groupware] [io-8080-exec-10] c.d.g.p.m.P.findByProjectAndUser         : ==> Parameters: 4(Long), 1(Long)
2026-08-18T16:58:06.928+09:00 DEBUG 10884 --- [groupware] [io-8080-exec-10] c.d.g.p.m.P.findByProjectAndUser         : <==      Total: 1
2026-08-18T16:58:06.928+09:00 DEBUG 10884 --- [groupware] [io-8080-exec-10] c.d.g.t.m.T.findByTaskId                 : ==>  Preparing: SELECT * FROM task_participants WHERE task_id = ? ORDER BY id
2026-08-18T16:58:06.928+09:00 DEBUG 10884 --- [groupware] [io-8080-exec-10] c.d.g.t.m.T.findByTaskId                 : ==> Parameters: 29(Long)
2026-08-18T16:58:06.929+09:00 DEBUG 10884 --- [groupware] [io-8080-exec-10] c.d.g.t.m.T.findByTaskId                 : <==      Total: 0
2026-08-18T16:58:06.971+09:00 DEBUG 10884 --- [groupware] [nio-8080-exec-8] c.d.g.n.m.N.countUnread                  : ==>  Preparing: SELECT COUNT(*) FROM notifications WHERE user_id = ? AND is_read = false
2026-08-18T16:58:06.972+09:00 DEBUG 10884 --- [groupware] [nio-8080-exec-8] c.d.g.n.m.N.countUnread                  : ==> Parameters: 1(Long)
2026-08-18T16:58:06.974+09:00 DEBUG 10884 --- [groupware] [nio-8080-exec-8] c.d.g.n.m.N.countUnread                  : <==      Total: 1
2026-08-18T16:58:07.448+09:00 DEBUG 10884 --- [groupware] [nio-8080-exec-3] c.d.g.task.mapper.TaskMapper.findById    : ==>  Preparing: SELECT * FROM tasks WHERE id = ?
2026-08-18T16:58:07.448+09:00 DEBUG 10884 --- [groupware] [nio-8080-exec-3] c.d.g.task.mapper.TaskMapper.findById    : ==> Parameters: 29(Long)
2026-08-18T16:58:07.450+09:00 DEBUG 10884 --- [groupware] [nio-8080-exec-3] c.d.g.task.mapper.TaskMapper.findById    : <==      Total: 1
2026-08-18T16:58:07.451+09:00 DEBUG 10884 --- [groupware] [nio-8080-exec-3] c.d.g.p.m.P.findByProjectAndUser         : ==>  Preparing: SELECT * FROM project_members WHERE project_id = ? AND user_id = ?
2026-08-18T16:58:07.451+09:00 DEBUG 10884 --- [groupware] [nio-8080-exec-3] c.d.g.p.m.P.findByProjectAndUser         : ==> Parameters: 4(Long), 1(Long)
2026-08-18T16:58:07.453+09:00 DEBUG 10884 --- [groupware] [nio-8080-exec-3] c.d.g.p.m.P.findByProjectAndUser         : <==      Total: 1
2026-08-18T16:58:07.453+09:00 DEBUG 10884 --- [groupware] [nio-8080-exec-3] c.d.g.t.m.A.findByTaskId                 : ==>  Preparing: SELECT * FROM activity_logs WHERE task_id = ? ORDER BY created_at DESC
2026-08-18T16:58:07.454+09:00 DEBUG 10884 --- [groupware] [nio-8080-exec-3] c.d.g.t.m.A.findByTaskId                 : ==> Parameters: 29(Long)
2026-08-18T16:58:07.456+09:00 DEBUG 10884 --- [groupware] [nio-8080-exec-3] c.d.g.t.m.A.findByTaskId                 : <==      Total: 6
2026-08-18T16:58:07.471+09:00 DEBUG 10884 --- [groupware] [nio-8080-exec-5] c.d.g.task.mapper.TaskMapper.findById    : ==>  Preparing: SELECT * FROM tasks WHERE id = ?
2026-08-18T16:58:07.472+09:00 DEBUG 10884 --- [groupware] [nio-8080-exec-5] c.d.g.task.mapper.TaskMapper.findById    : ==> Parameters: 29(Long)
2026-08-18T16:58:07.474+09:00 DEBUG 10884 --- [groupware] [nio-8080-exec-5] c.d.g.task.mapper.TaskMapper.findById    : <==      Total: 1
2026-08-18T16:58:07.475+09:00 DEBUG 10884 --- [groupware] [nio-8080-exec-5] c.d.g.p.m.P.findByProjectAndUser         : ==>  Preparing: SELECT * FROM project_members WHERE project_id = ? AND user_id = ?
2026-08-18T16:58:07.475+09:00 DEBUG 10884 --- [groupware] [nio-8080-exec-5] c.d.g.p.m.P.findByProjectAndUser         : ==> Parameters: 4(Long), 1(Long)
2026-08-18T16:58:07.477+09:00 DEBUG 10884 --- [groupware] [nio-8080-exec-5] c.d.g.p.m.P.findByProjectAndUser         : <==      Total: 1
2026-08-18T16:58:07.477+09:00 DEBUG 10884 --- [groupware] [nio-8080-exec-5] c.d.g.t.m.A.findByTaskId                 : ==>  Preparing: SELECT * FROM activity_logs WHERE task_id = ? ORDER BY created_at DESC
2026-08-18T16:58:07.478+09:00 DEBUG 10884 --- [groupware] [nio-8080-exec-5] c.d.g.t.m.A.findByTaskId                 : ==> Parameters: 29(Long)
2026-08-18T16:58:07.480+09:00 DEBUG 10884 --- [groupware] [nio-8080-exec-5] c.d.g.t.m.A.findByTaskId                 : <==      Total: 6
2026-08-18T16:58:08.462+09:00 ERROR 10884 --- [groupware] [nio-8080-exec-7] c.d.g.g.a.e.GlobalExceptionHandler       : Unhandled exception

org.springframework.web.method.annotation.MethodArgumentTypeMismatchException: Method parameter 'id': Failed to convert value of type 'java.lang.String' to required type 'java.lang.Long'; For input string: "null"
	at org.springframework.web.method.annotation.AbstractNamedValueMethodArgumentResolver.convertIfNecessary(AbstractNamedValueMethodArgumentResolver.java:301) ~[spring-web-6.2.19.jar:6.2.19]
	at org.springframework.web.method.annotation.AbstractNamedValueMethodArgumentResolver.resolveArgument(AbstractNamedValueMethodArgumentResolver.java:136) ~[spring-web-6.2.19.jar:6.2.19]
	at org.springframework.web.method.support.HandlerMethodArgumentResolverComposite.resolveArgument(HandlerMethodArgumentResolverComposite.java:122) ~[spring-web-6.2.19.jar:6.2.19]
	at org.springframework.web.method.support.InvocableHandlerMethod.getMethodArgumentValues(InvocableHandlerMethod.java:227) ~[spring-web-6.2.19.jar:6.2.19]
	at org.springframework.web.method.support.InvocableHandlerMethod.invokeForRequest(InvocableHandlerMethod.java:181) ~[spring-web-6.2.19.jar:6.2.19]
	at org.springframework.web.servlet.mvc.method.annotation.ServletInvocableHandlerMethod.invokeAndHandle(ServletInvocableHandlerMethod.java:118) ~[spring-webmvc-6.2.19.jar:6.2.19]
	at org.springframework.web.servlet.mvc.method.annotation.RequestMappingHandlerAdapter.invokeHandlerMethod(RequestMappingHandlerAdapter.java:991) ~[spring-webmvc-6.2.19.jar:6.2.19]
	at org.springframework.web.servlet.mvc.method.annotation.RequestMappingHandlerAdapter.handleInternal(RequestMappingHandlerAdapter.java:896) ~[spring-webmvc-6.2.19.jar:6.2.19]
	at org.springframework.web.servlet.mvc.method.AbstractHandlerMethodAdapter.handle(AbstractHandlerMethodAdapter.java:87) ~[spring-webmvc-6.2.19.jar:6.2.19]
	at org.springframework.web.servlet.DispatcherServlet.doDispatch(DispatcherServlet.java:1089) ~[spring-webmvc-6.2.19.jar:6.2.19]
	at org.springframework.web.servlet.DispatcherServlet.doService(DispatcherServlet.java:979) ~[spring-webmvc-6.2.19.jar:6.2.19]
	at org.springframework.web.servlet.FrameworkServlet.processRequest(FrameworkServlet.java:1014) ~[spring-webmvc-6.2.19.jar:6.2.19]
	at org.springframework.web.servlet.FrameworkServlet.doGet(FrameworkServlet.java:903) ~[spring-webmvc-6.2.19.jar:6.2.19]
	at jakarta.servlet.http.HttpServlet.service(HttpServlet.java:564) ~[tomcat-embed-core-10.1.55.jar:6.0]
	at org.springframework.web.servlet.FrameworkServlet.service(FrameworkServlet.java:885) ~[spring-webmvc-6.2.19.jar:6.2.19]
	at jakarta.servlet.http.HttpServlet.service(HttpServlet.java:658) ~[tomcat-embed-core-10.1.55.jar:6.0]
	at org.apache.catalina.core.ApplicationFilterChain.internalDoFilter(ApplicationFilterChain.java:193) ~[tomcat-embed-core-10.1.55.jar:10.1.55]
	at org.apache.catalina.core.ApplicationFilterChain.doFilter(ApplicationFilterChain.java:138) ~[tomcat-embed-core-10.1.55.jar:10.1.55]
	at org.apache.tomcat.websocket.server.WsFilter.doFilter(WsFilter.java:51) ~[tomcat-embed-websocket-10.1.55.jar:10.1.55]
	at org.apache.catalina.core.ApplicationFilterChain.internalDoFilter(ApplicationFilterChain.java:162) ~[tomcat-embed-core-10.1.55.jar:10.1.55]
	at org.apache.catalina.core.ApplicationFilterChain.doFilter(ApplicationFilterChain.java:138) ~[tomcat-embed-core-10.1.55.jar:10.1.55]
	at org.springframework.web.filter.RequestContextFilter.doFilterInternal(RequestContextFilter.java:100) ~[spring-web-6.2.19.jar:6.2.19]
	at org.springframework.web.filter.OncePerRequestFilter.doFilter(OncePerRequestFilter.java:116) ~[spring-web-6.2.19.jar:6.2.19]
	at org.apache.catalina.core.ApplicationFilterChain.internalDoFilter(ApplicationFilterChain.java:162) ~[tomcat-embed-core-10.1.55.jar:10.1.55]
	at org.apache.catalina.core.ApplicationFilterChain.doFilter(ApplicationFilterChain.java:138) ~[tomcat-embed-core-10.1.55.jar:10.1.55]
	at org.springframework.web.filter.FormContentFilter.doFilterInternal(FormContentFilter.java:93) ~[spring-web-6.2.19.jar:6.2.19]
	at org.springframework.web.filter.OncePerRequestFilter.doFilter(OncePerRequestFilter.java:116) ~[spring-web-6.2.19.jar:6.2.19]
	at org.apache.catalina.core.ApplicationFilterChain.internalDoFilter(ApplicationFilterChain.java:162) ~[tomcat-embed-core-10.1.55.jar:10.1.55]
	at org.apache.catalina.core.ApplicationFilterChain.doFilter(ApplicationFilterChain.java:138) ~[tomcat-embed-core-10.1.55.jar:10.1.55]
	at org.springframework.web.filter.CharacterEncodingFilter.doFilterInternal(CharacterEncodingFilter.java:201) ~[spring-web-6.2.19.jar:6.2.19]
	at org.springframework.web.filter.OncePerRequestFilter.doFilter(OncePerRequestFilter.java:116) ~[spring-web-6.2.19.jar:6.2.19]
	at org.apache.catalina.core.ApplicationFilterChain.internalDoFilter(ApplicationFilterChain.java:162) ~[tomcat-embed-core-10.1.55.jar:10.1.55]
	at org.apache.catalina.core.ApplicationFilterChain.doFilter(ApplicationFilterChain.java:138) ~[tomcat-embed-core-10.1.55.jar:10.1.55]
	at org.apache.catalina.core.StandardWrapperValve.invoke(StandardWrapperValve.java:165) ~[tomcat-embed-core-10.1.55.jar:10.1.55]
	at org.apache.catalina.core.StandardContextValve.invoke(StandardContextValve.java:88) ~[tomcat-embed-core-10.1.55.jar:10.1.55]
	at org.apache.catalina.authenticator.AuthenticatorBase.invoke(AuthenticatorBase.java:492) ~[tomcat-embed-core-10.1.55.jar:10.1.55]
	at org.apache.catalina.core.StandardHostValve.invoke(StandardHostValve.java:113) ~[tomcat-embed-core-10.1.55.jar:10.1.55]
	at org.apache.catalina.valves.ErrorReportValve.invoke(ErrorReportValve.java:83) ~[tomcat-embed-core-10.1.55.jar:10.1.55]
	at org.apache.catalina.core.StandardEngineValve.invoke(StandardEngineValve.java:72) ~[tomcat-embed-core-10.1.55.jar:10.1.55]
	at org.apache.catalina.connector.CoyoteAdapter.service(CoyoteAdapter.java:342) ~[tomcat-embed-core-10.1.55.jar:10.1.55]
	at org.apache.coyote.http11.Http11Processor.service(Http11Processor.java:399) ~[tomcat-embed-core-10.1.55.jar:10.1.55]
	at org.apache.coyote.AbstractProcessorLight.process(AbstractProcessorLight.java:63) ~[tomcat-embed-core-10.1.55.jar:10.1.55]
	at org.apache.coyote.AbstractProtocol$ConnectionHandler.process(AbstractProtocol.java:1272) ~[tomcat-embed-core-10.1.55.jar:10.1.55]
	at org.apache.tomcat.util.net.NioEndpoint$SocketProcessor.doRun(NioEndpoint.java:1797) ~[tomcat-embed-core-10.1.55.jar:10.1.55]
	at org.apache.tomcat.util.net.SocketProcessorBase.run(SocketProcessorBase.java:52) ~[tomcat-embed-core-10.1.55.jar:10.1.55]
	at org.apache.tomcat.util.threads.ThreadPoolExecutor.runWorker(ThreadPoolExecutor.java:973) ~[tomcat-embed-core-10.1.55.jar:10.1.55]
	at org.apache.tomcat.util.threads.ThreadPoolExecutor$Worker.run(ThreadPoolExecutor.java:491) ~[tomcat-embed-core-10.1.55.jar:10.1.55]
	at org.apache.tomcat.util.threads.TaskThread$WrappingRunnable.run(TaskThread.java:63) ~[tomcat-embed-core-10.1.55.jar:10.1.55]
	at java.base/java.lang.Thread.run(Thread.java:1583) ~[na:na]
Caused by: java.lang.NumberFormatException: For input string: "null"
	at java.base/java.lang.NumberFormatException.forInputString(NumberFormatException.java:67) ~[na:na]
	at java.base/java.lang.Long.parseLong(Long.java:709) ~[na:na]
	at java.base/java.lang.Long.valueOf(Long.java:1157) ~[na:na]
	at org.springframework.util.NumberUtils.parseNumber(NumberUtils.java:204) ~[spring-core-6.2.19.jar:6.2.19]
	at org.springframework.beans.propertyeditors.CustomNumberEditor.setAsText(CustomNumberEditor.java:115) ~[spring-beans-6.2.19.jar:6.2.19]
	at org.springframework.beans.TypeConverterDelegate.doConvertTextValue(TypeConverterDelegate.java:439) ~[spring-beans-6.2.19.jar:6.2.19]
	at org.springframework.beans.TypeConverterDelegate.doConvertValue(TypeConverterDelegate.java:412) ~[spring-beans-6.2.19.jar:6.2.19]
	at org.springframework.beans.TypeConverterDelegate.convertIfNecessary(TypeConverterDelegate.java:161) ~[spring-beans-6.2.19.jar:6.2.19]
	at org.springframework.beans.TypeConverterSupport.convertIfNecessary(TypeConverterSupport.java:80) ~[spring-beans-6.2.19.jar:6.2.19]
	at org.springframework.beans.TypeConverterSupport.convertIfNecessary(TypeConverterSupport.java:53) ~[spring-beans-6.2.19.jar:6.2.19]
	at org.springframework.validation.DataBinder.convertIfNecessary(DataBinder.java:868) ~[spring-context-6.2.19.jar:6.2.19]
	at org.springframework.web.method.annotation.AbstractNamedValueMethodArgumentResolver.convertIfNecessary(AbstractNamedValueMethodArgumentResolver.java:293) ~[spring-web-6.2.19.jar:6.2.19]
	... 48 common frames omitted

2026-08-18T16:58:09.145+09:00 DEBUG 10884 --- [groupware] [nio-8080-exec-9] c.d.g.t.m.TaskMapper.findByIdNotDeleted  : ==>  Preparing: SELECT * FROM tasks WHERE id = ? AND is_deleted = false
2026-08-18T16:58:09.145+09:00 DEBUG 10884 --- [groupware] [nio-8080-exec-1] c.d.g.c.m.CategoryMapper.findByUserId    : ==>  Preparing: SELECT * FROM categories WHERE user_id = ? ORDER BY created_at DESC
2026-08-18T16:58:09.145+09:00 DEBUG 10884 --- [groupware] [nio-8080-exec-9] c.d.g.t.m.TaskMapper.findByIdNotDeleted  : ==> Parameters: 45(Long)
2026-08-18T16:58:09.146+09:00 DEBUG 10884 --- [groupware] [nio-8080-exec-1] c.d.g.c.m.CategoryMapper.findByUserId    : ==> Parameters: 1(Long)
2026-08-18T16:58:09.148+09:00 DEBUG 10884 --- [groupware] [nio-8080-exec-1] c.d.g.c.m.CategoryMapper.findByUserId    : <==      Total: 1
2026-08-18T16:58:09.149+09:00 DEBUG 10884 --- [groupware] [nio-8080-exec-9] c.d.g.t.m.TaskMapper.findByIdNotDeleted  : <==      Total: 1
2026-08-18T16:58:09.149+09:00 DEBUG 10884 --- [groupware] [nio-8080-exec-1] c.d.g.c.m.C.findByDepartmentId           : ==>  Preparing: SELECT * FROM categories WHERE department_id = ? ORDER BY created_at DESC
2026-08-18T16:58:09.150+09:00 DEBUG 10884 --- [groupware] [nio-8080-exec-1] c.d.g.c.m.C.findByDepartmentId           : ==> Parameters: 7(Long)
2026-08-18T16:58:09.152+09:00 DEBUG 10884 --- [groupware] [nio-8080-exec-1] c.d.g.c.m.C.findByDepartmentId           : <==      Total: 2
2026-08-18T16:58:11.978+09:00 DEBUG 10884 --- [groupware] [nio-8080-exec-2] c.d.g.n.m.N.countUnread                  : ==>  Preparing: SELECT COUNT(*) FROM notifications WHERE user_id = ? AND is_read = false
2026-08-18T16:58:11.979+09:00 DEBUG 10884 --- [groupware] [nio-8080-exec-2] c.d.g.n.m.N.countUnread                  : ==> Parameters: 1(Long)
2026-08-18T16:58:11.981+09:00 DEBUG 10884 --- [groupware] [nio-8080-exec-2] c.d.g.n.m.N.countUnread                  : <==      Total: 1
2026-08-18T16:58:12.410+09:00 DEBUG 10884 --- [groupware] [nio-8080-exec-4] c.d.g.t.mapper.TaskMapper.findMyTodos    : ==>  Preparing: SELECT * FROM tasks WHERE creator_id = ? AND task_type = 'TODO' AND is_deleted = false ORDER BY sort_order, created_at DESC
2026-08-18T16:58:12.410+09:00 DEBUG 10884 --- [groupware] [nio-8080-exec-6] c.d.g.c.m.CategoryMapper.findByUserId    : ==>  Preparing: SELECT * FROM categories WHERE user_id = ? ORDER BY created_at DESC
2026-08-18T16:58:12.411+09:00 DEBUG 10884 --- [groupware] [nio-8080-exec-6] c.d.g.c.m.CategoryMapper.findByUserId    : ==> Parameters: 1(Long)
2026-08-18T16:58:12.411+09:00 DEBUG 10884 --- [groupware] [nio-8080-exec-4] c.d.g.t.mapper.TaskMapper.findMyTodos    : ==> Parameters: 1(Long)
2026-08-18T16:58:12.411+09:00 DEBUG 10884 --- [groupware] [io-8080-exec-10] c.d.g.p.m.ProjectMapper.findByMemberId   : ==>  Preparing: SELECT p.* FROM projects p JOIN project_members pm ON p.id = pm.project_id WHERE pm.user_id = ? AND p.is_deleted = false ORDER BY p.created_at DESC
2026-08-18T16:58:12.411+09:00 DEBUG 10884 --- [groupware] [io-8080-exec-10] c.d.g.p.m.ProjectMapper.findByMemberId   : ==> Parameters: 1(Long)
2026-08-18T16:58:12.413+09:00 DEBUG 10884 --- [groupware] [nio-8080-exec-6] c.d.g.c.m.CategoryMapper.findByUserId    : <==      Total: 1
2026-08-18T16:58:12.413+09:00 DEBUG 10884 --- [groupware] [nio-8080-exec-6] c.d.g.c.m.C.findByDepartmentId           : ==>  Preparing: SELECT * FROM categories WHERE department_id = ? ORDER BY created_at DESC
2026-08-18T16:58:12.414+09:00 DEBUG 10884 --- [groupware] [nio-8080-exec-6] c.d.g.c.m.C.findByDepartmentId           : ==> Parameters: 7(Long)
2026-08-18T16:58:12.414+09:00 DEBUG 10884 --- [groupware] [nio-8080-exec-4] c.d.g.t.mapper.TaskMapper.findMyTodos    : <==      Total: 5
2026-08-18T16:58:12.414+09:00 DEBUG 10884 --- [groupware] [nio-8080-exec-4] c.d.g.t.m.TaskMapper.findAssignedTasks   : ==>  Preparing: SELECT DISTINCT t.* FROM tasks t JOIN task_assignees ta ON ta.task_id = t.id WHERE ta.user_id = ? AND t.task_type = 'WBS_TASK' AND t.is_deleted = false ORDER BY t.sort_order, t.end_date IS NULL, t.end_date, t.created_at DESC
2026-08-18T16:58:12.416+09:00 DEBUG 10884 --- [groupware] [nio-8080-exec-4] c.d.g.t.m.TaskMapper.findAssignedTasks   : ==> Parameters: 1(Long)
2026-08-18T16:58:12.417+09:00 DEBUG 10884 --- [groupware] [nio-8080-exec-6] c.d.g.c.m.C.findByDepartmentId           : <==      Total: 2
2026-08-18T16:58:12.417+09:00 DEBUG 10884 --- [groupware] [io-8080-exec-10] c.d.g.p.m.ProjectMapper.findByMemberId   : <==      Total: 3
2026-08-18T16:58:12.421+09:00 DEBUG 10884 --- [groupware] [nio-8080-exec-4] c.d.g.t.m.TaskMapper.findAssignedTasks   : <==      Total: 7
2026-08-18T16:58:12.421+09:00 DEBUG 10884 --- [groupware] [nio-8080-exec-4] c.d.g.p.m.P.findByProjectAndUser         : ==>  Preparing: SELECT * FROM project_members WHERE project_id = ? AND user_id = ?
2026-08-18T16:58:12.422+09:00 DEBUG 10884 --- [groupware] [nio-8080-exec-4] c.d.g.p.m.P.findByProjectAndUser         : ==> Parameters: 3(Long), 1(Long)
2026-08-18T16:58:12.426+09:00 DEBUG 10884 --- [groupware] [nio-8080-exec-4] c.d.g.p.m.P.findByProjectAndUser         : <==      Total: 1
2026-08-18T16:58:12.427+09:00 DEBUG 10884 --- [groupware] [nio-8080-exec-4] c.d.g.t.m.T.findUserIdsByTaskId          : ==>  Preparing: SELECT user_id FROM task_assignees WHERE task_id = ?
2026-08-18T16:58:12.428+09:00 DEBUG 10884 --- [groupware] [nio-8080-exec-4] c.d.g.t.m.T.findUserIdsByTaskId          : ==> Parameters: 12(Long)
2026-08-18T16:58:12.429+09:00 DEBUG 10884 --- [groupware] [nio-8080-exec-4] c.d.g.t.m.T.findUserIdsByTaskId          : <==      Total: 1
2026-08-18T16:58:12.430+09:00 DEBUG 10884 --- [groupware] [nio-8080-exec-4] c.d.g.p.m.P.findByProjectAndUser         : ==>  Preparing: SELECT * FROM project_members WHERE project_id = ? AND user_id = ?
2026-08-18T16:58:12.430+09:00 DEBUG 10884 --- [groupware] [nio-8080-exec-4] c.d.g.p.m.P.findByProjectAndUser         : ==> Parameters: 4(Long), 1(Long)
2026-08-18T16:58:12.432+09:00 DEBUG 10884 --- [groupware] [nio-8080-exec-4] c.d.g.p.m.P.findByProjectAndUser         : <==      Total: 1
2026-08-18T16:58:12.433+09:00 DEBUG 10884 --- [groupware] [nio-8080-exec-4] c.d.g.t.m.T.findUserIdsByTaskId          : ==>  Preparing: SELECT user_id FROM task_assignees WHERE task_id = ?
2026-08-18T16:58:12.433+09:00 DEBUG 10884 --- [groupware] [nio-8080-exec-4] c.d.g.t.m.T.findUserIdsByTaskId          : ==> Parameters: 29(Long)
2026-08-18T16:58:12.434+09:00 DEBUG 10884 --- [groupware] [nio-8080-exec-8] c.d.g.c.m.CategoryMapper.findByUserId    : ==>  Preparing: SELECT * FROM categories WHERE user_id = ? ORDER BY created_at DESC
2026-08-18T16:58:12.434+09:00 DEBUG 10884 --- [groupware] [nio-8080-exec-8] c.d.g.c.m.CategoryMapper.findByUserId    : ==> Parameters: 1(Long)
2026-08-18T16:58:12.435+09:00 DEBUG 10884 --- [groupware] [nio-8080-exec-4] c.d.g.t.m.T.findUserIdsByTaskId          : <==      Total: 1
2026-08-18T16:58:12.435+09:00 DEBUG 10884 --- [groupware] [nio-8080-exec-4] c.d.g.p.m.P.findByProjectAndUser         : ==>  Preparing: SELECT * FROM project_members WHERE project_id = ? AND user_id = ?
2026-08-18T16:58:12.435+09:00 DEBUG 10884 --- [groupware] [nio-8080-exec-4] c.d.g.p.m.P.findByProjectAndUser         : ==> Parameters: 3(Long), 1(Long)
2026-08-18T16:58:12.436+09:00 DEBUG 10884 --- [groupware] [nio-8080-exec-8] c.d.g.c.m.CategoryMapper.findByUserId    : <==      Total: 1
2026-08-18T16:58:12.437+09:00 DEBUG 10884 --- [groupware] [nio-8080-exec-8] c.d.g.c.m.C.findByDepartmentId           : ==>  Preparing: SELECT * FROM categories WHERE department_id = ? ORDER BY created_at DESC
2026-08-18T16:58:12.437+09:00 DEBUG 10884 --- [groupware] [nio-8080-exec-8] c.d.g.c.m.C.findByDepartmentId           : ==> Parameters: 7(Long)
2026-08-18T16:58:12.437+09:00 DEBUG 10884 --- [groupware] [nio-8080-exec-4] c.d.g.p.m.P.findByProjectAndUser         : <==      Total: 1
2026-08-18T16:58:12.437+09:00 DEBUG 10884 --- [groupware] [nio-8080-exec-4] c.d.g.t.m.T.findUserIdsByTaskId          : ==>  Preparing: SELECT user_id FROM task_assignees WHERE task_id = ?
2026-08-18T16:58:12.438+09:00 DEBUG 10884 --- [groupware] [nio-8080-exec-4] c.d.g.t.m.T.findUserIdsByTaskId          : ==> Parameters: 13(Long)
2026-08-18T16:58:12.438+09:00 DEBUG 10884 --- [groupware] [nio-8080-exec-3] c.d.g.p.m.ProjectMapper.findByMemberId   : ==>  Preparing: SELECT p.* FROM projects p JOIN project_members pm ON p.id = pm.project_id WHERE pm.user_id = ? AND p.is_deleted = false ORDER BY p.created_at DESC
2026-08-18T16:58:12.439+09:00 DEBUG 10884 --- [groupware] [nio-8080-exec-8] c.d.g.c.m.C.findByDepartmentId           : <==      Total: 2
2026-08-18T16:58:12.439+09:00 DEBUG 10884 --- [groupware] [nio-8080-exec-3] c.d.g.p.m.ProjectMapper.findByMemberId   : ==> Parameters: 1(Long)
2026-08-18T16:58:12.439+09:00 DEBUG 10884 --- [groupware] [nio-8080-exec-4] c.d.g.t.m.T.findUserIdsByTaskId          : <==      Total: 1
2026-08-18T16:58:12.440+09:00 DEBUG 10884 --- [groupware] [nio-8080-exec-4] c.d.g.p.m.P.findByProjectAndUser         : ==>  Preparing: SELECT * FROM project_members WHERE project_id = ? AND user_id = ?
2026-08-18T16:58:12.440+09:00 DEBUG 10884 --- [groupware] [nio-8080-exec-4] c.d.g.p.m.P.findByProjectAndUser         : ==> Parameters: 4(Long), 1(Long)
2026-08-18T16:58:12.441+09:00 DEBUG 10884 --- [groupware] [nio-8080-exec-3] c.d.g.p.m.ProjectMapper.findByMemberId   : <==      Total: 3
2026-08-18T16:58:12.442+09:00 DEBUG 10884 --- [groupware] [nio-8080-exec-4] c.d.g.p.m.P.findByProjectAndUser         : <==      Total: 1
2026-08-18T16:58:12.442+09:00 DEBUG 10884 --- [groupware] [nio-8080-exec-4] c.d.g.t.m.T.findUserIdsByTaskId          : ==>  Preparing: SELECT user_id FROM task_assignees WHERE task_id = ?
2026-08-18T16:58:12.442+09:00 DEBUG 10884 --- [groupware] [nio-8080-exec-4] c.d.g.t.m.T.findUserIdsByTaskId          : ==> Parameters: 27(Long)
2026-08-18T16:58:12.444+09:00 DEBUG 10884 --- [groupware] [nio-8080-exec-4] c.d.g.t.m.T.findUserIdsByTaskId          : <==      Total: 1
2026-08-18T16:58:12.444+09:00 DEBUG 10884 --- [groupware] [nio-8080-exec-4] c.d.g.p.m.P.findByProjectAndUser         : ==>  Preparing: SELECT * FROM project_members WHERE project_id = ? AND user_id = ?
2026-08-18T16:58:12.444+09:00 DEBUG 10884 --- [groupware] [nio-8080-exec-4] c.d.g.p.m.P.findByProjectAndUser         : ==> Parameters: 3(Long), 1(Long)
2026-08-18T16:58:12.446+09:00 DEBUG 10884 --- [groupware] [nio-8080-exec-4] c.d.g.p.m.P.findByProjectAndUser         : <==      Total: 1
2026-08-18T16:58:12.446+09:00 DEBUG 10884 --- [groupware] [nio-8080-exec-4] c.d.g.t.m.T.findUserIdsByTaskId          : ==>  Preparing: SELECT user_id FROM task_assignees WHERE task_id = ?
2026-08-18T16:58:12.447+09:00 DEBUG 10884 --- [groupware] [nio-8080-exec-4] c.d.g.t.m.T.findUserIdsByTaskId          : ==> Parameters: 16(Long)
2026-08-18T16:58:12.448+09:00 DEBUG 10884 --- [groupware] [nio-8080-exec-4] c.d.g.t.m.T.findUserIdsByTaskId          : <==      Total: 1
2026-08-18T16:58:12.449+09:00 DEBUG 10884 --- [groupware] [nio-8080-exec-4] c.d.g.p.m.P.findByProjectAndUser         : ==>  Preparing: SELECT * FROM project_members WHERE project_id = ? AND user_id = ?
2026-08-18T16:58:12.449+09:00 DEBUG 10884 --- [groupware] [nio-8080-exec-4] c.d.g.p.m.P.findByProjectAndUser         : ==> Parameters: 3(Long), 1(Long)
2026-08-18T16:58:12.450+09:00 DEBUG 10884 --- [groupware] [nio-8080-exec-4] c.d.g.p.m.P.findByProjectAndUser         : <==      Total: 1
2026-08-18T16:58:12.451+09:00 DEBUG 10884 --- [groupware] [nio-8080-exec-4] c.d.g.t.m.T.findUserIdsByTaskId          : ==>  Preparing: SELECT user_id FROM task_assignees WHERE task_id = ?
2026-08-18T16:58:12.451+09:00 DEBUG 10884 --- [groupware] [nio-8080-exec-4] c.d.g.t.m.T.findUserIdsByTaskId          : ==> Parameters: 20(Long)
2026-08-18T16:58:12.452+09:00 DEBUG 10884 --- [groupware] [nio-8080-exec-4] c.d.g.t.m.T.findUserIdsByTaskId          : <==      Total: 1
2026-08-18T16:58:12.453+09:00 DEBUG 10884 --- [groupware] [nio-8080-exec-4] c.d.g.p.m.P.findByProjectAndUser         : ==>  Preparing: SELECT * FROM project_members WHERE project_id = ? AND user_id = ?
2026-08-18T16:58:12.453+09:00 DEBUG 10884 --- [groupware] [nio-8080-exec-4] c.d.g.p.m.P.findByProjectAndUser         : ==> Parameters: 6(Long), 1(Long)
2026-08-18T16:58:12.454+09:00 DEBUG 10884 --- [groupware] [nio-8080-exec-4] c.d.g.p.m.P.findByProjectAndUser         : <==      Total: 1
2026-08-18T16:58:12.454+09:00 DEBUG 10884 --- [groupware] [nio-8080-exec-4] c.d.g.t.m.T.findUserIdsByTaskId          : ==>  Preparing: SELECT user_id FROM task_assignees WHERE task_id = ?
2026-08-18T16:58:12.454+09:00 DEBUG 10884 --- [groupware] [nio-8080-exec-4] c.d.g.t.m.T.findUserIdsByTaskId          : ==> Parameters: 64(Long)
2026-08-18T16:58:12.455+09:00 DEBUG 10884 --- [groupware] [nio-8080-exec-4] c.d.g.t.m.T.findUserIdsByTaskId          : <==      Total: 1
2026-08-18T16:58:12.469+09:00 DEBUG 10884 --- [groupware] [nio-8080-exec-5] c.d.g.t.mapper.TaskMapper.findMyTodos    : ==>  Preparing: SELECT * FROM tasks WHERE creator_id = ? AND task_type = 'TODO' AND is_deleted = false ORDER BY sort_order, created_at DESC
2026-08-18T16:58:12.470+09:00 DEBUG 10884 --- [groupware] [nio-8080-exec-5] c.d.g.t.mapper.TaskMapper.findMyTodos    : ==> Parameters: 1(Long)
2026-08-18T16:58:12.472+09:00 DEBUG 10884 --- [groupware] [nio-8080-exec-5] c.d.g.t.mapper.TaskMapper.findMyTodos    : <==      Total: 5
2026-08-18T16:58:12.473+09:00 DEBUG 10884 --- [groupware] [nio-8080-exec-5] c.d.g.t.m.TaskMapper.findAssignedTasks   : ==>  Preparing: SELECT DISTINCT t.* FROM tasks t JOIN task_assignees ta ON ta.task_id = t.id WHERE ta.user_id = ? AND t.task_type = 'WBS_TASK' AND t.is_deleted = false ORDER BY t.sort_order, t.end_date IS NULL, t.end_date, t.created_at DESC
2026-08-18T16:58:12.473+09:00 DEBUG 10884 --- [groupware] [nio-8080-exec-5] c.d.g.t.m.TaskMapper.findAssignedTasks   : ==> Parameters: 1(Long)
2026-08-18T16:58:12.476+09:00 DEBUG 10884 --- [groupware] [nio-8080-exec-5] c.d.g.t.m.TaskMapper.findAssignedTasks   : <==      Total: 7
2026-08-18T16:58:12.477+09:00 DEBUG 10884 --- [groupware] [nio-8080-exec-5] c.d.g.p.m.P.findByProjectAndUser         : ==>  Preparing: SELECT * FROM project_members WHERE project_id = ? AND user_id = ?
2026-08-18T16:58:12.478+09:00 DEBUG 10884 --- [groupware] [nio-8080-exec-5] c.d.g.p.m.P.findByProjectAndUser         : ==> Parameters: 3(Long), 1(Long)
2026-08-18T16:58:12.479+09:00 DEBUG 10884 --- [groupware] [nio-8080-exec-5] c.d.g.p.m.P.findByProjectAndUser         : <==      Total: 1
2026-08-18T16:58:12.480+09:00 DEBUG 10884 --- [groupware] [nio-8080-exec-5] c.d.g.t.m.T.findUserIdsByTaskId          : ==>  Preparing: SELECT user_id FROM task_assignees WHERE task_id = ?
2026-08-18T16:58:12.480+09:00 DEBUG 10884 --- [groupware] [nio-8080-exec-5] c.d.g.t.m.T.findUserIdsByTaskId          : ==> Parameters: 12(Long)
2026-08-18T16:58:12.481+09:00 DEBUG 10884 --- [groupware] [nio-8080-exec-5] c.d.g.t.m.T.findUserIdsByTaskId          : <==      Total: 1
2026-08-18T16:58:12.482+09:00 DEBUG 10884 --- [groupware] [nio-8080-exec-5] c.d.g.p.m.P.findByProjectAndUser         : ==>  Preparing: SELECT * FROM project_members WHERE project_id = ? AND user_id = ?
2026-08-18T16:58:12.482+09:00 DEBUG 10884 --- [groupware] [nio-8080-exec-5] c.d.g.p.m.P.findByProjectAndUser         : ==> Parameters: 4(Long), 1(Long)
2026-08-18T16:58:12.484+09:00 DEBUG 10884 --- [groupware] [nio-8080-exec-5] c.d.g.p.m.P.findByProjectAndUser         : <==      Total: 1
2026-08-18T16:58:12.484+09:00 DEBUG 10884 --- [groupware] [nio-8080-exec-5] c.d.g.t.m.T.findUserIdsByTaskId          : ==>  Preparing: SELECT user_id FROM task_assignees WHERE task_id = ?
2026-08-18T16:58:12.484+09:00 DEBUG 10884 --- [groupware] [nio-8080-exec-5] c.d.g.t.m.T.findUserIdsByTaskId          : ==> Parameters: 29(Long)
2026-08-18T16:58:12.485+09:00 DEBUG 10884 --- [groupware] [nio-8080-exec-5] c.d.g.t.m.T.findUserIdsByTaskId          : <==      Total: 1
2026-08-18T16:58:12.486+09:00 DEBUG 10884 --- [groupware] [nio-8080-exec-5] c.d.g.p.m.P.findByProjectAndUser         : ==>  Preparing: SELECT * FROM project_members WHERE project_id = ? AND user_id = ?
2026-08-18T16:58:12.486+09:00 DEBUG 10884 --- [groupware] [nio-8080-exec-5] c.d.g.p.m.P.findByProjectAndUser         : ==> Parameters: 3(Long), 1(Long)
2026-08-18T16:58:12.487+09:00 DEBUG 10884 --- [groupware] [nio-8080-exec-5] c.d.g.p.m.P.findByProjectAndUser         : <==      Total: 1
2026-08-18T16:58:12.487+09:00 DEBUG 10884 --- [groupware] [nio-8080-exec-5] c.d.g.t.m.T.findUserIdsByTaskId          : ==>  Preparing: SELECT user_id FROM task_assignees WHERE task_id = ?
2026-08-18T16:58:12.488+09:00 DEBUG 10884 --- [groupware] [nio-8080-exec-5] c.d.g.t.m.T.findUserIdsByTaskId          : ==> Parameters: 13(Long)
2026-08-18T16:58:12.489+09:00 DEBUG 10884 --- [groupware] [nio-8080-exec-5] c.d.g.t.m.T.findUserIdsByTaskId          : <==      Total: 1
2026-08-18T16:58:12.489+09:00 DEBUG 10884 --- [groupware] [nio-8080-exec-5] c.d.g.p.m.P.findByProjectAndUser         : ==>  Preparing: SELECT * FROM project_members WHERE project_id = ? AND user_id = ?
2026-08-18T16:58:12.489+09:00 DEBUG 10884 --- [groupware] [nio-8080-exec-5] c.d.g.p.m.P.findByProjectAndUser         : ==> Parameters: 4(Long), 1(Long)
2026-08-18T16:58:12.490+09:00 DEBUG 10884 --- [groupware] [nio-8080-exec-5] c.d.g.p.m.P.findByProjectAndUser         : <==      Total: 1
2026-08-18T16:58:12.490+09:00 DEBUG 10884 --- [groupware] [nio-8080-exec-5] c.d.g.t.m.T.findUserIdsByTaskId          : ==>  Preparing: SELECT user_id FROM task_assignees WHERE task_id = ?
2026-08-18T16:58:12.491+09:00 DEBUG 10884 --- [groupware] [nio-8080-exec-5] c.d.g.t.m.T.findUserIdsByTaskId          : ==> Parameters: 27(Long)
2026-08-18T16:58:12.491+09:00 DEBUG 10884 --- [groupware] [nio-8080-exec-5] c.d.g.t.m.T.findUserIdsByTaskId          : <==      Total: 1
2026-08-18T16:58:12.492+09:00 DEBUG 10884 --- [groupware] [nio-8080-exec-5] c.d.g.p.m.P.findByProjectAndUser         : ==>  Preparing: SELECT * FROM project_members WHERE project_id = ? AND user_id = ?
2026-08-18T16:58:12.492+09:00 DEBUG 10884 --- [groupware] [nio-8080-exec-5] c.d.g.p.m.P.findByProjectAndUser         : ==> Parameters: 3(Long), 1(Long)
2026-08-18T16:58:12.493+09:00 DEBUG 10884 --- [groupware] [nio-8080-exec-5] c.d.g.p.m.P.findByProjectAndUser         : <==      Total: 1
2026-08-18T16:58:12.493+09:00 DEBUG 10884 --- [groupware] [nio-8080-exec-5] c.d.g.t.m.T.findUserIdsByTaskId          : ==>  Preparing: SELECT user_id FROM task_assignees WHERE task_id = ?
2026-08-18T16:58:12.493+09:00 DEBUG 10884 --- [groupware] [nio-8080-exec-5] c.d.g.t.m.T.findUserIdsByTaskId          : ==> Parameters: 16(Long)
2026-08-18T16:58:12.494+09:00 DEBUG 10884 --- [groupware] [nio-8080-exec-5] c.d.g.t.m.T.findUserIdsByTaskId          : <==      Total: 1
2026-08-18T16:58:12.494+09:00 DEBUG 10884 --- [groupware] [nio-8080-exec-5] c.d.g.p.m.P.findByProjectAndUser         : ==>  Preparing: SELECT * FROM project_members WHERE project_id = ? AND user_id = ?
2026-08-18T16:58:12.495+09:00 DEBUG 10884 --- [groupware] [nio-8080-exec-5] c.d.g.p.m.P.findByProjectAndUser         : ==> Parameters: 3(Long), 1(Long)
2026-08-18T16:58:12.496+09:00 DEBUG 10884 --- [groupware] [nio-8080-exec-5] c.d.g.p.m.P.findByProjectAndUser         : <==      Total: 1
2026-08-18T16:58:12.496+09:00 DEBUG 10884 --- [groupware] [nio-8080-exec-5] c.d.g.t.m.T.findUserIdsByTaskId          : ==>  Preparing: SELECT user_id FROM task_assignees WHERE task_id = ?
2026-08-18T16:58:12.496+09:00 DEBUG 10884 --- [groupware] [nio-8080-exec-5] c.d.g.t.m.T.findUserIdsByTaskId          : ==> Parameters: 20(Long)
2026-08-18T16:58:12.497+09:00 DEBUG 10884 --- [groupware] [nio-8080-exec-5] c.d.g.t.m.T.findUserIdsByTaskId          : <==      Total: 1
2026-08-18T16:58:12.498+09:00 DEBUG 10884 --- [groupware] [nio-8080-exec-5] c.d.g.p.m.P.findByProjectAndUser         : ==>  Preparing: SELECT * FROM project_members WHERE project_id = ? AND user_id = ?
2026-08-18T16:58:12.498+09:00 DEBUG 10884 --- [groupware] [nio-8080-exec-5] c.d.g.p.m.P.findByProjectAndUser         : ==> Parameters: 6(Long), 1(Long)
2026-08-18T16:58:12.499+09:00 DEBUG 10884 --- [groupware] [nio-8080-exec-5] c.d.g.p.m.P.findByProjectAndUser         : <==      Total: 1
2026-08-18T16:58:12.500+09:00 DEBUG 10884 --- [groupware] [nio-8080-exec-5] c.d.g.t.m.T.findUserIdsByTaskId          : ==>  Preparing: SELECT user_id FROM task_assignees WHERE task_id = ?
2026-08-18T16:58:12.500+09:00 DEBUG 10884 --- [groupware] [nio-8080-exec-5] c.d.g.t.m.T.findUserIdsByTaskId          : ==> Parameters: 64(Long)
2026-08-18T16:58:12.501+09:00 DEBUG 10884 --- [groupware] [nio-8080-exec-5] c.d.g.t.m.T.findUserIdsByTaskId          : <==      Total: 1
2026-08-18T16:58:16.980+09:00 DEBUG 10884 --- [groupware] [nio-8080-exec-7] c.d.g.n.m.N.countUnread                  : ==>  Preparing: SELECT COUNT(*) FROM notifications WHERE user_id = ? AND is_read = false
2026-08-18T16:58:16.980+09:00 DEBUG 10884 --- [groupware] [nio-8080-exec-7] c.d.g.n.m.N.countUnread                  : ==> Parameters: 1(Long)
2026-08-18T16:58:16.983+09:00 DEBUG 10884 --- [groupware] [nio-8080-exec-7] c.d.g.n.m.N.countUnread                  : <==      Total: 1
2026-08-18T16:58:18.220+09:00 DEBUG 10884 --- [groupware] [nio-8080-exec-9] c.d.g.t.mapper.TaskMapper.findMyTodos    : ==>  Preparing: SELECT * FROM tasks WHERE creator_id = ? AND task_type = 'TODO' AND is_deleted = false AND (start_date IS NULL OR start_date <= ?) AND (end_date IS NULL OR end_date >= ?) ORDER BY sort_order, created_at DESC
2026-08-18T16:58:18.221+09:00 DEBUG 10884 --- [groupware] [nio-8080-exec-9] c.d.g.t.mapper.TaskMapper.findMyTodos    : ==> Parameters: 1(Long), 2026-08-18T23:59:59(LocalDateTime), 2026-08-18T00:00(LocalDateTime)
2026-08-18T16:58:18.226+09:00 DEBUG 10884 --- [groupware] [nio-8080-exec-9] c.d.g.t.mapper.TaskMapper.findMyTodos    : <==      Total: 5
2026-08-18T16:58:18.228+09:00 DEBUG 10884 --- [groupware] [nio-8080-exec-9] c.d.g.t.m.TaskMapper.findAssignedTasks   : ==>  Preparing: SELECT DISTINCT t.* FROM tasks t JOIN task_assignees ta ON ta.task_id = t.id WHERE ta.user_id = ? AND t.task_type = 'WBS_TASK' AND t.is_deleted = false AND (t.start_date IS NULL OR t.start_date <= ?) AND (t.end_date IS NULL OR t.end_date >= ?) ORDER BY t.sort_order, t.end_date IS NULL, t.end_date, t.created_at DESC
2026-08-18T16:58:18.229+09:00 DEBUG 10884 --- [groupware] [nio-8080-exec-9] c.d.g.t.m.TaskMapper.findAssignedTasks   : ==> Parameters: 1(Long), 2026-08-18T23:59:59(LocalDateTime), 2026-08-18T00:00(LocalDateTime)
2026-08-18T16:58:18.234+09:00 DEBUG 10884 --- [groupware] [nio-8080-exec-9] c.d.g.t.m.TaskMapper.findAssignedTasks   : <==      Total: 3
2026-08-18T16:58:18.235+09:00 DEBUG 10884 --- [groupware] [nio-8080-exec-9] c.d.g.p.m.P.findByProjectAndUser         : ==>  Preparing: SELECT * FROM project_members WHERE project_id = ? AND user_id = ?
2026-08-18T16:58:18.235+09:00 DEBUG 10884 --- [groupware] [nio-8080-exec-9] c.d.g.p.m.P.findByProjectAndUser         : ==> Parameters: 4(Long), 1(Long)
2026-08-18T16:58:18.237+09:00 DEBUG 10884 --- [groupware] [nio-8080-exec-9] c.d.g.p.m.P.findByProjectAndUser         : <==      Total: 1
2026-08-18T16:58:18.238+09:00 DEBUG 10884 --- [groupware] [nio-8080-exec-9] c.d.g.t.m.T.findUserIdsByTaskId          : ==>  Preparing: SELECT user_id FROM task_assignees WHERE task_id = ?
2026-08-18T16:58:18.239+09:00 DEBUG 10884 --- [groupware] [nio-8080-exec-9] c.d.g.t.m.T.findUserIdsByTaskId          : ==> Parameters: 29(Long)
2026-08-18T16:58:18.241+09:00 DEBUG 10884 --- [groupware] [nio-8080-exec-9] c.d.g.t.m.T.findUserIdsByTaskId          : <==      Total: 1
2026-08-18T16:58:18.242+09:00 DEBUG 10884 --- [groupware] [nio-8080-exec-9] c.d.g.p.m.P.findByProjectAndUser         : ==>  Preparing: SELECT * FROM project_members WHERE project_id = ? AND user_id = ?
2026-08-18T16:58:18.242+09:00 DEBUG 10884 --- [groupware] [nio-8080-exec-9] c.d.g.p.m.P.findByProjectAndUser         : ==> Parameters: 3(Long), 1(Long)
2026-08-18T16:58:18.244+09:00 DEBUG 10884 --- [groupware] [nio-8080-exec-9] c.d.g.p.m.P.findByProjectAndUser         : <==      Total: 1
2026-08-18T16:58:18.245+09:00 DEBUG 10884 --- [groupware] [nio-8080-exec-9] c.d.g.t.m.T.findUserIdsByTaskId          : ==>  Preparing: SELECT user_id FROM task_assignees WHERE task_id = ?
2026-08-18T16:58:18.245+09:00 DEBUG 10884 --- [groupware] [nio-8080-exec-9] c.d.g.t.m.T.findUserIdsByTaskId          : ==> Parameters: 16(Long)
2026-08-18T16:58:18.247+09:00 DEBUG 10884 --- [groupware] [nio-8080-exec-9] c.d.g.t.m.T.findUserIdsByTaskId          : <==      Total: 1
2026-08-18T16:58:18.247+09:00 DEBUG 10884 --- [groupware] [nio-8080-exec-9] c.d.g.p.m.P.findByProjectAndUser         : ==>  Preparing: SELECT * FROM project_members WHERE project_id = ? AND user_id = ?
2026-08-18T16:58:18.247+09:00 DEBUG 10884 --- [groupware] [nio-8080-exec-9] c.d.g.p.m.P.findByProjectAndUser         : ==> Parameters: 6(Long), 1(Long)
2026-08-18T16:58:18.249+09:00 DEBUG 10884 --- [groupware] [nio-8080-exec-9] c.d.g.p.m.P.findByProjectAndUser         : <==      Total: 1
2026-08-18T16:58:18.250+09:00 DEBUG 10884 --- [groupware] [nio-8080-exec-9] c.d.g.t.m.T.findUserIdsByTaskId          : ==>  Preparing: SELECT user_id FROM task_assignees WHERE task_id = ?
2026-08-18T16:58:18.250+09:00 DEBUG 10884 --- [groupware] [nio-8080-exec-9] c.d.g.t.m.T.findUserIdsByTaskId          : ==> Parameters: 64(Long)
2026-08-18T16:58:18.251+09:00 DEBUG 10884 --- [groupware] [nio-8080-exec-9] c.d.g.t.m.T.findUserIdsByTaskId          : <==      Total: 1
2026-08-18T16:58:18.865+09:00 DEBUG 10884 --- [groupware] [nio-8080-exec-1] c.d.g.t.mapper.TaskMapper.findMyTodos    : ==>  Preparing: SELECT * FROM tasks WHERE creator_id = ? AND task_type = 'TODO' AND is_deleted = false ORDER BY sort_order, created_at DESC
2026-08-18T16:58:18.865+09:00 DEBUG 10884 --- [groupware] [nio-8080-exec-1] c.d.g.t.mapper.TaskMapper.findMyTodos    : ==> Parameters: 1(Long)
2026-08-18T16:58:18.871+09:00 DEBUG 10884 --- [groupware] [nio-8080-exec-1] c.d.g.t.mapper.TaskMapper.findMyTodos    : <==      Total: 5
2026-08-18T16:58:18.872+09:00 DEBUG 10884 --- [groupware] [nio-8080-exec-1] c.d.g.t.m.TaskMapper.findAssignedTasks   : ==>  Preparing: SELECT DISTINCT t.* FROM tasks t JOIN task_assignees ta ON ta.task_id = t.id WHERE ta.user_id = ? AND t.task_type = 'WBS_TASK' AND t.is_deleted = false ORDER BY t.sort_order, t.end_date IS NULL, t.end_date, t.created_at DESC
2026-08-18T16:58:18.873+09:00 DEBUG 10884 --- [groupware] [nio-8080-exec-1] c.d.g.t.m.TaskMapper.findAssignedTasks   : ==> Parameters: 1(Long)
2026-08-18T16:58:18.878+09:00 DEBUG 10884 --- [groupware] [nio-8080-exec-1] c.d.g.t.m.TaskMapper.findAssignedTasks   : <==      Total: 7
2026-08-18T16:58:18.879+09:00 DEBUG 10884 --- [groupware] [nio-8080-exec-1] c.d.g.p.m.P.findByProjectAndUser         : ==>  Preparing: SELECT * FROM project_members WHERE project_id = ? AND user_id = ?
2026-08-18T16:58:18.879+09:00 DEBUG 10884 --- [groupware] [nio-8080-exec-1] c.d.g.p.m.P.findByProjectAndUser         : ==> Parameters: 3(Long), 1(Long)
2026-08-18T16:58:18.882+09:00 DEBUG 10884 --- [groupware] [nio-8080-exec-1] c.d.g.p.m.P.findByProjectAndUser         : <==      Total: 1
2026-08-18T16:58:18.883+09:00 DEBUG 10884 --- [groupware] [nio-8080-exec-1] c.d.g.t.m.T.findUserIdsByTaskId          : ==>  Preparing: SELECT user_id FROM task_assignees WHERE task_id = ?
2026-08-18T16:58:18.883+09:00 DEBUG 10884 --- [groupware] [nio-8080-exec-1] c.d.g.t.m.T.findUserIdsByTaskId          : ==> Parameters: 12(Long)
2026-08-18T16:58:18.885+09:00 DEBUG 10884 --- [groupware] [nio-8080-exec-1] c.d.g.t.m.T.findUserIdsByTaskId          : <==      Total: 1
2026-08-18T16:58:18.886+09:00 DEBUG 10884 --- [groupware] [nio-8080-exec-1] c.d.g.p.m.P.findByProjectAndUser         : ==>  Preparing: SELECT * FROM project_members WHERE project_id = ? AND user_id = ?
2026-08-18T16:58:18.886+09:00 DEBUG 10884 --- [groupware] [nio-8080-exec-1] c.d.g.p.m.P.findByProjectAndUser         : ==> Parameters: 4(Long), 1(Long)
2026-08-18T16:58:18.888+09:00 DEBUG 10884 --- [groupware] [nio-8080-exec-1] c.d.g.p.m.P.findByProjectAndUser         : <==      Total: 1
2026-08-18T16:58:18.889+09:00 DEBUG 10884 --- [groupware] [nio-8080-exec-1] c.d.g.t.m.T.findUserIdsByTaskId          : ==>  Preparing: SELECT user_id FROM task_assignees WHERE task_id = ?
2026-08-18T16:58:18.889+09:00 DEBUG 10884 --- [groupware] [nio-8080-exec-1] c.d.g.t.m.T.findUserIdsByTaskId          : ==> Parameters: 29(Long)
2026-08-18T16:58:18.891+09:00 DEBUG 10884 --- [groupware] [nio-8080-exec-1] c.d.g.t.m.T.findUserIdsByTaskId          : <==      Total: 1
2026-08-18T16:58:18.891+09:00 DEBUG 10884 --- [groupware] [nio-8080-exec-1] c.d.g.p.m.P.findByProjectAndUser         : ==>  Preparing: SELECT * FROM project_members WHERE project_id = ? AND user_id = ?
2026-08-18T16:58:18.892+09:00 DEBUG 10884 --- [groupware] [nio-8080-exec-1] c.d.g.p.m.P.findByProjectAndUser         : ==> Parameters: 3(Long), 1(Long)
2026-08-18T16:58:18.893+09:00 DEBUG 10884 --- [groupware] [nio-8080-exec-1] c.d.g.p.m.P.findByProjectAndUser         : <==      Total: 1
2026-08-18T16:58:18.894+09:00 DEBUG 10884 --- [groupware] [nio-8080-exec-1] c.d.g.t.m.T.findUserIdsByTaskId          : ==>  Preparing: SELECT user_id FROM task_assignees WHERE task_id = ?
2026-08-18T16:58:18.894+09:00 DEBUG 10884 --- [groupware] [nio-8080-exec-1] c.d.g.t.m.T.findUserIdsByTaskId          : ==> Parameters: 13(Long)
2026-08-18T16:58:18.896+09:00 DEBUG 10884 --- [groupware] [nio-8080-exec-1] c.d.g.t.m.T.findUserIdsByTaskId          : <==      Total: 1
2026-08-18T16:58:18.896+09:00 DEBUG 10884 --- [groupware] [nio-8080-exec-1] c.d.g.p.m.P.findByProjectAndUser         : ==>  Preparing: SELECT * FROM project_members WHERE project_id = ? AND user_id = ?
2026-08-18T16:58:18.896+09:00 DEBUG 10884 --- [groupware] [nio-8080-exec-1] c.d.g.p.m.P.findByProjectAndUser         : ==> Parameters: 4(Long), 1(Long)
2026-08-18T16:58:18.898+09:00 DEBUG 10884 --- [groupware] [nio-8080-exec-1] c.d.g.p.m.P.findByProjectAndUser         : <==      Total: 1
2026-08-18T16:58:18.898+09:00 DEBUG 10884 --- [groupware] [nio-8080-exec-1] c.d.g.t.m.T.findUserIdsByTaskId          : ==>  Preparing: SELECT user_id FROM task_assignees WHERE task_id = ?
2026-08-18T16:58:18.898+09:00 DEBUG 10884 --- [groupware] [nio-8080-exec-1] c.d.g.t.m.T.findUserIdsByTaskId          : ==> Parameters: 27(Long)
2026-08-18T16:58:18.900+09:00 DEBUG 10884 --- [groupware] [nio-8080-exec-1] c.d.g.t.m.T.findUserIdsByTaskId          : <==      Total: 1
2026-08-18T16:58:18.901+09:00 DEBUG 10884 --- [groupware] [nio-8080-exec-1] c.d.g.p.m.P.findByProjectAndUser         : ==>  Preparing: SELECT * FROM project_members WHERE project_id = ? AND user_id = ?
2026-08-18T16:58:18.902+09:00 DEBUG 10884 --- [groupware] [nio-8080-exec-1] c.d.g.p.m.P.findByProjectAndUser         : ==> Parameters: 3(Long), 1(Long)
2026-08-18T16:58:18.904+09:00 DEBUG 10884 --- [groupware] [nio-8080-exec-1] c.d.g.p.m.P.findByProjectAndUser         : <==      Total: 1
2026-08-18T16:58:18.905+09:00 DEBUG 10884 --- [groupware] [nio-8080-exec-1] c.d.g.t.m.T.findUserIdsByTaskId          : ==>  Preparing: SELECT user_id FROM task_assignees WHERE task_id = ?
2026-08-18T16:58:18.905+09:00 DEBUG 10884 --- [groupware] [nio-8080-exec-1] c.d.g.t.m.T.findUserIdsByTaskId          : ==> Parameters: 16(Long)
2026-08-18T16:58:18.907+09:00 DEBUG 10884 --- [groupware] [nio-8080-exec-1] c.d.g.t.m.T.findUserIdsByTaskId          : <==      Total: 1
2026-08-18T16:58:18.907+09:00 DEBUG 10884 --- [groupware] [nio-8080-exec-1] c.d.g.p.m.P.findByProjectAndUser         : ==>  Preparing: SELECT * FROM project_members WHERE project_id = ? AND user_id = ?
2026-08-18T16:58:18.908+09:00 DEBUG 10884 --- [groupware] [nio-8080-exec-1] c.d.g.p.m.P.findByProjectAndUser         : ==> Parameters: 3(Long), 1(Long)
2026-08-18T16:58:18.910+09:00 DEBUG 10884 --- [groupware] [nio-8080-exec-1] c.d.g.p.m.P.findByProjectAndUser         : <==      Total: 1
2026-08-18T16:58:18.910+09:00 DEBUG 10884 --- [groupware] [nio-8080-exec-1] c.d.g.t.m.T.findUserIdsByTaskId          : ==>  Preparing: SELECT user_id FROM task_assignees WHERE task_id = ?
2026-08-18T16:58:18.911+09:00 DEBUG 10884 --- [groupware] [nio-8080-exec-1] c.d.g.t.m.T.findUserIdsByTaskId          : ==> Parameters: 20(Long)
2026-08-18T16:58:18.912+09:00 DEBUG 10884 --- [groupware] [nio-8080-exec-1] c.d.g.t.m.T.findUserIdsByTaskId          : <==      Total: 1
2026-08-18T16:58:18.913+09:00 DEBUG 10884 --- [groupware] [nio-8080-exec-1] c.d.g.p.m.P.findByProjectAndUser         : ==>  Preparing: SELECT * FROM project_members WHERE project_id = ? AND user_id = ?
2026-08-18T16:58:18.913+09:00 DEBUG 10884 --- [groupware] [nio-8080-exec-1] c.d.g.p.m.P.findByProjectAndUser         : ==> Parameters: 6(Long), 1(Long)
2026-08-18T16:58:18.915+09:00 DEBUG 10884 --- [groupware] [nio-8080-exec-1] c.d.g.p.m.P.findByProjectAndUser         : <==      Total: 1
2026-08-18T16:58:18.915+09:00 DEBUG 10884 --- [groupware] [nio-8080-exec-1] c.d.g.t.m.T.findUserIdsByTaskId          : ==>  Preparing: SELECT user_id FROM task_assignees WHERE task_id = ?
2026-08-18T16:58:18.916+09:00 DEBUG 10884 --- [groupware] [nio-8080-exec-1] c.d.g.t.m.T.findUserIdsByTaskId          : ==> Parameters: 64(Long)
2026-08-18T16:58:18.917+09:00 DEBUG 10884 --- [groupware] [nio-8080-exec-1] c.d.g.t.m.T.findUserIdsByTaskId          : <==      Total: 1
2026-08-18T16:58:19.449+09:00 DEBUG 10884 --- [groupware] [nio-8080-exec-2] c.d.g.t.mapper.TaskMapper.findMyTodos    : ==>  Preparing: SELECT * FROM tasks WHERE creator_id = ? AND task_type = 'TODO' AND is_deleted = false AND (start_date IS NULL OR start_date <= ?) AND (end_date IS NULL OR end_date >= ?) ORDER BY sort_order, created_at DESC
2026-08-18T16:58:19.450+09:00 DEBUG 10884 --- [groupware] [nio-8080-exec-2] c.d.g.t.mapper.TaskMapper.findMyTodos    : ==> Parameters: 1(Long), 2026-08-18T23:59:59(LocalDateTime), 2026-08-18T00:00(LocalDateTime)
2026-08-18T16:58:19.454+09:00 DEBUG 10884 --- [groupware] [nio-8080-exec-2] c.d.g.t.mapper.TaskMapper.findMyTodos    : <==      Total: 5
2026-08-18T16:58:19.455+09:00 DEBUG 10884 --- [groupware] [nio-8080-exec-2] c.d.g.t.m.TaskMapper.findAssignedTasks   : ==>  Preparing: SELECT DISTINCT t.* FROM tasks t JOIN task_assignees ta ON ta.task_id = t.id WHERE ta.user_id = ? AND t.task_type = 'WBS_TASK' AND t.is_deleted = false AND (t.start_date IS NULL OR t.start_date <= ?) AND (t.end_date IS NULL OR t.end_date >= ?) ORDER BY t.sort_order, t.end_date IS NULL, t.end_date, t.created_at DESC
2026-08-18T16:58:19.456+09:00 DEBUG 10884 --- [groupware] [nio-8080-exec-2] c.d.g.t.m.TaskMapper.findAssignedTasks   : ==> Parameters: 1(Long), 2026-08-18T23:59:59(LocalDateTime), 2026-08-18T00:00(LocalDateTime)
2026-08-18T16:58:19.461+09:00 DEBUG 10884 --- [groupware] [nio-8080-exec-2] c.d.g.t.m.TaskMapper.findAssignedTasks   : <==      Total: 3
2026-08-18T16:58:19.462+09:00 DEBUG 10884 --- [groupware] [nio-8080-exec-2] c.d.g.p.m.P.findByProjectAndUser         : ==>  Preparing: SELECT * FROM project_members WHERE project_id = ? AND user_id = ?
2026-08-18T16:58:19.462+09:00 DEBUG 10884 --- [groupware] [nio-8080-exec-2] c.d.g.p.m.P.findByProjectAndUser         : ==> Parameters: 4(Long), 1(Long)
2026-08-18T16:58:19.465+09:00 DEBUG 10884 --- [groupware] [nio-8080-exec-2] c.d.g.p.m.P.findByProjectAndUser         : <==      Total: 1
2026-08-18T16:58:19.465+09:00 DEBUG 10884 --- [groupware] [nio-8080-exec-2] c.d.g.t.m.T.findUserIdsByTaskId          : ==>  Preparing: SELECT user_id FROM task_assignees WHERE task_id = ?
2026-08-18T16:58:19.466+09:00 DEBUG 10884 --- [groupware] [nio-8080-exec-2] c.d.g.t.m.T.findUserIdsByTaskId          : ==> Parameters: 29(Long)
2026-08-18T16:58:19.468+09:00 DEBUG 10884 --- [groupware] [nio-8080-exec-2] c.d.g.t.m.T.findUserIdsByTaskId          : <==      Total: 1
2026-08-18T16:58:19.469+09:00 DEBUG 10884 --- [groupware] [nio-8080-exec-2] c.d.g.p.m.P.findByProjectAndUser         : ==>  Preparing: SELECT * FROM project_members WHERE project_id = ? AND user_id = ?
2026-08-18T16:58:19.469+09:00 DEBUG 10884 --- [groupware] [nio-8080-exec-2] c.d.g.p.m.P.findByProjectAndUser         : ==> Parameters: 3(Long), 1(Long)
2026-08-18T16:58:19.471+09:00 DEBUG 10884 --- [groupware] [nio-8080-exec-2] c.d.g.p.m.P.findByProjectAndUser         : <==      Total: 1
2026-08-18T16:58:19.472+09:00 DEBUG 10884 --- [groupware] [nio-8080-exec-2] c.d.g.t.m.T.findUserIdsByTaskId          : ==>  Preparing: SELECT user_id FROM task_assignees WHERE task_id = ?
2026-08-18T16:58:19.473+09:00 DEBUG 10884 --- [groupware] [nio-8080-exec-2] c.d.g.t.m.T.findUserIdsByTaskId          : ==> Parameters: 16(Long)
2026-08-18T16:58:19.474+09:00 DEBUG 10884 --- [groupware] [nio-8080-exec-2] c.d.g.t.m.T.findUserIdsByTaskId          : <==      Total: 1
2026-08-18T16:58:19.475+09:00 DEBUG 10884 --- [groupware] [nio-8080-exec-2] c.d.g.p.m.P.findByProjectAndUser         : ==>  Preparing: SELECT * FROM project_members WHERE project_id = ? AND user_id = ?
2026-08-18T16:58:19.475+09:00 DEBUG 10884 --- [groupware] [nio-8080-exec-2] c.d.g.p.m.P.findByProjectAndUser         : ==> Parameters: 6(Long), 1(Long)
2026-08-18T16:58:19.477+09:00 DEBUG 10884 --- [groupware] [nio-8080-exec-2] c.d.g.p.m.P.findByProjectAndUser         : <==      Total: 1
2026-08-18T16:58:19.478+09:00 DEBUG 10884 --- [groupware] [nio-8080-exec-2] c.d.g.t.m.T.findUserIdsByTaskId          : ==>  Preparing: SELECT user_id FROM task_assignees WHERE task_id = ?
2026-08-18T16:58:19.478+09:00 DEBUG 10884 --- [groupware] [nio-8080-exec-2] c.d.g.t.m.T.findUserIdsByTaskId          : ==> Parameters: 64(Long)
2026-08-18T16:58:19.480+09:00 DEBUG 10884 --- [groupware] [nio-8080-exec-2] c.d.g.t.m.T.findUserIdsByTaskId          : <==      Total: 1
2026-08-18T16:58:21.991+09:00 DEBUG 10884 --- [groupware] [nio-8080-exec-6] c.d.g.n.m.N.countUnread                  : ==>  Preparing: SELECT COUNT(*) FROM notifications WHERE user_id = ? AND is_read = false
2026-08-18T16:58:21.992+09:00 DEBUG 10884 --- [groupware] [nio-8080-exec-6] c.d.g.n.m.N.countUnread                  : ==> Parameters: 1(Long)
2026-08-18T16:58:21.995+09:00 DEBUG 10884 --- [groupware] [nio-8080-exec-6] c.d.g.n.m.N.countUnread                  : <==      Total: 1
2026-08-18T16:58:25.653+09:00 DEBUG 10884 --- [groupware] [io-8080-exec-10] c.d.g.t.m.TaskMapper.searchCalendar      : ==>  Preparing: SELECT DISTINCT t.* FROM tasks t LEFT JOIN task_assignees ta ON t.id = ta.task_id WHERE t.is_deleted = false AND ( (t.task_type = 'EVENT' AND ( t.creator_id = ? OR ta.user_id = ? )) OR (t.task_type = 'WBS_TASK' AND NOT EXISTS ( SELECT 1 FROM tasks c WHERE c.parent_task_id = t.id AND c.is_deleted = false ) AND ta.user_id = ? ) OR (t.task_type = 'TODO' AND t.creator_id = ?) ) AND t.start_date <= ? AND t.end_date >= ? ORDER BY t.start_date LIMIT 500
2026-08-18T16:58:25.654+09:00 DEBUG 10884 --- [groupware] [io-8080-exec-10] c.d.g.t.m.TaskMapper.searchCalendar      : ==> Parameters: 1(Long), 1(Long), 1(Long), 1(Long), 2026-09-06T00:00(LocalDateTime), 2026-07-26T00:00(LocalDateTime)
2026-08-18T16:58:25.660+09:00 DEBUG 10884 --- [groupware] [io-8080-exec-10] c.d.g.t.m.TaskMapper.searchCalendar      : <==      Total: 9
2026-08-18T16:58:25.661+09:00 DEBUG 10884 --- [groupware] [io-8080-exec-10] c.d.g.p.m.P.findByProjectAndUser         : ==>  Preparing: SELECT * FROM project_members WHERE project_id = ? AND user_id = ?
2026-08-18T16:58:25.661+09:00 DEBUG 10884 --- [groupware] [io-8080-exec-10] c.d.g.p.m.P.findByProjectAndUser         : ==> Parameters: 3(Long), 1(Long)
2026-08-18T16:58:25.663+09:00 DEBUG 10884 --- [groupware] [io-8080-exec-10] c.d.g.p.m.P.findByProjectAndUser         : <==      Total: 1
2026-08-18T16:58:25.663+09:00 DEBUG 10884 --- [groupware] [nio-8080-exec-8] c.d.g.c.m.CategoryMapper.findByUserId    : ==>  Preparing: SELECT * FROM categories WHERE user_id = ? ORDER BY created_at DESC
2026-08-18T16:58:25.664+09:00 DEBUG 10884 --- [groupware] [io-8080-exec-10] c.d.g.p.m.P.findByProjectAndUser         : ==>  Preparing: SELECT * FROM project_members WHERE project_id = ? AND user_id = ?
2026-08-18T16:58:25.664+09:00 DEBUG 10884 --- [groupware] [io-8080-exec-10] c.d.g.p.m.P.findByProjectAndUser         : ==> Parameters: 3(Long), 1(Long)
2026-08-18T16:58:25.664+09:00 DEBUG 10884 --- [groupware] [nio-8080-exec-8] c.d.g.c.m.CategoryMapper.findByUserId    : ==> Parameters: 1(Long)
2026-08-18T16:58:25.666+09:00 DEBUG 10884 --- [groupware] [nio-8080-exec-8] c.d.g.c.m.CategoryMapper.findByUserId    : <==      Total: 1
2026-08-18T16:58:25.666+09:00 DEBUG 10884 --- [groupware] [io-8080-exec-10] c.d.g.p.m.P.findByProjectAndUser         : <==      Total: 1
2026-08-18T16:58:25.666+09:00 DEBUG 10884 --- [groupware] [nio-8080-exec-8] c.d.g.c.m.C.findByDepartmentId           : ==>  Preparing: SELECT * FROM categories WHERE department_id = ? ORDER BY created_at DESC
2026-08-18T16:58:25.667+09:00 DEBUG 10884 --- [groupware] [nio-8080-exec-8] c.d.g.c.m.C.findByDepartmentId           : ==> Parameters: 7(Long)
2026-08-18T16:58:25.667+09:00 DEBUG 10884 --- [groupware] [io-8080-exec-10] c.d.g.p.m.P.findByProjectAndUser         : ==>  Preparing: SELECT * FROM project_members WHERE project_id = ? AND user_id = ?
2026-08-18T16:58:25.667+09:00 DEBUG 10884 --- [groupware] [io-8080-exec-10] c.d.g.p.m.P.findByProjectAndUser         : ==> Parameters: 4(Long), 1(Long)
2026-08-18T16:58:25.669+09:00 DEBUG 10884 --- [groupware] [nio-8080-exec-8] c.d.g.c.m.C.findByDepartmentId           : <==      Total: 2
2026-08-18T16:58:25.669+09:00 DEBUG 10884 --- [groupware] [io-8080-exec-10] c.d.g.p.m.P.findByProjectAndUser         : <==      Total: 1
2026-08-18T16:58:25.669+09:00 DEBUG 10884 --- [groupware] [io-8080-exec-10] c.d.g.p.m.P.findByProjectAndUser         : ==>  Preparing: SELECT * FROM project_members WHERE project_id = ? AND user_id = ?
2026-08-18T16:58:25.670+09:00 DEBUG 10884 --- [groupware] [io-8080-exec-10] c.d.g.p.m.P.findByProjectAndUser         : ==> Parameters: 3(Long), 1(Long)
2026-08-18T16:58:25.671+09:00 DEBUG 10884 --- [groupware] [io-8080-exec-10] c.d.g.p.m.P.findByProjectAndUser         : <==      Total: 1
2026-08-18T16:58:25.671+09:00 DEBUG 10884 --- [groupware] [io-8080-exec-10] c.d.g.p.m.P.findByProjectAndUser         : ==>  Preparing: SELECT * FROM project_members WHERE project_id = ? AND user_id = ?
2026-08-18T16:58:25.672+09:00 DEBUG 10884 --- [groupware] [io-8080-exec-10] c.d.g.p.m.P.findByProjectAndUser         : ==> Parameters: 4(Long), 1(Long)
2026-08-18T16:58:25.674+09:00 DEBUG 10884 --- [groupware] [io-8080-exec-10] c.d.g.p.m.P.findByProjectAndUser         : <==      Total: 1
2026-08-18T16:58:25.675+09:00 DEBUG 10884 --- [groupware] [io-8080-exec-10] c.d.g.p.m.P.findByProjectAndUser         : ==>  Preparing: SELECT * FROM project_members WHERE project_id = ? AND user_id = ?
2026-08-18T16:58:25.676+09:00 DEBUG 10884 --- [groupware] [io-8080-exec-10] c.d.g.p.m.P.findByProjectAndUser         : ==> Parameters: 6(Long), 1(Long)
2026-08-18T16:58:25.678+09:00 DEBUG 10884 --- [groupware] [io-8080-exec-10] c.d.g.p.m.P.findByProjectAndUser         : <==      Total: 1
2026-08-18T16:58:25.679+09:00 DEBUG 10884 --- [groupware] [io-8080-exec-10] c.d.g.p.m.P.findByProjectAndUser         : ==>  Preparing: SELECT * FROM project_members WHERE project_id = ? AND user_id = ?
2026-08-18T16:58:25.679+09:00 DEBUG 10884 --- [groupware] [io-8080-exec-10] c.d.g.p.m.P.findByProjectAndUser         : ==> Parameters: 3(Long), 1(Long)
2026-08-18T16:58:25.682+09:00 DEBUG 10884 --- [groupware] [io-8080-exec-10] c.d.g.p.m.P.findByProjectAndUser         : <==      Total: 1
2026-08-18T16:58:25.700+09:00 DEBUG 10884 --- [groupware] [nio-8080-exec-3] c.d.g.t.m.TaskMapper.searchCalendar      : ==>  Preparing: SELECT DISTINCT t.* FROM tasks t LEFT JOIN task_assignees ta ON t.id = ta.task_id WHERE t.is_deleted = false AND ( (t.task_type = 'EVENT' AND ( t.creator_id = ? OR ta.user_id = ? )) OR (t.task_type = 'WBS_TASK' AND NOT EXISTS ( SELECT 1 FROM tasks c WHERE c.parent_task_id = t.id AND c.is_deleted = false ) AND ta.user_id = ? ) OR (t.task_type = 'TODO' AND t.creator_id = ?) ) AND t.start_date <= ? AND t.end_date >= ? ORDER BY t.start_date LIMIT 500
2026-08-18T16:58:25.700+09:00 DEBUG 10884 --- [groupware] [nio-8080-exec-3] c.d.g.t.m.TaskMapper.searchCalendar      : ==> Parameters: 1(Long), 1(Long), 1(Long), 1(Long), 2026-09-06T00:00(LocalDateTime), 2026-07-26T00:00(LocalDateTime)
2026-08-18T16:58:25.701+09:00 DEBUG 10884 --- [groupware] [nio-8080-exec-4] c.d.g.c.m.CategoryMapper.findByUserId    : ==>  Preparing: SELECT * FROM categories WHERE user_id = ? ORDER BY created_at DESC
2026-08-18T16:58:25.702+09:00 DEBUG 10884 --- [groupware] [nio-8080-exec-4] c.d.g.c.m.CategoryMapper.findByUserId    : ==> Parameters: 1(Long)
2026-08-18T16:58:25.704+09:00 DEBUG 10884 --- [groupware] [nio-8080-exec-4] c.d.g.c.m.CategoryMapper.findByUserId    : <==      Total: 1
2026-08-18T16:58:25.704+09:00 DEBUG 10884 --- [groupware] [nio-8080-exec-4] c.d.g.c.m.C.findByDepartmentId           : ==>  Preparing: SELECT * FROM categories WHERE department_id = ? ORDER BY created_at DESC
2026-08-18T16:58:25.704+09:00 DEBUG 10884 --- [groupware] [nio-8080-exec-4] c.d.g.c.m.C.findByDepartmentId           : ==> Parameters: 7(Long)
2026-08-18T16:58:25.706+09:00 DEBUG 10884 --- [groupware] [nio-8080-exec-4] c.d.g.c.m.C.findByDepartmentId           : <==      Total: 2
2026-08-18T16:58:25.706+09:00 DEBUG 10884 --- [groupware] [nio-8080-exec-3] c.d.g.t.m.TaskMapper.searchCalendar      : <==      Total: 9
2026-08-18T16:58:25.707+09:00 DEBUG 10884 --- [groupware] [nio-8080-exec-3] c.d.g.p.m.P.findByProjectAndUser         : ==>  Preparing: SELECT * FROM project_members WHERE project_id = ? AND user_id = ?
2026-08-18T16:58:25.707+09:00 DEBUG 10884 --- [groupware] [nio-8080-exec-3] c.d.g.p.m.P.findByProjectAndUser         : ==> Parameters: 3(Long), 1(Long)
2026-08-18T16:58:25.709+09:00 DEBUG 10884 --- [groupware] [nio-8080-exec-3] c.d.g.p.m.P.findByProjectAndUser         : <==      Total: 1
2026-08-18T16:58:25.710+09:00 DEBUG 10884 --- [groupware] [nio-8080-exec-3] c.d.g.p.m.P.findByProjectAndUser         : ==>  Preparing: SELECT * FROM project_members WHERE project_id = ? AND user_id = ?
2026-08-18T16:58:25.710+09:00 DEBUG 10884 --- [groupware] [nio-8080-exec-3] c.d.g.p.m.P.findByProjectAndUser         : ==> Parameters: 3(Long), 1(Long)
2026-08-18T16:58:25.711+09:00 DEBUG 10884 --- [groupware] [nio-8080-exec-3] c.d.g.p.m.P.findByProjectAndUser         : <==      Total: 1
2026-08-18T16:58:25.712+09:00 DEBUG 10884 --- [groupware] [nio-8080-exec-3] c.d.g.p.m.P.findByProjectAndUser         : ==>  Preparing: SELECT * FROM project_members WHERE project_id = ? AND user_id = ?
2026-08-18T16:58:25.712+09:00 DEBUG 10884 --- [groupware] [nio-8080-exec-3] c.d.g.p.m.P.findByProjectAndUser         : ==> Parameters: 4(Long), 1(Long)
2026-08-18T16:58:25.713+09:00 DEBUG 10884 --- [groupware] [nio-8080-exec-3] c.d.g.p.m.P.findByProjectAndUser         : <==      Total: 1
2026-08-18T16:58:25.714+09:00 DEBUG 10884 --- [groupware] [nio-8080-exec-3] c.d.g.p.m.P.findByProjectAndUser         : ==>  Preparing: SELECT * FROM project_members WHERE project_id = ? AND user_id = ?
2026-08-18T16:58:25.714+09:00 DEBUG 10884 --- [groupware] [nio-8080-exec-3] c.d.g.p.m.P.findByProjectAndUser         : ==> Parameters: 3(Long), 1(Long)
2026-08-18T16:58:25.715+09:00 DEBUG 10884 --- [groupware] [nio-8080-exec-3] c.d.g.p.m.P.findByProjectAndUser         : <==      Total: 1
2026-08-18T16:58:25.716+09:00 DEBUG 10884 --- [groupware] [nio-8080-exec-3] c.d.g.p.m.P.findByProjectAndUser         : ==>  Preparing: SELECT * FROM project_members WHERE project_id = ? AND user_id = ?
2026-08-18T16:58:25.716+09:00 DEBUG 10884 --- [groupware] [nio-8080-exec-3] c.d.g.p.m.P.findByProjectAndUser         : ==> Parameters: 4(Long), 1(Long)
2026-08-18T16:58:25.717+09:00 DEBUG 10884 --- [groupware] [nio-8080-exec-3] c.d.g.p.m.P.findByProjectAndUser         : <==      Total: 1
2026-08-18T16:58:25.718+09:00 DEBUG 10884 --- [groupware] [nio-8080-exec-3] c.d.g.p.m.P.findByProjectAndUser         : ==>  Preparing: SELECT * FROM project_members WHERE project_id = ? AND user_id = ?
2026-08-18T16:58:25.718+09:00 DEBUG 10884 --- [groupware] [nio-8080-exec-3] c.d.g.p.m.P.findByProjectAndUser         : ==> Parameters: 6(Long), 1(Long)
2026-08-18T16:58:25.719+09:00 DEBUG 10884 --- [groupware] [nio-8080-exec-3] c.d.g.p.m.P.findByProjectAndUser         : <==      Total: 1
2026-08-18T16:58:25.720+09:00 DEBUG 10884 --- [groupware] [nio-8080-exec-3] c.d.g.p.m.P.findByProjectAndUser         : ==>  Preparing: SELECT * FROM project_members WHERE project_id = ? AND user_id = ?
2026-08-18T16:58:25.720+09:00 DEBUG 10884 --- [groupware] [nio-8080-exec-3] c.d.g.p.m.P.findByProjectAndUser         : ==> Parameters: 3(Long), 1(Long)
2026-08-18T16:58:25.721+09:00 DEBUG 10884 --- [groupware] [nio-8080-exec-3] c.d.g.p.m.P.findByProjectAndUser         : <==      Total: 1
2026-08-18T16:58:26.981+09:00 DEBUG 10884 --- [groupware] [nio-8080-exec-5] c.d.g.n.m.N.countUnread                  : ==>  Preparing: SELECT COUNT(*) FROM notifications WHERE user_id = ? AND is_read = false
2026-08-18T16:58:26.981+09:00 DEBUG 10884 --- [groupware] [nio-8080-exec-5] c.d.g.n.m.N.countUnread                  : ==> Parameters: 1(Long)
2026-08-18T16:58:26.983+09:00 DEBUG 10884 --- [groupware] [nio-8080-exec-5] c.d.g.n.m.N.countUnread                  : <==      Total: 1
2026-08-18T16:58:31.976+09:00 DEBUG 10884 --- [groupware] [nio-8080-exec-7] c.d.g.n.m.N.countUnread                  : ==>  Preparing: SELECT COUNT(*) FROM notifications WHERE user_id = ? AND is_read = false
2026-08-18T16:58:31.977+09:00 DEBUG 10884 --- [groupware] [nio-8080-exec-7] c.d.g.n.m.N.countUnread                  : ==> Parameters: 1(Long)
2026-08-18T16:58:31.979+09:00 DEBUG 10884 --- [groupware] [nio-8080-exec-7] c.d.g.n.m.N.countUnread                  : <==      Total: 1
2026-08-18T16:58:36.977+09:00 DEBUG 10884 --- [groupware] [nio-8080-exec-9] c.d.g.n.m.N.countUnread                  : ==>  Preparing: SELECT COUNT(*) FROM notifications WHERE user_id = ? AND is_read = false
2026-08-18T16:58:36.978+09:00 DEBUG 10884 --- [groupware] [nio-8080-exec-9] c.d.g.n.m.N.countUnread                  : ==> Parameters: 1(Long)
2026-08-18T16:58:36.980+09:00 DEBUG 10884 --- [groupware] [nio-8080-exec-9] c.d.g.n.m.N.countUnread                  : <==      Total: 1
2026-08-18T16:58:37.417+09:00 DEBUG 10884 --- [groupware] [nio-8080-exec-2] c.d.g.c.m.CategoryMapper.findByUserId    : ==>  Preparing: SELECT * FROM categories WHERE user_id = ? ORDER BY created_at DESC
2026-08-18T16:58:37.418+09:00 DEBUG 10884 --- [groupware] [nio-8080-exec-2] c.d.g.c.m.CategoryMapper.findByUserId    : ==> Parameters: 1(Long)
2026-08-18T16:58:37.418+09:00 DEBUG 10884 --- [groupware] [nio-8080-exec-1] c.d.g.t.mapper.TaskMapper.findMyTodos    : ==>  Preparing: SELECT * FROM tasks WHERE creator_id = ? AND task_type = 'TODO' AND is_deleted = false ORDER BY sort_order, created_at DESC
2026-08-18T16:58:37.419+09:00 DEBUG 10884 --- [groupware] [nio-8080-exec-1] c.d.g.t.mapper.TaskMapper.findMyTodos    : ==> Parameters: 1(Long)
2026-08-18T16:58:37.419+09:00 DEBUG 10884 --- [groupware] [nio-8080-exec-6] c.d.g.p.m.ProjectMapper.findByMemberId   : ==>  Preparing: SELECT p.* FROM projects p JOIN project_members pm ON p.id = pm.project_id WHERE pm.user_id = ? AND p.is_deleted = false ORDER BY p.created_at DESC
2026-08-18T16:58:37.420+09:00 DEBUG 10884 --- [groupware] [nio-8080-exec-6] c.d.g.p.m.ProjectMapper.findByMemberId   : ==> Parameters: 1(Long)
2026-08-18T16:58:37.421+09:00 DEBUG 10884 --- [groupware] [nio-8080-exec-2] c.d.g.c.m.CategoryMapper.findByUserId    : <==      Total: 1
2026-08-18T16:58:37.422+09:00 DEBUG 10884 --- [groupware] [nio-8080-exec-2] c.d.g.c.m.C.findByDepartmentId           : ==>  Preparing: SELECT * FROM categories WHERE department_id = ? ORDER BY created_at DESC
2026-08-18T16:58:37.422+09:00 DEBUG 10884 --- [groupware] [nio-8080-exec-2] c.d.g.c.m.C.findByDepartmentId           : ==> Parameters: 7(Long)
2026-08-18T16:58:37.423+09:00 DEBUG 10884 --- [groupware] [nio-8080-exec-6] c.d.g.p.m.ProjectMapper.findByMemberId   : <==      Total: 3
2026-08-18T16:58:37.423+09:00 DEBUG 10884 --- [groupware] [nio-8080-exec-1] c.d.g.t.mapper.TaskMapper.findMyTodos    : <==      Total: 5
2026-08-18T16:58:37.424+09:00 DEBUG 10884 --- [groupware] [nio-8080-exec-1] c.d.g.t.m.TaskMapper.findAssignedTasks   : ==>  Preparing: SELECT DISTINCT t.* FROM tasks t JOIN task_assignees ta ON ta.task_id = t.id WHERE ta.user_id = ? AND t.task_type = 'WBS_TASK' AND t.is_deleted = false ORDER BY t.sort_order, t.end_date IS NULL, t.end_date, t.created_at DESC
2026-08-18T16:58:37.424+09:00 DEBUG 10884 --- [groupware] [nio-8080-exec-1] c.d.g.t.m.TaskMapper.findAssignedTasks   : ==> Parameters: 1(Long)
2026-08-18T16:58:37.425+09:00 DEBUG 10884 --- [groupware] [nio-8080-exec-2] c.d.g.c.m.C.findByDepartmentId           : <==      Total: 2
2026-08-18T16:58:37.429+09:00 DEBUG 10884 --- [groupware] [nio-8080-exec-1] c.d.g.t.m.TaskMapper.findAssignedTasks   : <==      Total: 7
2026-08-18T16:58:37.430+09:00 DEBUG 10884 --- [groupware] [nio-8080-exec-1] c.d.g.p.m.P.findByProjectAndUser         : ==>  Preparing: SELECT * FROM project_members WHERE project_id = ? AND user_id = ?
2026-08-18T16:58:37.430+09:00 DEBUG 10884 --- [groupware] [nio-8080-exec-1] c.d.g.p.m.P.findByProjectAndUser         : ==> Parameters: 3(Long), 1(Long)
2026-08-18T16:58:37.432+09:00 DEBUG 10884 --- [groupware] [nio-8080-exec-1] c.d.g.p.m.P.findByProjectAndUser         : <==      Total: 1
2026-08-18T16:58:37.432+09:00 DEBUG 10884 --- [groupware] [nio-8080-exec-1] c.d.g.t.m.T.findUserIdsByTaskId          : ==>  Preparing: SELECT user_id FROM task_assignees WHERE task_id = ?
2026-08-18T16:58:37.433+09:00 DEBUG 10884 --- [groupware] [nio-8080-exec-1] c.d.g.t.m.T.findUserIdsByTaskId          : ==> Parameters: 12(Long)
2026-08-18T16:58:37.435+09:00 DEBUG 10884 --- [groupware] [nio-8080-exec-1] c.d.g.t.m.T.findUserIdsByTaskId          : <==      Total: 1
2026-08-18T16:58:37.436+09:00 DEBUG 10884 --- [groupware] [nio-8080-exec-1] c.d.g.p.m.P.findByProjectAndUser         : ==>  Preparing: SELECT * FROM project_members WHERE project_id = ? AND user_id = ?
2026-08-18T16:58:37.436+09:00 DEBUG 10884 --- [groupware] [nio-8080-exec-1] c.d.g.p.m.P.findByProjectAndUser         : ==> Parameters: 4(Long), 1(Long)
2026-08-18T16:58:37.438+09:00 DEBUG 10884 --- [groupware] [nio-8080-exec-1] c.d.g.p.m.P.findByProjectAndUser         : <==      Total: 1
2026-08-18T16:58:37.439+09:00 DEBUG 10884 --- [groupware] [nio-8080-exec-1] c.d.g.t.m.T.findUserIdsByTaskId          : ==>  Preparing: SELECT user_id FROM task_assignees WHERE task_id = ?
2026-08-18T16:58:37.439+09:00 DEBUG 10884 --- [groupware] [nio-8080-exec-1] c.d.g.t.m.T.findUserIdsByTaskId          : ==> Parameters: 29(Long)
2026-08-18T16:58:37.440+09:00 DEBUG 10884 --- [groupware] [nio-8080-exec-8] c.d.g.p.m.ProjectMapper.findByMemberId   : ==>  Preparing: SELECT p.* FROM projects p JOIN project_members pm ON p.id = pm.project_id WHERE pm.user_id = ? AND p.is_deleted = false ORDER BY p.created_at DESC
2026-08-18T16:58:37.440+09:00 DEBUG 10884 --- [groupware] [nio-8080-exec-8] c.d.g.p.m.ProjectMapper.findByMemberId   : ==> Parameters: 1(Long)
2026-08-18T16:58:37.441+09:00 DEBUG 10884 --- [groupware] [nio-8080-exec-1] c.d.g.t.m.T.findUserIdsByTaskId          : <==      Total: 1
2026-08-18T16:58:37.442+09:00 DEBUG 10884 --- [groupware] [nio-8080-exec-1] c.d.g.p.m.P.findByProjectAndUser         : ==>  Preparing: SELECT * FROM project_members WHERE project_id = ? AND user_id = ?
2026-08-18T16:58:37.442+09:00 DEBUG 10884 --- [groupware] [nio-8080-exec-1] c.d.g.p.m.P.findByProjectAndUser         : ==> Parameters: 3(Long), 1(Long)
2026-08-18T16:58:37.443+09:00 DEBUG 10884 --- [groupware] [nio-8080-exec-8] c.d.g.p.m.ProjectMapper.findByMemberId   : <==      Total: 3
2026-08-18T16:58:37.443+09:00 DEBUG 10884 --- [groupware] [io-8080-exec-10] c.d.g.c.m.CategoryMapper.findByUserId    : ==>  Preparing: SELECT * FROM categories WHERE user_id = ? ORDER BY created_at DESC
2026-08-18T16:58:37.444+09:00 DEBUG 10884 --- [groupware] [io-8080-exec-10] c.d.g.c.m.CategoryMapper.findByUserId    : ==> Parameters: 1(Long)
2026-08-18T16:58:37.444+09:00 DEBUG 10884 --- [groupware] [nio-8080-exec-1] c.d.g.p.m.P.findByProjectAndUser         : <==      Total: 1
2026-08-18T16:58:37.445+09:00 DEBUG 10884 --- [groupware] [nio-8080-exec-1] c.d.g.t.m.T.findUserIdsByTaskId          : ==>  Preparing: SELECT user_id FROM task_assignees WHERE task_id = ?
2026-08-18T16:58:37.445+09:00 DEBUG 10884 --- [groupware] [nio-8080-exec-1] c.d.g.t.m.T.findUserIdsByTaskId          : ==> Parameters: 13(Long)
2026-08-18T16:58:37.446+09:00 DEBUG 10884 --- [groupware] [io-8080-exec-10] c.d.g.c.m.CategoryMapper.findByUserId    : <==      Total: 1
2026-08-18T16:58:37.446+09:00 DEBUG 10884 --- [groupware] [io-8080-exec-10] c.d.g.c.m.C.findByDepartmentId           : ==>  Preparing: SELECT * FROM categories WHERE department_id = ? ORDER BY created_at DESC
2026-08-18T16:58:37.447+09:00 DEBUG 10884 --- [groupware] [io-8080-exec-10] c.d.g.c.m.C.findByDepartmentId           : ==> Parameters: 7(Long)
2026-08-18T16:58:37.447+09:00 DEBUG 10884 --- [groupware] [nio-8080-exec-1] c.d.g.t.m.T.findUserIdsByTaskId          : <==      Total: 1
2026-08-18T16:58:37.447+09:00 DEBUG 10884 --- [groupware] [nio-8080-exec-1] c.d.g.p.m.P.findByProjectAndUser         : ==>  Preparing: SELECT * FROM project_members WHERE project_id = ? AND user_id = ?
2026-08-18T16:58:37.448+09:00 DEBUG 10884 --- [groupware] [nio-8080-exec-1] c.d.g.p.m.P.findByProjectAndUser         : ==> Parameters: 4(Long), 1(Long)
2026-08-18T16:58:37.449+09:00 DEBUG 10884 --- [groupware] [io-8080-exec-10] c.d.g.c.m.C.findByDepartmentId           : <==      Total: 2
2026-08-18T16:58:37.449+09:00 DEBUG 10884 --- [groupware] [nio-8080-exec-1] c.d.g.p.m.P.findByProjectAndUser         : <==      Total: 1
2026-08-18T16:58:37.450+09:00 DEBUG 10884 --- [groupware] [nio-8080-exec-1] c.d.g.t.m.T.findUserIdsByTaskId          : ==>  Preparing: SELECT user_id FROM task_assignees WHERE task_id = ?
2026-08-18T16:58:37.450+09:00 DEBUG 10884 --- [groupware] [nio-8080-exec-1] c.d.g.t.m.T.findUserIdsByTaskId          : ==> Parameters: 27(Long)
2026-08-18T16:58:37.452+09:00 DEBUG 10884 --- [groupware] [nio-8080-exec-1] c.d.g.t.m.T.findUserIdsByTaskId          : <==      Total: 1
2026-08-18T16:58:37.453+09:00 DEBUG 10884 --- [groupware] [nio-8080-exec-1] c.d.g.p.m.P.findByProjectAndUser         : ==>  Preparing: SELECT * FROM project_members WHERE project_id = ? AND user_id = ?
2026-08-18T16:58:37.453+09:00 DEBUG 10884 --- [groupware] [nio-8080-exec-1] c.d.g.p.m.P.findByProjectAndUser         : ==> Parameters: 3(Long), 1(Long)
2026-08-18T16:58:37.455+09:00 DEBUG 10884 --- [groupware] [nio-8080-exec-1] c.d.g.p.m.P.findByProjectAndUser         : <==      Total: 1
2026-08-18T16:58:37.456+09:00 DEBUG 10884 --- [groupware] [nio-8080-exec-1] c.d.g.t.m.T.findUserIdsByTaskId          : ==>  Preparing: SELECT user_id FROM task_assignees WHERE task_id = ?
2026-08-18T16:58:37.471+09:00 DEBUG 10884 --- [groupware] [nio-8080-exec-1] c.d.g.t.m.T.findUserIdsByTaskId          : ==> Parameters: 16(Long)
2026-08-18T16:58:37.475+09:00 DEBUG 10884 --- [groupware] [nio-8080-exec-1] c.d.g.t.m.T.findUserIdsByTaskId          : <==      Total: 1
2026-08-18T16:58:37.477+09:00 DEBUG 10884 --- [groupware] [nio-8080-exec-1] c.d.g.p.m.P.findByProjectAndUser         : ==>  Preparing: SELECT * FROM project_members WHERE project_id = ? AND user_id = ?
2026-08-18T16:58:37.478+09:00 DEBUG 10884 --- [groupware] [nio-8080-exec-1] c.d.g.p.m.P.findByProjectAndUser         : ==> Parameters: 3(Long), 1(Long)
2026-08-18T16:58:37.479+09:00 DEBUG 10884 --- [groupware] [nio-8080-exec-1] c.d.g.p.m.P.findByProjectAndUser         : <==      Total: 1
2026-08-18T16:58:37.480+09:00 DEBUG 10884 --- [groupware] [nio-8080-exec-1] c.d.g.t.m.T.findUserIdsByTaskId          : ==>  Preparing: SELECT user_id FROM task_assignees WHERE task_id = ?
2026-08-18T16:58:37.480+09:00 DEBUG 10884 --- [groupware] [nio-8080-exec-1] c.d.g.t.m.T.findUserIdsByTaskId          : ==> Parameters: 20(Long)
2026-08-18T16:58:37.481+09:00 DEBUG 10884 --- [groupware] [nio-8080-exec-1] c.d.g.t.m.T.findUserIdsByTaskId          : <==      Total: 1
2026-08-18T16:58:37.482+09:00 DEBUG 10884 --- [groupware] [nio-8080-exec-1] c.d.g.p.m.P.findByProjectAndUser         : ==>  Preparing: SELECT * FROM project_members WHERE project_id = ? AND user_id = ?
2026-08-18T16:58:37.482+09:00 DEBUG 10884 --- [groupware] [nio-8080-exec-1] c.d.g.p.m.P.findByProjectAndUser         : ==> Parameters: 6(Long), 1(Long)
2026-08-18T16:58:37.484+09:00 DEBUG 10884 --- [groupware] [nio-8080-exec-1] c.d.g.p.m.P.findByProjectAndUser         : <==      Total: 1
2026-08-18T16:58:37.484+09:00 DEBUG 10884 --- [groupware] [nio-8080-exec-1] c.d.g.t.m.T.findUserIdsByTaskId          : ==>  Preparing: SELECT user_id FROM task_assignees WHERE task_id = ?
2026-08-18T16:58:37.485+09:00 DEBUG 10884 --- [groupware] [nio-8080-exec-1] c.d.g.t.m.T.findUserIdsByTaskId          : ==> Parameters: 64(Long)
2026-08-18T16:58:37.486+09:00 DEBUG 10884 --- [groupware] [nio-8080-exec-1] c.d.g.t.m.T.findUserIdsByTaskId          : <==      Total: 1
2026-08-18T16:58:37.522+09:00 DEBUG 10884 --- [groupware] [nio-8080-exec-4] c.d.g.t.mapper.TaskMapper.findMyTodos    : ==>  Preparing: SELECT * FROM tasks WHERE creator_id = ? AND task_type = 'TODO' AND is_deleted = false ORDER BY sort_order, created_at DESC
2026-08-18T16:58:37.523+09:00 DEBUG 10884 --- [groupware] [nio-8080-exec-4] c.d.g.t.mapper.TaskMapper.findMyTodos    : ==> Parameters: 1(Long)
2026-08-18T16:58:37.527+09:00 DEBUG 10884 --- [groupware] [nio-8080-exec-4] c.d.g.t.mapper.TaskMapper.findMyTodos    : <==      Total: 5
2026-08-18T16:58:37.528+09:00 DEBUG 10884 --- [groupware] [nio-8080-exec-4] c.d.g.t.m.TaskMapper.findAssignedTasks   : ==>  Preparing: SELECT DISTINCT t.* FROM tasks t JOIN task_assignees ta ON ta.task_id = t.id WHERE ta.user_id = ? AND t.task_type = 'WBS_TASK' AND t.is_deleted = false ORDER BY t.sort_order, t.end_date IS NULL, t.end_date, t.created_at DESC
2026-08-18T16:58:37.528+09:00 DEBUG 10884 --- [groupware] [nio-8080-exec-4] c.d.g.t.m.TaskMapper.findAssignedTasks   : ==> Parameters: 1(Long)
2026-08-18T16:58:37.531+09:00 DEBUG 10884 --- [groupware] [nio-8080-exec-4] c.d.g.t.m.TaskMapper.findAssignedTasks   : <==      Total: 7
2026-08-18T16:58:37.532+09:00 DEBUG 10884 --- [groupware] [nio-8080-exec-4] c.d.g.p.m.P.findByProjectAndUser         : ==>  Preparing: SELECT * FROM project_members WHERE project_id = ? AND user_id = ?
2026-08-18T16:58:37.532+09:00 DEBUG 10884 --- [groupware] [nio-8080-exec-4] c.d.g.p.m.P.findByProjectAndUser         : ==> Parameters: 3(Long), 1(Long)
2026-08-18T16:58:37.533+09:00 DEBUG 10884 --- [groupware] [nio-8080-exec-4] c.d.g.p.m.P.findByProjectAndUser         : <==      Total: 1
2026-08-18T16:58:37.534+09:00 DEBUG 10884 --- [groupware] [nio-8080-exec-4] c.d.g.t.m.T.findUserIdsByTaskId          : ==>  Preparing: SELECT user_id FROM task_assignees WHERE task_id = ?
2026-08-18T16:58:37.534+09:00 DEBUG 10884 --- [groupware] [nio-8080-exec-4] c.d.g.t.m.T.findUserIdsByTaskId          : ==> Parameters: 12(Long)
2026-08-18T16:58:37.535+09:00 DEBUG 10884 --- [groupware] [nio-8080-exec-4] c.d.g.t.m.T.findUserIdsByTaskId          : <==      Total: 1
2026-08-18T16:58:37.535+09:00 DEBUG 10884 --- [groupware] [nio-8080-exec-4] c.d.g.p.m.P.findByProjectAndUser         : ==>  Preparing: SELECT * FROM project_members WHERE project_id = ? AND user_id = ?
2026-08-18T16:58:37.535+09:00 DEBUG 10884 --- [groupware] [nio-8080-exec-4] c.d.g.p.m.P.findByProjectAndUser         : ==> Parameters: 4(Long), 1(Long)
2026-08-18T16:58:37.537+09:00 DEBUG 10884 --- [groupware] [nio-8080-exec-4] c.d.g.p.m.P.findByProjectAndUser         : <==      Total: 1
2026-08-18T16:58:37.537+09:00 DEBUG 10884 --- [groupware] [nio-8080-exec-4] c.d.g.t.m.T.findUserIdsByTaskId          : ==>  Preparing: SELECT user_id FROM task_assignees WHERE task_id = ?
2026-08-18T16:58:37.537+09:00 DEBUG 10884 --- [groupware] [nio-8080-exec-4] c.d.g.t.m.T.findUserIdsByTaskId          : ==> Parameters: 29(Long)
2026-08-18T16:58:37.539+09:00 DEBUG 10884 --- [groupware] [nio-8080-exec-4] c.d.g.t.m.T.findUserIdsByTaskId          : <==      Total: 1
2026-08-18T16:58:37.539+09:00 DEBUG 10884 --- [groupware] [nio-8080-exec-4] c.d.g.p.m.P.findByProjectAndUser         : ==>  Preparing: SELECT * FROM project_members WHERE project_id = ? AND user_id = ?
2026-08-18T16:58:37.539+09:00 DEBUG 10884 --- [groupware] [nio-8080-exec-4] c.d.g.p.m.P.findByProjectAndUser         : ==> Parameters: 3(Long), 1(Long)
2026-08-18T16:58:37.540+09:00 DEBUG 10884 --- [groupware] [nio-8080-exec-4] c.d.g.p.m.P.findByProjectAndUser         : <==      Total: 1
2026-08-18T16:58:37.541+09:00 DEBUG 10884 --- [groupware] [nio-8080-exec-4] c.d.g.t.m.T.findUserIdsByTaskId          : ==>  Preparing: SELECT user_id FROM task_assignees WHERE task_id = ?
2026-08-18T16:58:37.541+09:00 DEBUG 10884 --- [groupware] [nio-8080-exec-4] c.d.g.t.m.T.findUserIdsByTaskId          : ==> Parameters: 13(Long)
2026-08-18T16:58:37.542+09:00 DEBUG 10884 --- [groupware] [nio-8080-exec-4] c.d.g.t.m.T.findUserIdsByTaskId          : <==      Total: 1
2026-08-18T16:58:37.542+09:00 DEBUG 10884 --- [groupware] [nio-8080-exec-4] c.d.g.p.m.P.findByProjectAndUser         : ==>  Preparing: SELECT * FROM project_members WHERE project_id = ? AND user_id = ?
2026-08-18T16:58:37.542+09:00 DEBUG 10884 --- [groupware] [nio-8080-exec-4] c.d.g.p.m.P.findByProjectAndUser         : ==> Parameters: 4(Long), 1(Long)
2026-08-18T16:58:37.543+09:00 DEBUG 10884 --- [groupware] [nio-8080-exec-4] c.d.g.p.m.P.findByProjectAndUser         : <==      Total: 1
2026-08-18T16:58:37.543+09:00 DEBUG 10884 --- [groupware] [nio-8080-exec-4] c.d.g.t.m.T.findUserIdsByTaskId          : ==>  Preparing: SELECT user_id FROM task_assignees WHERE task_id = ?
2026-08-18T16:58:37.544+09:00 DEBUG 10884 --- [groupware] [nio-8080-exec-4] c.d.g.t.m.T.findUserIdsByTaskId          : ==> Parameters: 27(Long)
2026-08-18T16:58:37.545+09:00 DEBUG 10884 --- [groupware] [nio-8080-exec-4] c.d.g.t.m.T.findUserIdsByTaskId          : <==      Total: 1
2026-08-18T16:58:37.545+09:00 DEBUG 10884 --- [groupware] [nio-8080-exec-4] c.d.g.p.m.P.findByProjectAndUser         : ==>  Preparing: SELECT * FROM project_members WHERE project_id = ? AND user_id = ?
2026-08-18T16:58:37.545+09:00 DEBUG 10884 --- [groupware] [nio-8080-exec-4] c.d.g.p.m.P.findByProjectAndUser         : ==> Parameters: 3(Long), 1(Long)
2026-08-18T16:58:37.546+09:00 DEBUG 10884 --- [groupware] [nio-8080-exec-4] c.d.g.p.m.P.findByProjectAndUser         : <==      Total: 1
2026-08-18T16:58:37.547+09:00 DEBUG 10884 --- [groupware] [nio-8080-exec-4] c.d.g.t.m.T.findUserIdsByTaskId          : ==>  Preparing: SELECT user_id FROM task_assignees WHERE task_id = ?
2026-08-18T16:58:37.547+09:00 DEBUG 10884 --- [groupware] [nio-8080-exec-4] c.d.g.t.m.T.findUserIdsByTaskId          : ==> Parameters: 16(Long)
2026-08-18T16:58:37.548+09:00 DEBUG 10884 --- [groupware] [nio-8080-exec-4] c.d.g.t.m.T.findUserIdsByTaskId          : <==      Total: 1
2026-08-18T16:58:37.548+09:00 DEBUG 10884 --- [groupware] [nio-8080-exec-4] c.d.g.p.m.P.findByProjectAndUser         : ==>  Preparing: SELECT * FROM project_members WHERE project_id = ? AND user_id = ?
2026-08-18T16:58:37.549+09:00 DEBUG 10884 --- [groupware] [nio-8080-exec-4] c.d.g.p.m.P.findByProjectAndUser         : ==> Parameters: 3(Long), 1(Long)
2026-08-18T16:58:37.550+09:00 DEBUG 10884 --- [groupware] [nio-8080-exec-4] c.d.g.p.m.P.findByProjectAndUser         : <==      Total: 1
2026-08-18T16:58:37.550+09:00 DEBUG 10884 --- [groupware] [nio-8080-exec-4] c.d.g.t.m.T.findUserIdsByTaskId          : ==>  Preparing: SELECT user_id FROM task_assignees WHERE task_id = ?
2026-08-18T16:58:37.550+09:00 DEBUG 10884 --- [groupware] [nio-8080-exec-4] c.d.g.t.m.T.findUserIdsByTaskId          : ==> Parameters: 20(Long)
2026-08-18T16:58:37.552+09:00 DEBUG 10884 --- [groupware] [nio-8080-exec-4] c.d.g.t.m.T.findUserIdsByTaskId          : <==      Total: 1
2026-08-18T16:58:37.552+09:00 DEBUG 10884 --- [groupware] [nio-8080-exec-4] c.d.g.p.m.P.findByProjectAndUser         : ==>  Preparing: SELECT * FROM project_members WHERE project_id = ? AND user_id = ?
2026-08-18T16:58:37.553+09:00 DEBUG 10884 --- [groupware] [nio-8080-exec-4] c.d.g.p.m.P.findByProjectAndUser         : ==> Parameters: 6(Long), 1(Long)
2026-08-18T16:58:37.554+09:00 DEBUG 10884 --- [groupware] [nio-8080-exec-4] c.d.g.p.m.P.findByProjectAndUser         : <==      Total: 1
2026-08-18T16:58:37.554+09:00 DEBUG 10884 --- [groupware] [nio-8080-exec-4] c.d.g.t.m.T.findUserIdsByTaskId          : ==>  Preparing: SELECT user_id FROM task_assignees WHERE task_id = ?
2026-08-18T16:58:37.554+09:00 DEBUG 10884 --- [groupware] [nio-8080-exec-4] c.d.g.t.m.T.findUserIdsByTaskId          : ==> Parameters: 64(Long)
2026-08-18T16:58:37.556+09:00 DEBUG 10884 --- [groupware] [nio-8080-exec-4] c.d.g.t.m.T.findUserIdsByTaskId          : <==      Total: 1
2026-08-18T16:58:41.985+09:00 DEBUG 10884 --- [groupware] [nio-8080-exec-3] c.d.g.n.m.N.countUnread                  : ==>  Preparing: SELECT COUNT(*) FROM notifications WHERE user_id = ? AND is_read = false
2026-08-18T16:58:41.986+09:00 DEBUG 10884 --- [groupware] [nio-8080-exec-3] c.d.g.n.m.N.countUnread                  : ==> Parameters: 1(Long)
2026-08-18T16:58:41.988+09:00 DEBUG 10884 --- [groupware] [nio-8080-exec-3] c.d.g.n.m.N.countUnread                  : <==      Total: 1
2026-08-18T16:58:46.986+09:00 DEBUG 10884 --- [groupware] [nio-8080-exec-5] c.d.g.n.m.N.countUnread                  : ==>  Preparing: SELECT COUNT(*) FROM notifications WHERE user_id = ? AND is_read = false
2026-08-18T16:58:46.987+09:00 DEBUG 10884 --- [groupware] [nio-8080-exec-5] c.d.g.n.m.N.countUnread                  : ==> Parameters: 1(Long)
2026-08-18T16:58:46.990+09:00 DEBUG 10884 --- [groupware] [nio-8080-exec-5] c.d.g.n.m.N.countUnread                  : <==      Total: 1
2026-08-18T16:58:49.797+09:00 DEBUG 10884 --- [groupware] [nio-8080-exec-7] c.d.g.t.m.TaskMapper.searchCalendar      : ==>  Preparing: SELECT DISTINCT t.* FROM tasks t LEFT JOIN task_assignees ta ON t.id = ta.task_id WHERE t.is_deleted = false AND ( (t.task_type = 'EVENT' AND ( t.creator_id = ? OR ta.user_id = ? )) OR (t.task_type = 'WBS_TASK' AND NOT EXISTS ( SELECT 1 FROM tasks c WHERE c.parent_task_id = t.id AND c.is_deleted = false ) AND ta.user_id = ? ) OR (t.task_type = 'TODO' AND t.creator_id = ?) ) AND t.start_date <= ? AND t.end_date >= ? ORDER BY t.start_date LIMIT 500
2026-08-18T16:58:49.798+09:00 DEBUG 10884 --- [groupware] [nio-8080-exec-7] c.d.g.t.m.TaskMapper.searchCalendar      : ==> Parameters: 1(Long), 1(Long), 1(Long), 1(Long), 2026-09-06T00:00(LocalDateTime), 2026-07-26T00:00(LocalDateTime)
2026-08-18T16:58:49.802+09:00 DEBUG 10884 --- [groupware] [nio-8080-exec-7] c.d.g.t.m.TaskMapper.searchCalendar      : <==      Total: 9
2026-08-18T16:58:49.802+09:00 DEBUG 10884 --- [groupware] [nio-8080-exec-7] c.d.g.p.m.P.findByProjectAndUser         : ==>  Preparing: SELECT * FROM project_members WHERE project_id = ? AND user_id = ?
2026-08-18T16:58:49.803+09:00 DEBUG 10884 --- [groupware] [nio-8080-exec-7] c.d.g.p.m.P.findByProjectAndUser         : ==> Parameters: 3(Long), 1(Long)
2026-08-18T16:58:49.804+09:00 DEBUG 10884 --- [groupware] [nio-8080-exec-7] c.d.g.p.m.P.findByProjectAndUser         : <==      Total: 1
2026-08-18T16:58:49.805+09:00 DEBUG 10884 --- [groupware] [nio-8080-exec-7] c.d.g.p.m.P.findByProjectAndUser         : ==>  Preparing: SELECT * FROM project_members WHERE project_id = ? AND user_id = ?
2026-08-18T16:58:49.805+09:00 DEBUG 10884 --- [groupware] [nio-8080-exec-7] c.d.g.p.m.P.findByProjectAndUser         : ==> Parameters: 3(Long), 1(Long)
2026-08-18T16:58:49.806+09:00 DEBUG 10884 --- [groupware] [nio-8080-exec-7] c.d.g.p.m.P.findByProjectAndUser         : <==      Total: 1
2026-08-18T16:58:49.807+09:00 DEBUG 10884 --- [groupware] [nio-8080-exec-7] c.d.g.p.m.P.findByProjectAndUser         : ==>  Preparing: SELECT * FROM project_members WHERE project_id = ? AND user_id = ?
2026-08-18T16:58:49.807+09:00 DEBUG 10884 --- [groupware] [nio-8080-exec-7] c.d.g.p.m.P.findByProjectAndUser         : ==> Parameters: 4(Long), 1(Long)
2026-08-18T16:58:49.808+09:00 DEBUG 10884 --- [groupware] [nio-8080-exec-7] c.d.g.p.m.P.findByProjectAndUser         : <==      Total: 1
2026-08-18T16:58:49.808+09:00 DEBUG 10884 --- [groupware] [nio-8080-exec-7] c.d.g.p.m.P.findByProjectAndUser         : ==>  Preparing: SELECT * FROM project_members WHERE project_id = ? AND user_id = ?
2026-08-18T16:58:49.809+09:00 DEBUG 10884 --- [groupware] [nio-8080-exec-9] c.d.g.c.m.CategoryMapper.findByUserId    : ==>  Preparing: SELECT * FROM categories WHERE user_id = ? ORDER BY created_at DESC
2026-08-18T16:58:49.809+09:00 DEBUG 10884 --- [groupware] [nio-8080-exec-9] c.d.g.c.m.CategoryMapper.findByUserId    : ==> Parameters: 1(Long)
2026-08-18T16:58:49.809+09:00 DEBUG 10884 --- [groupware] [nio-8080-exec-7] c.d.g.p.m.P.findByProjectAndUser         : ==> Parameters: 3(Long), 1(Long)
2026-08-18T16:58:49.810+09:00 DEBUG 10884 --- [groupware] [nio-8080-exec-7] c.d.g.p.m.P.findByProjectAndUser         : <==      Total: 1
2026-08-18T16:58:49.810+09:00 DEBUG 10884 --- [groupware] [nio-8080-exec-9] c.d.g.c.m.CategoryMapper.findByUserId    : <==      Total: 1
2026-08-18T16:58:49.811+09:00 DEBUG 10884 --- [groupware] [nio-8080-exec-9] c.d.g.c.m.C.findByDepartmentId           : ==>  Preparing: SELECT * FROM categories WHERE department_id = ? ORDER BY created_at DESC
2026-08-18T16:58:49.811+09:00 DEBUG 10884 --- [groupware] [nio-8080-exec-7] c.d.g.p.m.P.findByProjectAndUser         : ==>  Preparing: SELECT * FROM project_members WHERE project_id = ? AND user_id = ?
2026-08-18T16:58:49.811+09:00 DEBUG 10884 --- [groupware] [nio-8080-exec-9] c.d.g.c.m.C.findByDepartmentId           : ==> Parameters: 7(Long)
2026-08-18T16:58:49.811+09:00 DEBUG 10884 --- [groupware] [nio-8080-exec-7] c.d.g.p.m.P.findByProjectAndUser         : ==> Parameters: 4(Long), 1(Long)
2026-08-18T16:58:49.813+09:00 DEBUG 10884 --- [groupware] [nio-8080-exec-9] c.d.g.c.m.C.findByDepartmentId           : <==      Total: 2
2026-08-18T16:58:49.813+09:00 DEBUG 10884 --- [groupware] [nio-8080-exec-7] c.d.g.p.m.P.findByProjectAndUser         : <==      Total: 1
2026-08-18T16:58:49.813+09:00 DEBUG 10884 --- [groupware] [nio-8080-exec-7] c.d.g.p.m.P.findByProjectAndUser         : ==>  Preparing: SELECT * FROM project_members WHERE project_id = ? AND user_id = ?
2026-08-18T16:58:49.813+09:00 DEBUG 10884 --- [groupware] [nio-8080-exec-7] c.d.g.p.m.P.findByProjectAndUser         : ==> Parameters: 6(Long), 1(Long)
2026-08-18T16:58:49.814+09:00 DEBUG 10884 --- [groupware] [nio-8080-exec-7] c.d.g.p.m.P.findByProjectAndUser         : <==      Total: 1
2026-08-18T16:58:49.815+09:00 DEBUG 10884 --- [groupware] [nio-8080-exec-7] c.d.g.p.m.P.findByProjectAndUser         : ==>  Preparing: SELECT * FROM project_members WHERE project_id = ? AND user_id = ?
2026-08-18T16:58:49.815+09:00 DEBUG 10884 --- [groupware] [nio-8080-exec-7] c.d.g.p.m.P.findByProjectAndUser         : ==> Parameters: 3(Long), 1(Long)
2026-08-18T16:58:49.816+09:00 DEBUG 10884 --- [groupware] [nio-8080-exec-7] c.d.g.p.m.P.findByProjectAndUser         : <==      Total: 1
2026-08-18T16:58:49.847+09:00 DEBUG 10884 --- [groupware] [nio-8080-exec-6] c.d.g.t.m.TaskMapper.searchCalendar      : ==>  Preparing: SELECT DISTINCT t.* FROM tasks t LEFT JOIN task_assignees ta ON t.id = ta.task_id WHERE t.is_deleted = false AND ( (t.task_type = 'EVENT' AND ( t.creator_id = ? OR ta.user_id = ? )) OR (t.task_type = 'WBS_TASK' AND NOT EXISTS ( SELECT 1 FROM tasks c WHERE c.parent_task_id = t.id AND c.is_deleted = false ) AND ta.user_id = ? ) OR (t.task_type = 'TODO' AND t.creator_id = ?) ) AND t.start_date <= ? AND t.end_date >= ? ORDER BY t.start_date LIMIT 500
2026-08-18T16:58:49.847+09:00 DEBUG 10884 --- [groupware] [nio-8080-exec-6] c.d.g.t.m.TaskMapper.searchCalendar      : ==> Parameters: 1(Long), 1(Long), 1(Long), 1(Long), 2026-09-06T00:00(LocalDateTime), 2026-07-26T00:00(LocalDateTime)
2026-08-18T16:58:49.851+09:00 DEBUG 10884 --- [groupware] [nio-8080-exec-6] c.d.g.t.m.TaskMapper.searchCalendar      : <==      Total: 9
2026-08-18T16:58:49.851+09:00 DEBUG 10884 --- [groupware] [nio-8080-exec-6] c.d.g.p.m.P.findByProjectAndUser         : ==>  Preparing: SELECT * FROM project_members WHERE project_id = ? AND user_id = ?
2026-08-18T16:58:49.852+09:00 DEBUG 10884 --- [groupware] [nio-8080-exec-6] c.d.g.p.m.P.findByProjectAndUser         : ==> Parameters: 3(Long), 1(Long)
2026-08-18T16:58:49.853+09:00 DEBUG 10884 --- [groupware] [nio-8080-exec-2] c.d.g.c.m.CategoryMapper.findByUserId    : ==>  Preparing: SELECT * FROM categories WHERE user_id = ? ORDER BY created_at DESC
2026-08-18T16:58:49.853+09:00 DEBUG 10884 --- [groupware] [nio-8080-exec-2] c.d.g.c.m.CategoryMapper.findByUserId    : ==> Parameters: 1(Long)
2026-08-18T16:58:49.853+09:00 DEBUG 10884 --- [groupware] [nio-8080-exec-6] c.d.g.p.m.P.findByProjectAndUser         : <==      Total: 1
2026-08-18T16:58:49.854+09:00 DEBUG 10884 --- [groupware] [nio-8080-exec-6] c.d.g.p.m.P.findByProjectAndUser         : ==>  Preparing: SELECT * FROM project_members WHERE project_id = ? AND user_id = ?
2026-08-18T16:58:49.854+09:00 DEBUG 10884 --- [groupware] [nio-8080-exec-6] c.d.g.p.m.P.findByProjectAndUser         : ==> Parameters: 3(Long), 1(Long)
2026-08-18T16:58:49.855+09:00 DEBUG 10884 --- [groupware] [nio-8080-exec-2] c.d.g.c.m.CategoryMapper.findByUserId    : <==      Total: 1
2026-08-18T16:58:49.855+09:00 DEBUG 10884 --- [groupware] [nio-8080-exec-2] c.d.g.c.m.C.findByDepartmentId           : ==>  Preparing: SELECT * FROM categories WHERE department_id = ? ORDER BY created_at DESC
2026-08-18T16:58:49.855+09:00 DEBUG 10884 --- [groupware] [nio-8080-exec-2] c.d.g.c.m.C.findByDepartmentId           : ==> Parameters: 7(Long)
2026-08-18T16:58:49.855+09:00 DEBUG 10884 --- [groupware] [nio-8080-exec-6] c.d.g.p.m.P.findByProjectAndUser         : <==      Total: 1
2026-08-18T16:58:49.855+09:00 DEBUG 10884 --- [groupware] [nio-8080-exec-6] c.d.g.p.m.P.findByProjectAndUser         : ==>  Preparing: SELECT * FROM project_members WHERE project_id = ? AND user_id = ?
2026-08-18T16:58:49.856+09:00 DEBUG 10884 --- [groupware] [nio-8080-exec-6] c.d.g.p.m.P.findByProjectAndUser         : ==> Parameters: 4(Long), 1(Long)
2026-08-18T16:58:49.856+09:00 DEBUG 10884 --- [groupware] [nio-8080-exec-2] c.d.g.c.m.C.findByDepartmentId           : <==      Total: 2
2026-08-18T16:58:49.857+09:00 DEBUG 10884 --- [groupware] [nio-8080-exec-6] c.d.g.p.m.P.findByProjectAndUser         : <==      Total: 1
2026-08-18T16:58:49.857+09:00 DEBUG 10884 --- [groupware] [nio-8080-exec-6] c.d.g.p.m.P.findByProjectAndUser         : ==>  Preparing: SELECT * FROM project_members WHERE project_id = ? AND user_id = ?
2026-08-18T16:58:49.857+09:00 DEBUG 10884 --- [groupware] [nio-8080-exec-6] c.d.g.p.m.P.findByProjectAndUser         : ==> Parameters: 3(Long), 1(Long)
2026-08-18T16:58:49.858+09:00 DEBUG 10884 --- [groupware] [nio-8080-exec-6] c.d.g.p.m.P.findByProjectAndUser         : <==      Total: 1
2026-08-18T16:58:49.859+09:00 DEBUG 10884 --- [groupware] [nio-8080-exec-6] c.d.g.p.m.P.findByProjectAndUser         : ==>  Preparing: SELECT * FROM project_members WHERE project_id = ? AND user_id = ?
2026-08-18T16:58:49.859+09:00 DEBUG 10884 --- [groupware] [nio-8080-exec-6] c.d.g.p.m.P.findByProjectAndUser         : ==> Parameters: 4(Long), 1(Long)
2026-08-18T16:58:49.860+09:00 DEBUG 10884 --- [groupware] [nio-8080-exec-6] c.d.g.p.m.P.findByProjectAndUser         : <==      Total: 1
2026-08-18T16:58:49.860+09:00 DEBUG 10884 --- [groupware] [nio-8080-exec-6] c.d.g.p.m.P.findByProjectAndUser         : ==>  Preparing: SELECT * FROM project_members WHERE project_id = ? AND user_id = ?
2026-08-18T16:58:49.860+09:00 DEBUG 10884 --- [groupware] [nio-8080-exec-6] c.d.g.p.m.P.findByProjectAndUser         : ==> Parameters: 6(Long), 1(Long)
2026-08-18T16:58:49.862+09:00 DEBUG 10884 --- [groupware] [nio-8080-exec-6] c.d.g.p.m.P.findByProjectAndUser         : <==      Total: 1
2026-08-18T16:58:49.862+09:00 DEBUG 10884 --- [groupware] [nio-8080-exec-6] c.d.g.p.m.P.findByProjectAndUser         : ==>  Preparing: SELECT * FROM project_members WHERE project_id = ? AND user_id = ?
2026-08-18T16:58:49.862+09:00 DEBUG 10884 --- [groupware] [nio-8080-exec-6] c.d.g.p.m.P.findByProjectAndUser         : ==> Parameters: 3(Long), 1(Long)
2026-08-18T16:58:49.863+09:00 DEBUG 10884 --- [groupware] [nio-8080-exec-6] c.d.g.p.m.P.findByProjectAndUser         : <==      Total: 1
2026-08-18T16:58:51.982+09:00 DEBUG 10884 --- [groupware] [nio-8080-exec-8] c.d.g.n.m.N.countUnread                  : ==>  Preparing: SELECT COUNT(*) FROM notifications WHERE user_id = ? AND is_read = false
2026-08-18T16:58:51.982+09:00 DEBUG 10884 --- [groupware] [nio-8080-exec-8] c.d.g.n.m.N.countUnread                  : ==> Parameters: 1(Long)
2026-08-18T16:58:51.985+09:00 DEBUG 10884 --- [groupware] [nio-8080-exec-8] c.d.g.n.m.N.countUnread                  : <==      Total: 1
2026-08-18T16:58:56.985+09:00 DEBUG 10884 --- [groupware] [io-8080-exec-10] c.d.g.n.m.N.countUnread                  : ==>  Preparing: SELECT COUNT(*) FROM notifications WHERE user_id = ? AND is_read = false
2026-08-18T16:58:56.986+09:00 DEBUG 10884 --- [groupware] [io-8080-exec-10] c.d.g.n.m.N.countUnread                  : ==> Parameters: 1(Long)
2026-08-18T16:58:56.988+09:00 DEBUG 10884 --- [groupware] [io-8080-exec-10] c.d.g.n.m.N.countUnread                  : <==      Total: 1
2026-08-18T16:59:01.978+09:00 DEBUG 10884 --- [groupware] [nio-8080-exec-1] c.d.g.n.m.N.countUnread                  : ==>  Preparing: SELECT COUNT(*) FROM notifications WHERE user_id = ? AND is_read = false
2026-08-18T16:59:01.979+09:00 DEBUG 10884 --- [groupware] [nio-8080-exec-1] c.d.g.n.m.N.countUnread                  : ==> Parameters: 1(Long)
2026-08-18T16:59:01.981+09:00 DEBUG 10884 --- [groupware] [nio-8080-exec-1] c.d.g.n.m.N.countUnread                  : <==      Total: 1
2026-08-18T16:59:04.890+09:00 DEBUG 10884 --- [groupware] [nio-8080-exec-4] c.d.g.d.mapper.DepartmentMapper.findAll  : ==>  Preparing: SELECT id, name, parent_id, type FROM departments ORDER BY id
2026-08-18T16:59:04.890+09:00 DEBUG 10884 --- [groupware] [nio-8080-exec-4] c.d.g.d.mapper.DepartmentMapper.findAll  : ==> Parameters: 
2026-08-18T16:59:04.892+09:00 DEBUG 10884 --- [groupware] [nio-8080-exec-4] c.d.g.d.mapper.DepartmentMapper.findAll  : <==      Total: 18
2026-08-18T16:59:04.894+09:00 DEBUG 10884 --- [groupware] [nio-8080-exec-4] c.d.g.t.m.TaskMapper.searchCalendar      : ==>  Preparing: SELECT DISTINCT t.* FROM tasks t LEFT JOIN task_assignees ta ON t.id = ta.task_id WHERE t.is_deleted = false AND ( (t.task_type = 'EVENT' AND ( t.creator_id = ? OR ta.user_id = ? OR (t.visibility = 'PUBLIC' AND t.creator_id IN ( SELECT id FROM users WHERE department_id IN ( ? ) ) ) )) OR (t.task_type = 'WBS_TASK' AND NOT EXISTS ( SELECT 1 FROM tasks c WHERE c.parent_task_id = t.id AND c.is_deleted = false ) AND t.project_id IN ( SELECT project_id FROM project_members WHERE user_id = ? ) ) OR (t.task_type = 'TODO' AND t.creator_id = ?) ) AND t.start_date <= ? AND t.end_date >= ? ORDER BY t.start_date LIMIT 500
2026-08-18T16:59:04.895+09:00 DEBUG 10884 --- [groupware] [nio-8080-exec-4] c.d.g.t.m.TaskMapper.searchCalendar      : ==> Parameters: 1(Long), 1(Long), 7(Long), 1(Long), 1(Long), 2026-09-06T00:00(LocalDateTime), 2026-07-26T00:00(LocalDateTime)
2026-08-18T16:59:04.899+09:00 DEBUG 10884 --- [groupware] [nio-8080-exec-4] c.d.g.t.m.TaskMapper.searchCalendar      : <==      Total: 23
2026-08-18T16:59:04.900+09:00 DEBUG 10884 --- [groupware] [nio-8080-exec-4] c.d.g.p.m.P.findByProjectAndUser         : ==>  Preparing: SELECT * FROM project_members WHERE project_id = ? AND user_id = ?
2026-08-18T16:59:04.900+09:00 DEBUG 10884 --- [groupware] [nio-8080-exec-4] c.d.g.p.m.P.findByProjectAndUser         : ==> Parameters: 6(Long), 1(Long)
2026-08-18T16:59:04.901+09:00 DEBUG 10884 --- [groupware] [nio-8080-exec-4] c.d.g.p.m.P.findByProjectAndUser         : <==      Total: 1
2026-08-18T16:59:04.902+09:00 DEBUG 10884 --- [groupware] [nio-8080-exec-4] c.d.g.p.m.P.findByProjectAndUser         : ==>  Preparing: SELECT * FROM project_members WHERE project_id = ? AND user_id = ?
2026-08-18T16:59:04.902+09:00 DEBUG 10884 --- [groupware] [nio-8080-exec-4] c.d.g.p.m.P.findByProjectAndUser         : ==> Parameters: 3(Long), 1(Long)
2026-08-18T16:59:04.903+09:00 DEBUG 10884 --- [groupware] [nio-8080-exec-4] c.d.g.p.m.P.findByProjectAndUser         : <==      Total: 1
2026-08-18T16:59:04.904+09:00 DEBUG 10884 --- [groupware] [nio-8080-exec-4] c.d.g.p.m.P.findByProjectAndUser         : ==>  Preparing: SELECT * FROM project_members WHERE project_id = ? AND user_id = ?
2026-08-18T16:59:04.904+09:00 DEBUG 10884 --- [groupware] [nio-8080-exec-4] c.d.g.p.m.P.findByProjectAndUser         : ==> Parameters: 4(Long), 1(Long)
2026-08-18T16:59:04.905+09:00 DEBUG 10884 --- [groupware] [nio-8080-exec-4] c.d.g.p.m.P.findByProjectAndUser         : <==      Total: 1
2026-08-18T16:59:04.905+09:00 DEBUG 10884 --- [groupware] [nio-8080-exec-4] c.d.g.p.m.P.findByProjectAndUser         : ==>  Preparing: SELECT * FROM project_members WHERE project_id = ? AND user_id = ?
2026-08-18T16:59:04.906+09:00 DEBUG 10884 --- [groupware] [nio-8080-exec-4] c.d.g.p.m.P.findByProjectAndUser         : ==> Parameters: 6(Long), 1(Long)
2026-08-18T16:59:04.907+09:00 DEBUG 10884 --- [groupware] [nio-8080-exec-4] c.d.g.p.m.P.findByProjectAndUser         : <==      Total: 1
2026-08-18T16:59:04.907+09:00 DEBUG 10884 --- [groupware] [nio-8080-exec-4] c.d.g.p.m.P.findByProjectAndUser         : ==>  Preparing: SELECT * FROM project_members WHERE project_id = ? AND user_id = ?
2026-08-18T16:59:04.907+09:00 DEBUG 10884 --- [groupware] [nio-8080-exec-4] c.d.g.p.m.P.findByProjectAndUser         : ==> Parameters: 3(Long), 1(Long)
2026-08-18T16:59:04.909+09:00 DEBUG 10884 --- [groupware] [nio-8080-exec-4] c.d.g.p.m.P.findByProjectAndUser         : <==      Total: 1
2026-08-18T16:59:04.909+09:00 DEBUG 10884 --- [groupware] [nio-8080-exec-4] c.d.g.p.m.P.findByProjectAndUser         : ==>  Preparing: SELECT * FROM project_members WHERE project_id = ? AND user_id = ?
2026-08-18T16:59:04.909+09:00 DEBUG 10884 --- [groupware] [nio-8080-exec-4] c.d.g.p.m.P.findByProjectAndUser         : ==> Parameters: 4(Long), 1(Long)
2026-08-18T16:59:04.910+09:00 DEBUG 10884 --- [groupware] [nio-8080-exec-4] c.d.g.p.m.P.findByProjectAndUser         : <==      Total: 1
2026-08-18T16:59:04.911+09:00 DEBUG 10884 --- [groupware] [nio-8080-exec-4] c.d.g.p.m.P.findByProjectAndUser         : ==>  Preparing: SELECT * FROM project_members WHERE project_id = ? AND user_id = ?
2026-08-18T16:59:04.911+09:00 DEBUG 10884 --- [groupware] [nio-8080-exec-4] c.d.g.p.m.P.findByProjectAndUser         : ==> Parameters: 3(Long), 1(Long)
2026-08-18T16:59:04.912+09:00 DEBUG 10884 --- [groupware] [nio-8080-exec-4] c.d.g.p.m.P.findByProjectAndUser         : <==      Total: 1
2026-08-18T16:59:04.912+09:00 DEBUG 10884 --- [groupware] [nio-8080-exec-4] c.d.g.p.m.P.findByProjectAndUser         : ==>  Preparing: SELECT * FROM project_members WHERE project_id = ? AND user_id = ?
2026-08-18T16:59:04.912+09:00 DEBUG 10884 --- [groupware] [nio-8080-exec-4] c.d.g.p.m.P.findByProjectAndUser         : ==> Parameters: 6(Long), 1(Long)
2026-08-18T16:59:04.913+09:00 DEBUG 10884 --- [groupware] [nio-8080-exec-4] c.d.g.p.m.P.findByProjectAndUser         : <==      Total: 1
2026-08-18T16:59:04.913+09:00 DEBUG 10884 --- [groupware] [nio-8080-exec-4] c.d.g.p.m.P.findByProjectAndUser         : ==>  Preparing: SELECT * FROM project_members WHERE project_id = ? AND user_id = ?
2026-08-18T16:59:04.913+09:00 DEBUG 10884 --- [groupware] [nio-8080-exec-4] c.d.g.p.m.P.findByProjectAndUser         : ==> Parameters: 3(Long), 1(Long)
2026-08-18T16:59:04.914+09:00 DEBUG 10884 --- [groupware] [nio-8080-exec-4] c.d.g.p.m.P.findByProjectAndUser         : <==      Total: 1
2026-08-18T16:59:04.914+09:00 DEBUG 10884 --- [groupware] [nio-8080-exec-4] c.d.g.p.m.P.findByProjectAndUser         : ==>  Preparing: SELECT * FROM project_members WHERE project_id = ? AND user_id = ?
2026-08-18T16:59:04.915+09:00 DEBUG 10884 --- [groupware] [nio-8080-exec-4] c.d.g.p.m.P.findByProjectAndUser         : ==> Parameters: 4(Long), 1(Long)
2026-08-18T16:59:04.915+09:00 DEBUG 10884 --- [groupware] [nio-8080-exec-4] c.d.g.p.m.P.findByProjectAndUser         : <==      Total: 1
2026-08-18T16:59:04.915+09:00 DEBUG 10884 --- [groupware] [nio-8080-exec-4] c.d.g.p.m.P.findByProjectAndUser         : ==>  Preparing: SELECT * FROM project_members WHERE project_id = ? AND user_id = ?
2026-08-18T16:59:04.916+09:00 DEBUG 10884 --- [groupware] [nio-8080-exec-4] c.d.g.p.m.P.findByProjectAndUser         : ==> Parameters: 3(Long), 1(Long)
2026-08-18T16:59:04.916+09:00 DEBUG 10884 --- [groupware] [nio-8080-exec-4] c.d.g.p.m.P.findByProjectAndUser         : <==      Total: 1
2026-08-18T16:59:04.917+09:00 DEBUG 10884 --- [groupware] [nio-8080-exec-4] c.d.g.p.m.P.findByProjectAndUser         : ==>  Preparing: SELECT * FROM project_members WHERE project_id = ? AND user_id = ?
2026-08-18T16:59:04.917+09:00 DEBUG 10884 --- [groupware] [nio-8080-exec-4] c.d.g.p.m.P.findByProjectAndUser         : ==> Parameters: 3(Long), 1(Long)
2026-08-18T16:59:04.917+09:00 DEBUG 10884 --- [groupware] [nio-8080-exec-4] c.d.g.p.m.P.findByProjectAndUser         : <==      Total: 1
2026-08-18T16:59:04.918+09:00 DEBUG 10884 --- [groupware] [nio-8080-exec-4] c.d.g.p.m.P.findByProjectAndUser         : ==>  Preparing: SELECT * FROM project_members WHERE project_id = ? AND user_id = ?
2026-08-18T16:59:04.918+09:00 DEBUG 10884 --- [groupware] [nio-8080-exec-4] c.d.g.p.m.P.findByProjectAndUser         : ==> Parameters: 6(Long), 1(Long)
2026-08-18T16:59:04.919+09:00 DEBUG 10884 --- [groupware] [nio-8080-exec-4] c.d.g.p.m.P.findByProjectAndUser         : <==      Total: 1
2026-08-18T16:59:04.919+09:00 DEBUG 10884 --- [groupware] [nio-8080-exec-4] c.d.g.p.m.P.findByProjectAndUser         : ==>  Preparing: SELECT * FROM project_members WHERE project_id = ? AND user_id = ?
2026-08-18T16:59:04.919+09:00 DEBUG 10884 --- [groupware] [nio-8080-exec-4] c.d.g.p.m.P.findByProjectAndUser         : ==> Parameters: 3(Long), 1(Long)
2026-08-18T16:59:04.920+09:00 DEBUG 10884 --- [groupware] [nio-8080-exec-4] c.d.g.p.m.P.findByProjectAndUser         : <==      Total: 1
2026-08-18T16:59:04.920+09:00 DEBUG 10884 --- [groupware] [nio-8080-exec-4] c.d.g.p.m.P.findByProjectAndUser         : ==>  Preparing: SELECT * FROM project_members WHERE project_id = ? AND user_id = ?
2026-08-18T16:59:04.920+09:00 DEBUG 10884 --- [groupware] [nio-8080-exec-4] c.d.g.p.m.P.findByProjectAndUser         : ==> Parameters: 4(Long), 1(Long)
2026-08-18T16:59:04.922+09:00 DEBUG 10884 --- [groupware] [nio-8080-exec-4] c.d.g.p.m.P.findByProjectAndUser         : <==      Total: 1
2026-08-18T16:59:04.922+09:00 DEBUG 10884 --- [groupware] [nio-8080-exec-4] c.d.g.p.m.P.findByProjectAndUser         : ==>  Preparing: SELECT * FROM project_members WHERE project_id = ? AND user_id = ?
2026-08-18T16:59:04.922+09:00 DEBUG 10884 --- [groupware] [nio-8080-exec-4] c.d.g.p.m.P.findByProjectAndUser         : ==> Parameters: 4(Long), 1(Long)
2026-08-18T16:59:04.923+09:00 DEBUG 10884 --- [groupware] [nio-8080-exec-4] c.d.g.p.m.P.findByProjectAndUser         : <==      Total: 1
2026-08-18T16:59:04.923+09:00 DEBUG 10884 --- [groupware] [nio-8080-exec-4] c.d.g.p.m.P.findByProjectAndUser         : ==>  Preparing: SELECT * FROM project_members WHERE project_id = ? AND user_id = ?
2026-08-18T16:59:04.924+09:00 DEBUG 10884 --- [groupware] [nio-8080-exec-4] c.d.g.p.m.P.findByProjectAndUser         : ==> Parameters: 4(Long), 1(Long)
2026-08-18T16:59:04.925+09:00 DEBUG 10884 --- [groupware] [nio-8080-exec-4] c.d.g.p.m.P.findByProjectAndUser         : <==      Total: 1
2026-08-18T16:59:04.926+09:00 DEBUG 10884 --- [groupware] [nio-8080-exec-4] c.d.g.p.m.P.findByProjectAndUser         : ==>  Preparing: SELECT * FROM project_members WHERE project_id = ? AND user_id = ?
2026-08-18T16:59:04.926+09:00 DEBUG 10884 --- [groupware] [nio-8080-exec-4] c.d.g.p.m.P.findByProjectAndUser         : ==> Parameters: 3(Long), 1(Long)
2026-08-18T16:59:04.926+09:00 DEBUG 10884 --- [groupware] [nio-8080-exec-4] c.d.g.p.m.P.findByProjectAndUser         : <==      Total: 1
2026-08-18T16:59:04.927+09:00 DEBUG 10884 --- [groupware] [nio-8080-exec-4] c.d.g.p.m.P.findByProjectAndUser         : ==>  Preparing: SELECT * FROM project_members WHERE project_id = ? AND user_id = ?
2026-08-18T16:59:04.927+09:00 DEBUG 10884 --- [groupware] [nio-8080-exec-4] c.d.g.p.m.P.findByProjectAndUser         : ==> Parameters: 3(Long), 1(Long)
2026-08-18T16:59:04.928+09:00 DEBUG 10884 --- [groupware] [nio-8080-exec-4] c.d.g.p.m.P.findByProjectAndUser         : <==      Total: 1
2026-08-18T16:59:04.928+09:00 DEBUG 10884 --- [groupware] [nio-8080-exec-4] c.d.g.p.m.P.findByProjectAndUser         : ==>  Preparing: SELECT * FROM project_members WHERE project_id = ? AND user_id = ?
2026-08-18T16:59:04.928+09:00 DEBUG 10884 --- [groupware] [nio-8080-exec-4] c.d.g.p.m.P.findByProjectAndUser         : ==> Parameters: 3(Long), 1(Long)
2026-08-18T16:59:04.929+09:00 DEBUG 10884 --- [groupware] [nio-8080-exec-4] c.d.g.p.m.P.findByProjectAndUser         : <==      Total: 1
2026-08-18T16:59:04.929+09:00 DEBUG 10884 --- [groupware] [nio-8080-exec-4] c.d.g.p.m.P.findByProjectAndUser         : ==>  Preparing: SELECT * FROM project_members WHERE project_id = ? AND user_id = ?
2026-08-18T16:59:04.929+09:00 DEBUG 10884 --- [groupware] [nio-8080-exec-4] c.d.g.p.m.P.findByProjectAndUser         : ==> Parameters: 6(Long), 1(Long)
2026-08-18T16:59:04.929+09:00 DEBUG 10884 --- [groupware] [nio-8080-exec-4] c.d.g.p.m.P.findByProjectAndUser         : <==      Total: 1
2026-08-18T16:59:05.571+09:00 DEBUG 10884 --- [groupware] [nio-8080-exec-3] c.d.g.t.m.TaskMapper.searchCalendar      : ==>  Preparing: SELECT DISTINCT t.* FROM tasks t LEFT JOIN task_assignees ta ON t.id = ta.task_id WHERE t.is_deleted = false AND ( (t.task_type = 'EVENT' AND ( t.creator_id = ? OR ta.user_id = ? )) OR (t.task_type = 'WBS_TASK' AND NOT EXISTS ( SELECT 1 FROM tasks c WHERE c.parent_task_id = t.id AND c.is_deleted = false ) AND ta.user_id = ? ) OR (t.task_type = 'TODO' AND t.creator_id = ?) ) AND t.start_date <= ? AND t.end_date >= ? ORDER BY t.start_date LIMIT 500
2026-08-18T16:59:05.572+09:00 DEBUG 10884 --- [groupware] [nio-8080-exec-3] c.d.g.t.m.TaskMapper.searchCalendar      : ==> Parameters: 1(Long), 1(Long), 1(Long), 1(Long), 2026-09-06T00:00(LocalDateTime), 2026-07-26T00:00(LocalDateTime)
2026-08-18T16:59:05.575+09:00 DEBUG 10884 --- [groupware] [nio-8080-exec-3] c.d.g.t.m.TaskMapper.searchCalendar      : <==      Total: 9
2026-08-18T16:59:05.576+09:00 DEBUG 10884 --- [groupware] [nio-8080-exec-3] c.d.g.p.m.P.findByProjectAndUser         : ==>  Preparing: SELECT * FROM project_members WHERE project_id = ? AND user_id = ?
2026-08-18T16:59:05.576+09:00 DEBUG 10884 --- [groupware] [nio-8080-exec-3] c.d.g.p.m.P.findByProjectAndUser         : ==> Parameters: 3(Long), 1(Long)
2026-08-18T16:59:05.577+09:00 DEBUG 10884 --- [groupware] [nio-8080-exec-3] c.d.g.p.m.P.findByProjectAndUser         : <==      Total: 1
2026-08-18T16:59:05.577+09:00 DEBUG 10884 --- [groupware] [nio-8080-exec-3] c.d.g.p.m.P.findByProjectAndUser         : ==>  Preparing: SELECT * FROM project_members WHERE project_id = ? AND user_id = ?
2026-08-18T16:59:05.578+09:00 DEBUG 10884 --- [groupware] [nio-8080-exec-3] c.d.g.p.m.P.findByProjectAndUser         : ==> Parameters: 3(Long), 1(Long)
2026-08-18T16:59:05.579+09:00 DEBUG 10884 --- [groupware] [nio-8080-exec-3] c.d.g.p.m.P.findByProjectAndUser         : <==      Total: 1
2026-08-18T16:59:05.580+09:00 DEBUG 10884 --- [groupware] [nio-8080-exec-3] c.d.g.p.m.P.findByProjectAndUser         : ==>  Preparing: SELECT * FROM project_members WHERE project_id = ? AND user_id = ?
2026-08-18T16:59:05.580+09:00 DEBUG 10884 --- [groupware] [nio-8080-exec-3] c.d.g.p.m.P.findByProjectAndUser         : ==> Parameters: 4(Long), 1(Long)
2026-08-18T16:59:05.582+09:00 DEBUG 10884 --- [groupware] [nio-8080-exec-3] c.d.g.p.m.P.findByProjectAndUser         : <==      Total: 1
2026-08-18T16:59:05.582+09:00 DEBUG 10884 --- [groupware] [nio-8080-exec-3] c.d.g.p.m.P.findByProjectAndUser         : ==>  Preparing: SELECT * FROM project_members WHERE project_id = ? AND user_id = ?
2026-08-18T16:59:05.582+09:00 DEBUG 10884 --- [groupware] [nio-8080-exec-3] c.d.g.p.m.P.findByProjectAndUser         : ==> Parameters: 3(Long), 1(Long)
2026-08-18T16:59:05.584+09:00 DEBUG 10884 --- [groupware] [nio-8080-exec-3] c.d.g.p.m.P.findByProjectAndUser         : <==      Total: 1
2026-08-18T16:59:05.584+09:00 DEBUG 10884 --- [groupware] [nio-8080-exec-3] c.d.g.p.m.P.findByProjectAndUser         : ==>  Preparing: SELECT * FROM project_members WHERE project_id = ? AND user_id = ?
2026-08-18T16:59:05.584+09:00 DEBUG 10884 --- [groupware] [nio-8080-exec-3] c.d.g.p.m.P.findByProjectAndUser         : ==> Parameters: 4(Long), 1(Long)
2026-08-18T16:59:05.586+09:00 DEBUG 10884 --- [groupware] [nio-8080-exec-3] c.d.g.p.m.P.findByProjectAndUser         : <==      Total: 1
2026-08-18T16:59:05.586+09:00 DEBUG 10884 --- [groupware] [nio-8080-exec-3] c.d.g.p.m.P.findByProjectAndUser         : ==>  Preparing: SELECT * FROM project_members WHERE project_id = ? AND user_id = ?
2026-08-18T16:59:05.586+09:00 DEBUG 10884 --- [groupware] [nio-8080-exec-3] c.d.g.p.m.P.findByProjectAndUser         : ==> Parameters: 6(Long), 1(Long)
2026-08-18T16:59:05.587+09:00 DEBUG 10884 --- [groupware] [nio-8080-exec-3] c.d.g.p.m.P.findByProjectAndUser         : <==      Total: 1
2026-08-18T16:59:05.587+09:00 DEBUG 10884 --- [groupware] [nio-8080-exec-3] c.d.g.p.m.P.findByProjectAndUser         : ==>  Preparing: SELECT * FROM project_members WHERE project_id = ? AND user_id = ?
2026-08-18T16:59:05.588+09:00 DEBUG 10884 --- [groupware] [nio-8080-exec-3] c.d.g.p.m.P.findByProjectAndUser         : ==> Parameters: 3(Long), 1(Long)
2026-08-18T16:59:05.589+09:00 DEBUG 10884 --- [groupware] [nio-8080-exec-3] c.d.g.p.m.P.findByProjectAndUser         : <==      Total: 1
2026-08-18T16:59:06.721+09:00 DEBUG 10884 --- [groupware] [nio-8080-exec-5] c.d.g.d.mapper.DepartmentMapper.findAll  : ==>  Preparing: SELECT id, name, parent_id, type FROM departments ORDER BY id
2026-08-18T16:59:06.722+09:00 DEBUG 10884 --- [groupware] [nio-8080-exec-5] c.d.g.d.mapper.DepartmentMapper.findAll  : ==> Parameters: 
2026-08-18T16:59:06.724+09:00 DEBUG 10884 --- [groupware] [nio-8080-exec-5] c.d.g.d.mapper.DepartmentMapper.findAll  : <==      Total: 18
2026-08-18T16:59:06.725+09:00 DEBUG 10884 --- [groupware] [nio-8080-exec-5] c.d.g.t.m.TaskMapper.searchCalendar      : ==>  Preparing: SELECT DISTINCT t.* FROM tasks t LEFT JOIN task_assignees ta ON t.id = ta.task_id WHERE t.is_deleted = false AND ( (t.task_type = 'EVENT' AND ( t.creator_id = ? OR ta.user_id = ? OR (t.visibility = 'PUBLIC' AND t.creator_id IN ( SELECT id FROM users WHERE department_id IN ( ? ) ) ) )) OR (t.task_type = 'WBS_TASK' AND NOT EXISTS ( SELECT 1 FROM tasks c WHERE c.parent_task_id = t.id AND c.is_deleted = false ) AND t.project_id IN ( SELECT project_id FROM project_members WHERE user_id = ? ) ) OR (t.task_type = 'TODO' AND t.creator_id = ?) ) AND t.start_date <= ? AND t.end_date >= ? ORDER BY t.start_date LIMIT 500
2026-08-18T16:59:06.726+09:00 DEBUG 10884 --- [groupware] [nio-8080-exec-5] c.d.g.t.m.TaskMapper.searchCalendar      : ==> Parameters: 1(Long), 1(Long), 7(Long), 1(Long), 1(Long), 2026-09-06T00:00(LocalDateTime), 2026-07-26T00:00(LocalDateTime)
2026-08-18T16:59:06.730+09:00 DEBUG 10884 --- [groupware] [nio-8080-exec-5] c.d.g.t.m.TaskMapper.searchCalendar      : <==      Total: 23
2026-08-18T16:59:06.731+09:00 DEBUG 10884 --- [groupware] [nio-8080-exec-5] c.d.g.p.m.P.findByProjectAndUser         : ==>  Preparing: SELECT * FROM project_members WHERE project_id = ? AND user_id = ?
2026-08-18T16:59:06.731+09:00 DEBUG 10884 --- [groupware] [nio-8080-exec-5] c.d.g.p.m.P.findByProjectAndUser         : ==> Parameters: 6(Long), 1(Long)
2026-08-18T16:59:06.732+09:00 DEBUG 10884 --- [groupware] [nio-8080-exec-5] c.d.g.p.m.P.findByProjectAndUser         : <==      Total: 1
2026-08-18T16:59:06.733+09:00 DEBUG 10884 --- [groupware] [nio-8080-exec-5] c.d.g.p.m.P.findByProjectAndUser         : ==>  Preparing: SELECT * FROM project_members WHERE project_id = ? AND user_id = ?
2026-08-18T16:59:06.733+09:00 DEBUG 10884 --- [groupware] [nio-8080-exec-5] c.d.g.p.m.P.findByProjectAndUser         : ==> Parameters: 3(Long), 1(Long)
2026-08-18T16:59:06.734+09:00 DEBUG 10884 --- [groupware] [nio-8080-exec-5] c.d.g.p.m.P.findByProjectAndUser         : <==      Total: 1
2026-08-18T16:59:06.735+09:00 DEBUG 10884 --- [groupware] [nio-8080-exec-5] c.d.g.p.m.P.findByProjectAndUser         : ==>  Preparing: SELECT * FROM project_members WHERE project_id = ? AND user_id = ?
2026-08-18T16:59:06.735+09:00 DEBUG 10884 --- [groupware] [nio-8080-exec-5] c.d.g.p.m.P.findByProjectAndUser         : ==> Parameters: 4(Long), 1(Long)
2026-08-18T16:59:06.737+09:00 DEBUG 10884 --- [groupware] [nio-8080-exec-5] c.d.g.p.m.P.findByProjectAndUser         : <==      Total: 1
2026-08-18T16:59:06.737+09:00 DEBUG 10884 --- [groupware] [nio-8080-exec-5] c.d.g.p.m.P.findByProjectAndUser         : ==>  Preparing: SELECT * FROM project_members WHERE project_id = ? AND user_id = ?
2026-08-18T16:59:06.737+09:00 DEBUG 10884 --- [groupware] [nio-8080-exec-5] c.d.g.p.m.P.findByProjectAndUser         : ==> Parameters: 6(Long), 1(Long)
2026-08-18T16:59:06.738+09:00 DEBUG 10884 --- [groupware] [nio-8080-exec-5] c.d.g.p.m.P.findByProjectAndUser         : <==      Total: 1
2026-08-18T16:59:06.739+09:00 DEBUG 10884 --- [groupware] [nio-8080-exec-5] c.d.g.p.m.P.findByProjectAndUser         : ==>  Preparing: SELECT * FROM project_members WHERE project_id = ? AND user_id = ?
2026-08-18T16:59:06.739+09:00 DEBUG 10884 --- [groupware] [nio-8080-exec-5] c.d.g.p.m.P.findByProjectAndUser         : ==> Parameters: 3(Long), 1(Long)
2026-08-18T16:59:06.740+09:00 DEBUG 10884 --- [groupware] [nio-8080-exec-5] c.d.g.p.m.P.findByProjectAndUser         : <==      Total: 1
2026-08-18T16:59:06.740+09:00 DEBUG 10884 --- [groupware] [nio-8080-exec-5] c.d.g.p.m.P.findByProjectAndUser         : ==>  Preparing: SELECT * FROM project_members WHERE project_id = ? AND user_id = ?
2026-08-18T16:59:06.741+09:00 DEBUG 10884 --- [groupware] [nio-8080-exec-5] c.d.g.p.m.P.findByProjectAndUser         : ==> Parameters: 4(Long), 1(Long)
2026-08-18T16:59:06.742+09:00 DEBUG 10884 --- [groupware] [nio-8080-exec-5] c.d.g.p.m.P.findByProjectAndUser         : <==      Total: 1
2026-08-18T16:59:06.742+09:00 DEBUG 10884 --- [groupware] [nio-8080-exec-5] c.d.g.p.m.P.findByProjectAndUser         : ==>  Preparing: SELECT * FROM project_members WHERE project_id = ? AND user_id = ?
2026-08-18T16:59:06.743+09:00 DEBUG 10884 --- [groupware] [nio-8080-exec-5] c.d.g.p.m.P.findByProjectAndUser         : ==> Parameters: 3(Long), 1(Long)
2026-08-18T16:59:06.744+09:00 DEBUG 10884 --- [groupware] [nio-8080-exec-5] c.d.g.p.m.P.findByProjectAndUser         : <==      Total: 1
2026-08-18T16:59:06.744+09:00 DEBUG 10884 --- [groupware] [nio-8080-exec-5] c.d.g.p.m.P.findByProjectAndUser         : ==>  Preparing: SELECT * FROM project_members WHERE project_id = ? AND user_id = ?
2026-08-18T16:59:06.744+09:00 DEBUG 10884 --- [groupware] [nio-8080-exec-5] c.d.g.p.m.P.findByProjectAndUser         : ==> Parameters: 6(Long), 1(Long)
2026-08-18T16:59:06.745+09:00 DEBUG 10884 --- [groupware] [nio-8080-exec-5] c.d.g.p.m.P.findByProjectAndUser         : <==      Total: 1
2026-08-18T16:59:06.746+09:00 DEBUG 10884 --- [groupware] [nio-8080-exec-5] c.d.g.p.m.P.findByProjectAndUser         : ==>  Preparing: SELECT * FROM project_members WHERE project_id = ? AND user_id = ?
2026-08-18T16:59:06.746+09:00 DEBUG 10884 --- [groupware] [nio-8080-exec-5] c.d.g.p.m.P.findByProjectAndUser         : ==> Parameters: 3(Long), 1(Long)
2026-08-18T16:59:06.747+09:00 DEBUG 10884 --- [groupware] [nio-8080-exec-5] c.d.g.p.m.P.findByProjectAndUser         : <==      Total: 1
2026-08-18T16:59:06.747+09:00 DEBUG 10884 --- [groupware] [nio-8080-exec-5] c.d.g.p.m.P.findByProjectAndUser         : ==>  Preparing: SELECT * FROM project_members WHERE project_id = ? AND user_id = ?
2026-08-18T16:59:06.747+09:00 DEBUG 10884 --- [groupware] [nio-8080-exec-5] c.d.g.p.m.P.findByProjectAndUser         : ==> Parameters: 4(Long), 1(Long)
2026-08-18T16:59:06.749+09:00 DEBUG 10884 --- [groupware] [nio-8080-exec-5] c.d.g.p.m.P.findByProjectAndUser         : <==      Total: 1
2026-08-18T16:59:06.749+09:00 DEBUG 10884 --- [groupware] [nio-8080-exec-5] c.d.g.p.m.P.findByProjectAndUser         : ==>  Preparing: SELECT * FROM project_members WHERE project_id = ? AND user_id = ?
2026-08-18T16:59:06.749+09:00 DEBUG 10884 --- [groupware] [nio-8080-exec-5] c.d.g.p.m.P.findByProjectAndUser         : ==> Parameters: 3(Long), 1(Long)
2026-08-18T16:59:06.750+09:00 DEBUG 10884 --- [groupware] [nio-8080-exec-5] c.d.g.p.m.P.findByProjectAndUser         : <==      Total: 1
2026-08-18T16:59:06.750+09:00 DEBUG 10884 --- [groupware] [nio-8080-exec-5] c.d.g.p.m.P.findByProjectAndUser         : ==>  Preparing: SELECT * FROM project_members WHERE project_id = ? AND user_id = ?
2026-08-18T16:59:06.750+09:00 DEBUG 10884 --- [groupware] [nio-8080-exec-5] c.d.g.p.m.P.findByProjectAndUser         : ==> Parameters: 3(Long), 1(Long)
2026-08-18T16:59:06.752+09:00 DEBUG 10884 --- [groupware] [nio-8080-exec-5] c.d.g.p.m.P.findByProjectAndUser         : <==      Total: 1
2026-08-18T16:59:06.752+09:00 DEBUG 10884 --- [groupware] [nio-8080-exec-5] c.d.g.p.m.P.findByProjectAndUser         : ==>  Preparing: SELECT * FROM project_members WHERE project_id = ? AND user_id = ?
2026-08-18T16:59:06.752+09:00 DEBUG 10884 --- [groupware] [nio-8080-exec-5] c.d.g.p.m.P.findByProjectAndUser         : ==> Parameters: 6(Long), 1(Long)
2026-08-18T16:59:06.753+09:00 DEBUG 10884 --- [groupware] [nio-8080-exec-5] c.d.g.p.m.P.findByProjectAndUser         : <==      Total: 1
2026-08-18T16:59:06.754+09:00 DEBUG 10884 --- [groupware] [nio-8080-exec-5] c.d.g.p.m.P.findByProjectAndUser         : ==>  Preparing: SELECT * FROM project_members WHERE project_id = ? AND user_id = ?
2026-08-18T16:59:06.754+09:00 DEBUG 10884 --- [groupware] [nio-8080-exec-5] c.d.g.p.m.P.findByProjectAndUser         : ==> Parameters: 3(Long), 1(Long)
2026-08-18T16:59:06.755+09:00 DEBUG 10884 --- [groupware] [nio-8080-exec-5] c.d.g.p.m.P.findByProjectAndUser         : <==      Total: 1
2026-08-18T16:59:06.756+09:00 DEBUG 10884 --- [groupware] [nio-8080-exec-5] c.d.g.p.m.P.findByProjectAndUser         : ==>  Preparing: SELECT * FROM project_members WHERE project_id = ? AND user_id = ?
2026-08-18T16:59:06.756+09:00 DEBUG 10884 --- [groupware] [nio-8080-exec-5] c.d.g.p.m.P.findByProjectAndUser         : ==> Parameters: 4(Long), 1(Long)
2026-08-18T16:59:06.758+09:00 DEBUG 10884 --- [groupware] [nio-8080-exec-5] c.d.g.p.m.P.findByProjectAndUser         : <==      Total: 1
2026-08-18T16:59:06.758+09:00 DEBUG 10884 --- [groupware] [nio-8080-exec-5] c.d.g.p.m.P.findByProjectAndUser         : ==>  Preparing: SELECT * FROM project_members WHERE project_id = ? AND user_id = ?
2026-08-18T16:59:06.759+09:00 DEBUG 10884 --- [groupware] [nio-8080-exec-5] c.d.g.p.m.P.findByProjectAndUser         : ==> Parameters: 4(Long), 1(Long)
2026-08-18T16:59:06.760+09:00 DEBUG 10884 --- [groupware] [nio-8080-exec-5] c.d.g.p.m.P.findByProjectAndUser         : <==      Total: 1
2026-08-18T16:59:06.760+09:00 DEBUG 10884 --- [groupware] [nio-8080-exec-5] c.d.g.p.m.P.findByProjectAndUser         : ==>  Preparing: SELECT * FROM project_members WHERE project_id = ? AND user_id = ?
2026-08-18T16:59:06.760+09:00 DEBUG 10884 --- [groupware] [nio-8080-exec-5] c.d.g.p.m.P.findByProjectAndUser         : ==> Parameters: 4(Long), 1(Long)
2026-08-18T16:59:06.761+09:00 DEBUG 10884 --- [groupware] [nio-8080-exec-5] c.d.g.p.m.P.findByProjectAndUser         : <==      Total: 1
2026-08-18T16:59:06.762+09:00 DEBUG 10884 --- [groupware] [nio-8080-exec-5] c.d.g.p.m.P.findByProjectAndUser         : ==>  Preparing: SELECT * FROM project_members WHERE project_id = ? AND user_id = ?
2026-08-18T16:59:06.762+09:00 DEBUG 10884 --- [groupware] [nio-8080-exec-5] c.d.g.p.m.P.findByProjectAndUser         : ==> Parameters: 3(Long), 1(Long)
2026-08-18T16:59:06.763+09:00 DEBUG 10884 --- [groupware] [nio-8080-exec-5] c.d.g.p.m.P.findByProjectAndUser         : <==      Total: 1
2026-08-18T16:59:06.763+09:00 DEBUG 10884 --- [groupware] [nio-8080-exec-5] c.d.g.p.m.P.findByProjectAndUser         : ==>  Preparing: SELECT * FROM project_members WHERE project_id = ? AND user_id = ?
2026-08-18T16:59:06.763+09:00 DEBUG 10884 --- [groupware] [nio-8080-exec-5] c.d.g.p.m.P.findByProjectAndUser         : ==> Parameters: 3(Long), 1(Long)
2026-08-18T16:59:06.764+09:00 DEBUG 10884 --- [groupware] [nio-8080-exec-5] c.d.g.p.m.P.findByProjectAndUser         : <==      Total: 1
2026-08-18T16:59:06.764+09:00 DEBUG 10884 --- [groupware] [nio-8080-exec-5] c.d.g.p.m.P.findByProjectAndUser         : ==>  Preparing: SELECT * FROM project_members WHERE project_id = ? AND user_id = ?
2026-08-18T16:59:06.764+09:00 DEBUG 10884 --- [groupware] [nio-8080-exec-5] c.d.g.p.m.P.findByProjectAndUser         : ==> Parameters: 3(Long), 1(Long)
2026-08-18T16:59:06.765+09:00 DEBUG 10884 --- [groupware] [nio-8080-exec-5] c.d.g.p.m.P.findByProjectAndUser         : <==      Total: 1
2026-08-18T16:59:06.765+09:00 DEBUG 10884 --- [groupware] [nio-8080-exec-5] c.d.g.p.m.P.findByProjectAndUser         : ==>  Preparing: SELECT * FROM project_members WHERE project_id = ? AND user_id = ?
2026-08-18T16:59:06.765+09:00 DEBUG 10884 --- [groupware] [nio-8080-exec-5] c.d.g.p.m.P.findByProjectAndUser         : ==> Parameters: 6(Long), 1(Long)
2026-08-18T16:59:06.766+09:00 DEBUG 10884 --- [groupware] [nio-8080-exec-5] c.d.g.p.m.P.findByProjectAndUser         : <==      Total: 1
2026-08-18T16:59:06.975+09:00 DEBUG 10884 --- [groupware] [nio-8080-exec-9] c.d.g.n.m.N.countUnread                  : ==>  Preparing: SELECT COUNT(*) FROM notifications WHERE user_id = ? AND is_read = false
2026-08-18T16:59:06.976+09:00 DEBUG 10884 --- [groupware] [nio-8080-exec-9] c.d.g.n.m.N.countUnread                  : ==> Parameters: 1(Long)
2026-08-18T16:59:06.978+09:00 DEBUG 10884 --- [groupware] [nio-8080-exec-9] c.d.g.n.m.N.countUnread                  : <==      Total: 1
2026-08-18T16:59:08.467+09:00 DEBUG 10884 --- [groupware] [nio-8080-exec-7] c.d.g.t.m.TaskMapper.searchCalendar      : ==>  Preparing: SELECT DISTINCT t.* FROM tasks t LEFT JOIN task_assignees ta ON t.id = ta.task_id WHERE t.is_deleted = false AND ( (t.task_type = 'EVENT' AND ( t.creator_id = ? OR ta.user_id = ? )) OR (t.task_type = 'WBS_TASK' AND NOT EXISTS ( SELECT 1 FROM tasks c WHERE c.parent_task_id = t.id AND c.is_deleted = false ) AND ta.user_id = ? ) OR (t.task_type = 'TODO' AND t.creator_id = ?) ) AND t.start_date <= ? AND t.end_date >= ? ORDER BY t.start_date LIMIT 500
2026-08-18T16:59:08.468+09:00 DEBUG 10884 --- [groupware] [nio-8080-exec-7] c.d.g.t.m.TaskMapper.searchCalendar      : ==> Parameters: 1(Long), 1(Long), 1(Long), 1(Long), 2026-09-06T00:00(LocalDateTime), 2026-07-26T00:00(LocalDateTime)
2026-08-18T16:59:08.472+09:00 DEBUG 10884 --- [groupware] [nio-8080-exec-7] c.d.g.t.m.TaskMapper.searchCalendar      : <==      Total: 9
2026-08-18T16:59:08.472+09:00 DEBUG 10884 --- [groupware] [nio-8080-exec-7] c.d.g.p.m.P.findByProjectAndUser         : ==>  Preparing: SELECT * FROM project_members WHERE project_id = ? AND user_id = ?
2026-08-18T16:59:08.472+09:00 DEBUG 10884 --- [groupware] [nio-8080-exec-7] c.d.g.p.m.P.findByProjectAndUser         : ==> Parameters: 3(Long), 1(Long)
2026-08-18T16:59:08.474+09:00 DEBUG 10884 --- [groupware] [nio-8080-exec-7] c.d.g.p.m.P.findByProjectAndUser         : <==      Total: 1
2026-08-18T16:59:08.474+09:00 DEBUG 10884 --- [groupware] [nio-8080-exec-7] c.d.g.p.m.P.findByProjectAndUser         : ==>  Preparing: SELECT * FROM project_members WHERE project_id = ? AND user_id = ?
2026-08-18T16:59:08.475+09:00 DEBUG 10884 --- [groupware] [nio-8080-exec-7] c.d.g.p.m.P.findByProjectAndUser         : ==> Parameters: 3(Long), 1(Long)
2026-08-18T16:59:08.476+09:00 DEBUG 10884 --- [groupware] [nio-8080-exec-7] c.d.g.p.m.P.findByProjectAndUser         : <==      Total: 1
2026-08-18T16:59:08.476+09:00 DEBUG 10884 --- [groupware] [nio-8080-exec-7] c.d.g.p.m.P.findByProjectAndUser         : ==>  Preparing: SELECT * FROM project_members WHERE project_id = ? AND user_id = ?
2026-08-18T16:59:08.477+09:00 DEBUG 10884 --- [groupware] [nio-8080-exec-7] c.d.g.p.m.P.findByProjectAndUser         : ==> Parameters: 4(Long), 1(Long)
2026-08-18T16:59:08.478+09:00 DEBUG 10884 --- [groupware] [nio-8080-exec-7] c.d.g.p.m.P.findByProjectAndUser         : <==      Total: 1
2026-08-18T16:59:08.478+09:00 DEBUG 10884 --- [groupware] [nio-8080-exec-7] c.d.g.p.m.P.findByProjectAndUser         : ==>  Preparing: SELECT * FROM project_members WHERE project_id = ? AND user_id = ?
2026-08-18T16:59:08.479+09:00 DEBUG 10884 --- [groupware] [nio-8080-exec-7] c.d.g.p.m.P.findByProjectAndUser         : ==> Parameters: 3(Long), 1(Long)
2026-08-18T16:59:08.480+09:00 DEBUG 10884 --- [groupware] [nio-8080-exec-7] c.d.g.p.m.P.findByProjectAndUser         : <==      Total: 1
2026-08-18T16:59:08.480+09:00 DEBUG 10884 --- [groupware] [nio-8080-exec-7] c.d.g.p.m.P.findByProjectAndUser         : ==>  Preparing: SELECT * FROM project_members WHERE project_id = ? AND user_id = ?
2026-08-18T16:59:08.480+09:00 DEBUG 10884 --- [groupware] [nio-8080-exec-7] c.d.g.p.m.P.findByProjectAndUser         : ==> Parameters: 4(Long), 1(Long)
2026-08-18T16:59:08.482+09:00 DEBUG 10884 --- [groupware] [nio-8080-exec-7] c.d.g.p.m.P.findByProjectAndUser         : <==      Total: 1
2026-08-18T16:59:08.482+09:00 DEBUG 10884 --- [groupware] [nio-8080-exec-7] c.d.g.p.m.P.findByProjectAndUser         : ==>  Preparing: SELECT * FROM project_members WHERE project_id = ? AND user_id = ?
2026-08-18T16:59:08.482+09:00 DEBUG 10884 --- [groupware] [nio-8080-exec-7] c.d.g.p.m.P.findByProjectAndUser         : ==> Parameters: 6(Long), 1(Long)
2026-08-18T16:59:08.484+09:00 DEBUG 10884 --- [groupware] [nio-8080-exec-7] c.d.g.p.m.P.findByProjectAndUser         : <==      Total: 1
2026-08-18T16:59:08.484+09:00 DEBUG 10884 --- [groupware] [nio-8080-exec-7] c.d.g.p.m.P.findByProjectAndUser         : ==>  Preparing: SELECT * FROM project_members WHERE project_id = ? AND user_id = ?
2026-08-18T16:59:08.484+09:00 DEBUG 10884 --- [groupware] [nio-8080-exec-7] c.d.g.p.m.P.findByProjectAndUser         : ==> Parameters: 3(Long), 1(Long)
2026-08-18T16:59:08.485+09:00 DEBUG 10884 --- [groupware] [nio-8080-exec-7] c.d.g.p.m.P.findByProjectAndUser         : <==      Total: 1
2026-08-18T16:59:11.988+09:00 DEBUG 10884 --- [groupware] [nio-8080-exec-2] c.d.g.n.m.N.countUnread                  : ==>  Preparing: SELECT COUNT(*) FROM notifications WHERE user_id = ? AND is_read = false
2026-08-18T16:59:11.989+09:00 DEBUG 10884 --- [groupware] [nio-8080-exec-2] c.d.g.n.m.N.countUnread                  : ==> Parameters: 1(Long)
2026-08-18T16:59:11.992+09:00 DEBUG 10884 --- [groupware] [nio-8080-exec-2] c.d.g.n.m.N.countUnread                  : <==      Total: 1
2026-08-18T16:59:16.979+09:00 DEBUG 10884 --- [groupware] [nio-8080-exec-6] c.d.g.n.m.N.countUnread                  : ==>  Preparing: SELECT COUNT(*) FROM notifications WHERE user_id = ? AND is_read = false
2026-08-18T16:59:16.980+09:00 DEBUG 10884 --- [groupware] [nio-8080-exec-6] c.d.g.n.m.N.countUnread                  : ==> Parameters: 1(Long)
2026-08-18T16:59:16.983+09:00 DEBUG 10884 --- [groupware] [nio-8080-exec-6] c.d.g.n.m.N.countUnread                  : <==      Total: 1
2026-08-18T16:59:21.976+09:00 DEBUG 10884 --- [groupware] [nio-8080-exec-8] c.d.g.n.m.N.countUnread                  : ==>  Preparing: SELECT COUNT(*) FROM notifications WHERE user_id = ? AND is_read = false
2026-08-18T16:59:21.977+09:00 DEBUG 10884 --- [groupware] [nio-8080-exec-8] c.d.g.n.m.N.countUnread                  : ==> Parameters: 1(Long)
2026-08-18T16:59:21.979+09:00 DEBUG 10884 --- [groupware] [nio-8080-exec-8] c.d.g.n.m.N.countUnread                  : <==      Total: 1
2026-08-18T16:59:26.981+09:00 DEBUG 10884 --- [groupware] [io-8080-exec-10] c.d.g.n.m.N.countUnread                  : ==>  Preparing: SELECT COUNT(*) FROM notifications WHERE user_id = ? AND is_read = false
2026-08-18T16:59:26.982+09:00 DEBUG 10884 --- [groupware] [io-8080-exec-10] c.d.g.n.m.N.countUnread                  : ==> Parameters: 1(Long)
2026-08-18T16:59:26.984+09:00 DEBUG 10884 --- [groupware] [io-8080-exec-10] c.d.g.n.m.N.countUnread                  : <==      Total: 1
2026-08-18T16:59:31.987+09:00 DEBUG 10884 --- [groupware] [nio-8080-exec-1] c.d.g.n.m.N.countUnread                  : ==>  Preparing: SELECT COUNT(*) FROM notifications WHERE user_id = ? AND is_read = false
2026-08-18T16:59:31.988+09:00 DEBUG 10884 --- [groupware] [nio-8080-exec-1] c.d.g.n.m.N.countUnread                  : ==> Parameters: 1(Long)
2026-08-18T16:59:31.990+09:00 DEBUG 10884 --- [groupware] [nio-8080-exec-1] c.d.g.n.m.N.countUnread                  : <==      Total: 1
2026-08-18T16:59:36.989+09:00 DEBUG 10884 --- [groupware] [nio-8080-exec-4] c.d.g.n.m.N.countUnread                  : ==>  Preparing: SELECT COUNT(*) FROM notifications WHERE user_id = ? AND is_read = false
2026-08-18T16:59:36.990+09:00 DEBUG 10884 --- [groupware] [nio-8080-exec-4] c.d.g.n.m.N.countUnread                  : ==> Parameters: 1(Long)
2026-08-18T16:59:36.992+09:00 DEBUG 10884 --- [groupware] [nio-8080-exec-4] c.d.g.n.m.N.countUnread                  : <==      Total: 1
2026-08-18T16:59:41.986+09:00 DEBUG 10884 --- [groupware] [nio-8080-exec-3] c.d.g.n.m.N.countUnread                  : ==>  Preparing: SELECT COUNT(*) FROM notifications WHERE user_id = ? AND is_read = false
2026-08-18T16:59:41.986+09:00 DEBUG 10884 --- [groupware] [nio-8080-exec-3] c.d.g.n.m.N.countUnread                  : ==> Parameters: 1(Long)
2026-08-18T16:59:41.989+09:00 DEBUG 10884 --- [groupware] [nio-8080-exec-3] c.d.g.n.m.N.countUnread                  : <==      Total: 1
